{
"type": "FeatureCollection",
"name": "laos_sensors_cleaned",
"crs": { "type": "name", "properties": { "name": "urn:ogc:def:crs:OGC:1.3:CRS84" } },
"features": [
{ "type": "Feature", "properties": { "id": 225581, "name": "Chalermprakiet Hospital", "locality": "Nan", "timezone": "Asia/Bangkok", "isMobile": false, "isMonitor": true, "instruments": [ { "id": 2, "name": "Government Monitor" }, { "id": 2, "name": "Government Monitor" } ], "sensors": [ { "id": 1304167, "name": "co ppm", "parameter": { "id": 8, "name": "co", "units": "ppm", "displayName": "CO" } }, { "id": 16312620, "name": "no2 ppb", "parameter": { "id": 15, "name": "no2", "units": "ppb", "displayName": "NO₂" } }, { "id": 1304131, "name": "no2 ppm", "parameter": { "id": 7, "name": "no2", "units": "ppm", "displayName": "NO₂" } }, { "id": 1304296, "name": "o3 ppm", "parameter": { "id": 10, "name": "o3", "units": "ppm", "displayName": "O₃" } }, { "id": 1304169, "name": "pm10 µg/m³", "parameter": { "id": 1, "name": "pm10", "units": "µg/m³", "displayName": "PM10" } }, { "id": 1304415, "name": "pm25 µg/m³", "parameter": { "id": 2, "name": "pm25", "units": "µg/m³", "displayName": "PM2.5" } }, { "id": 16312621, "name": "pm25 µg/m³", "parameter": { "id": 2, "name": "pm25", "units": "µg/m³", "displayName": "PM2.5" } }, { "id": 10572344, "name": "so2 ppm", "parameter": { "id": 9, "name": "so2", "units": "ppm", "displayName": "SO₂" } }, { "id": 16312622, "name": "so2 ppb", "parameter": { "id": 101, "name": "so2", "units": "ppb", "displayName": "SO₂" } } ], "licenses": null, "bounds": [ 101.0815166, 19.5759666, 101.0815166, 19.5759666 ], "distance": null, "country.id": 68, "country.code": "LA", "country.name": "Lao PDR", "owner.id": 4, "owner.name": "Unknown Governmental Organization", "provider.id": 118, "provider.name": "Air4Thai", "coordinates.latitude": 19.5759666, "coordinates.longitude": 101.0815166, "datetimeFirst.utc": "2021-04-29T19:00:00Z", "datetimeFirst.local": "2021-04-30T02:00:00+07:00", "datetimeLast.utc": "2026-07-02T02:00:00Z", "datetimeLast.local": "2026-07-02T09:00:00+07:00", "name_right": "Laos", "code": "LAO", "group": "Countries" }, "geometry": { "type": "Point", "coordinates": [ 101.0815166, 19.5759666 ] } },
{ "type": "Feature", "properties": { "id": 1236039, "name": "Ramrachpittayakom school 1, Tha Uthen, Nakhon Phanom ", "locality": null, "timezone": "Asia/Vientiane", "isMobile": false, "isMonitor": false, "instruments": [ { "id": 7, "name": "Unknown AirGradient Sensor" } ], "sensors": [ { "id": 6530260, "name": "pm25 µg/m³", "parameter": { "id": 2, "name": "pm25", "units": "µg/m³", "displayName": "PM2.5" } }, { "id": 6530249, "name": "temperature c", "parameter": { "id": 100, "name": "temperature", "units": "c", "displayName": "Temperature (C)" } } ], "licenses": "[{'id': 41, 'name': 'CC BY 4.0', 'attribution': {'name': 'Unknown Governmental Organization', 'url': None}, 'dateFrom': '2023-07-15', 'dateTo': None}]", "bounds": [ 104.59359950739773, 17.590600899092816, 104.59359950739773, 17.590600899092816 ], "distance": null, "country.id": 68, "country.code": "LA", "country.name": "Lao PDR", "owner.id": 4, "owner.name": "Unknown Governmental Organization", "provider.id": 66, "provider.name": "AirGradient", "coordinates.latitude": 17.590600899092816, "coordinates.longitude": 104.59359950739773, "datetimeFirst.utc": "2023-07-15T13:00:00Z", "datetimeFirst.local": "2023-07-15T20:00:00+07:00", "datetimeLast.utc": "2023-11-27T02:00:00Z", "datetimeLast.local": "2023-11-27T09:00:00+07:00", "name_right": "Laos", "code": "LAO", "group": "Countries" }, "geometry": { "type": "Point", "coordinates": [ 104.593599507397727, 17.590600899092816 ] } },
{ "type": "Feature", "properties": { "id": 1236360, "name": "Bungkan School 1, Mueang, Bungkan", "locality": null, "timezone": "Asia/Vientiane", "isMobile": false, "isMonitor": true, "instruments": [ { "id": 2, "name": "Government Monitor" } ], "sensors": [ { "id": 6530416, "name": "pm25 µg/m³", "parameter": { "id": 2, "name": "pm25", "units": "µg/m³", "displayName": "PM2.5" } }, { "id": 6530414, "name": "temperature c", "parameter": { "id": 100, "name": "temperature", "units": "c", "displayName": "Temperature (C)" } } ], "licenses": null, "bounds": [ 103.66396050996747, 18.389836926387506, 103.66396050996747, 18.389836926387506 ], "distance": null, "country.id": 68, "country.code": "LA", "country.name": "Lao PDR", "owner.id": 4, "owner.name": "Unknown Governmental Organization", "provider.id": 1, "provider.name": null, "coordinates.latitude": 18.389836926387503, "coordinates.longitude": 103.66396050996748, "datetimeFirst.utc": "2023-07-15T13:00:00Z", "datetimeFirst.local": "2023-07-15T20:00:00+07:00", "datetimeLast.utc": "2023-11-01T05:00:00Z", "datetimeLast.local": "2023-11-01T12:00:00+07:00", "name_right": "Laos", "code": "LAO", "group": "Countries" }, "geometry": { "type": "Point", "coordinates": [ 103.663960509967481, 18.389836926387503 ] } },
{ "type": "Feature", "properties": { "id": 3303813, "name": "Sokpaluang Campus, Chemical Engineering, National University of Laos", "locality": null, "timezone": "Asia/Vientiane", "isMobile": false, "isMonitor": false, "instruments": [ { "id": 7, "name": "Unknown AirGradient Sensor" } ], "sensors": [ { "id": 11562382, "name": "pm1 µg/m³", "parameter": { "id": 19, "name": "pm1", "units": "µg/m³", "displayName": "PM1" } }, { "id": 11562364, "name": "pm10 µg/m³", "parameter": { "id": 1, "name": "pm10", "units": "µg/m³", "displayName": "PM10" } }, { "id": 11562373, "name": "pm25 µg/m³", "parameter": { "id": 2, "name": "pm25", "units": "µg/m³", "displayName": "PM2.5" } }, { "id": 11562381, "name": "relativehumidity %", "parameter": { "id": 98, "name": "relativehumidity", "units": "%", "displayName": "RH" } }, { "id": 11562388, "name": "temperature c", "parameter": { "id": 100, "name": "temperature", "units": "c", "displayName": "Temperature (C)" } }, { "id": 11562358, "name": "um003 particles/cm³", "parameter": { "id": 125, "name": "um003", "units": "particles/cm³", "displayName": "PM0.3 count" } } ], "licenses": "[{'id': 41, 'name': 'CC BY 4.0', 'attribution': {'name': 'Unknown Person', 'url': None}, 'dateFrom': '2023-07-15', 'dateTo': None}]", "bounds": [ 102.62606, 17.94495, 102.62606, 17.94495 ], "distance": null, "country.id": 68, "country.code": "LA", "country.name": "Lao PDR", "owner.id": 11509, "owner.name": "Unknown Person", "provider.id": 66, "provider.name": "AirGradient", "coordinates.latitude": 17.94495, "coordinates.longitude": 102.62606, "datetimeFirst.utc": "2024-12-07T09:00:00Z", "datetimeFirst.local": "2024-12-07T16:00:00+07:00", "datetimeLast.utc": "2024-12-10T12:00:00Z", "datetimeLast.local": "2024-12-10T19:00:00+07:00", "name_right": "Laos", "code": "LAO", "group": "Countries" }, "geometry": { "type": "Point", "coordinates": [ 102.62606, 17.94495 ] } },
{ "type": "Feature", "properties": { "id": 3478630, "name": "Santiphab Secondary School - Luangprabang, Luangprabang ມັດທະຍົມ ສັນຕິພາບ", "locality": null, "timezone": "Asia/Vientiane", "isMobile": false, "isMonitor": false, "instruments": [ { "id": 7, "name": "Unknown AirGradient Sensor" } ], "sensors": [ { "id": 12311486, "name": "pm1 µg/m³", "parameter": { "id": 19, "name": "pm1", "units": "µg/m³", "displayName": "PM1" } }, { "id": 12311487, "name": "pm25 µg/m³", "parameter": { "id": 2, "name": "pm25", "units": "µg/m³", "displayName": "PM2.5" } }, { "id": 12311488, "name": "relativehumidity %", "parameter": { "id": 98, "name": "relativehumidity", "units": "%", "displayName": "RH" } }, { "id": 12311489, "name": "temperature c", "parameter": { "id": 100, "name": "temperature", "units": "c", "displayName": "Temperature (C)" } }, { "id": 12311490, "name": "um003 particles/cm³", "parameter": { "id": 125, "name": "um003", "units": "particles/cm³", "displayName": "PM0.3 count" } } ], "licenses": "[{'id': 41, 'name': 'CC BY 4.0', 'attribution': {'name': 'UNICEF', 'url': None}, 'dateFrom': '2023-07-15', 'dateTo': None}]", "bounds": [ 102.139832, 19.880332, 102.139832, 19.880332 ], "distance": null, "country.id": 68, "country.code": "LA", "country.name": "Lao PDR", "owner.id": 11271, "owner.name": "UNICEF", "provider.id": 66, "provider.name": "AirGradient", "coordinates.latitude": 19.880332, "coordinates.longitude": 102.139832, "datetimeFirst.utc": "2025-02-26T05:00:00Z", "datetimeFirst.local": "2025-02-26T12:00:00+07:00", "datetimeLast.utc": "2026-06-30T06:00:00Z", "datetimeLast.local": "2026-06-30T13:00:00+07:00", "name_right": "Laos", "code": "LAO", "group": "Countries" }, "geometry": { "type": "Point", "coordinates": [ 102.139832, 19.880332 ] } },
{ "type": "Feature", "properties": { "id": 3478631, "name": "Thaphabath Secondary School - Thaphabath, Bolikhamxai", "locality": null, "timezone": "Asia/Vientiane", "isMobile": false, "isMonitor": false, "instruments": [ { "id": 7, "name": "Unknown AirGradient Sensor" } ], "sensors": [ { "id": 12311496, "name": "pm1 µg/m³", "parameter": { "id": 19, "name": "pm1", "units": "µg/m³", "displayName": "PM1" } }, { "id": 12311497, "name": "pm25 µg/m³", "parameter": { "id": 2, "name": "pm25", "units": "µg/m³", "displayName": "PM2.5" } }, { "id": 12311498, "name": "relativehumidity %", "parameter": { "id": 98, "name": "relativehumidity", "units": "%", "displayName": "RH" } }, { "id": 12311499, "name": "temperature c", "parameter": { "id": 100, "name": "temperature", "units": "c", "displayName": "Temperature (C)" } }, { "id": 12311500, "name": "um003 particles/cm³", "parameter": { "id": 125, "name": "um003", "units": "particles/cm³", "displayName": "PM0.3 count" } } ], "licenses": "[{'id': 41, 'name': 'CC BY 4.0', 'attribution': {'name': 'UNICEF', 'url': None}, 'dateFrom': '2023-07-15', 'dateTo': None}]", "bounds": [ 103.198076, 18.356826, 103.198076, 18.356826 ], "distance": null, "country.id": 68, "country.code": "LA", "country.name": "Lao PDR", "owner.id": 11271, "owner.name": "UNICEF", "provider.id": 66, "provider.name": "AirGradient", "coordinates.latitude": 18.356826, "coordinates.longitude": 103.198076, "datetimeFirst.utc": "2025-02-26T05:00:00Z", "datetimeFirst.local": "2025-02-26T12:00:00+07:00", "datetimeLast.utc": "2026-07-07T03:00:00Z", "datetimeLast.local": "2026-07-07T10:00:00+07:00", "name_right": "Laos", "code": "LAO", "group": "Countries" }, "geometry": { "type": "Point", "coordinates": [ 103.198076, 18.356826 ] } },
{ "type": "Feature", "properties": { "id": 3484329, "name": "Chomphet Secondary School - Chomphet, Luangprabang ມັດທະຍົມສົມບູນ ຈອມເພັດ", "locality": null, "timezone": "Asia/Vientiane", "isMobile": false, "isMonitor": false, "instruments": [ { "id": 7, "name": "Unknown AirGradient Sensor" } ], "sensors": [ { "id": 12311491, "name": "pm1 µg/m³", "parameter": { "id": 19, "name": "pm1", "units": "µg/m³", "displayName": "PM1" } }, { "id": 12311492, "name": "pm25 µg/m³", "parameter": { "id": 2, "name": "pm25", "units": "µg/m³", "displayName": "PM2.5" } }, { "id": 12311493, "name": "relativehumidity %", "parameter": { "id": 98, "name": "relativehumidity", "units": "%", "displayName": "RH" } }, { "id": 12311494, "name": "temperature c", "parameter": { "id": 100, "name": "temperature", "units": "c", "displayName": "Temperature (C)" } }, { "id": 12311495, "name": "um003 particles/cm³", "parameter": { "id": 125, "name": "um003", "units": "particles/cm³", "displayName": "PM0.3 count" } } ], "licenses": "[{'id': 41, 'name': 'CC BY 4.0', 'attribution': {'name': 'UNICEF', 'url': None}, 'dateFrom': '2023-07-15', 'dateTo': None}]", "bounds": [ 102.129102, 19.908009, 102.129102, 19.908009 ], "distance": null, "country.id": 68, "country.code": "LA", "country.name": "Lao PDR", "owner.id": 11271, "owner.name": "UNICEF", "provider.id": 66, "provider.name": "AirGradient", "coordinates.latitude": 19.908009, "coordinates.longitude": 102.129102, "datetimeFirst.utc": "2025-02-26T05:00:00Z", "datetimeFirst.local": "2025-02-26T12:00:00+07:00", "datetimeLast.utc": "2025-04-12T16:00:00Z", "datetimeLast.local": "2025-04-12T23:00:00+07:00", "name_right": "Laos", "code": "LAO", "group": "Countries" }, "geometry": { "type": "Point", "coordinates": [ 102.129102, 19.908009 ] } },
{ "type": "Feature", "properties": { "id": 3487377, "name": "Kiwkachum Secondary School - XiengNgeun, Luangprabang ມັດທະຍົມ ກິ່ວກະຈຳ", "locality": null, "timezone": "Asia/Vientiane", "isMobile": false, "isMonitor": false, "instruments": [ { "id": 7, "name": "Unknown AirGradient Sensor" } ], "sensors": [ { "id": 12305885, "name": "pm1 µg/m³", "parameter": { "id": 19, "name": "pm1", "units": "µg/m³", "displayName": "PM1" } }, { "id": 12305886, "name": "pm25 µg/m³", "parameter": { "id": 2, "name": "pm25", "units": "µg/m³", "displayName": "PM2.5" } }, { "id": 12305887, "name": "relativehumidity %", "parameter": { "id": 98, "name": "relativehumidity", "units": "%", "displayName": "RH" } }, { "id": 12305888, "name": "temperature c", "parameter": { "id": 100, "name": "temperature", "units": "c", "displayName": "Temperature (C)" } }, { "id": 12305889, "name": "um003 particles/cm³", "parameter": { "id": 125, "name": "um003", "units": "particles/cm³", "displayName": "PM0.3 count" } } ], "licenses": "[{'id': 41, 'name': 'CC BY 4.0', 'attribution': {'name': 'UNICEF', 'url': None}, 'dateFrom': '2023-07-15', 'dateTo': None}]", "bounds": [ 102.234, 19.555, 102.234, 19.555 ], "distance": null, "country.id": 68, "country.code": "LA", "country.name": "Lao PDR", "owner.id": 11271, "owner.name": "UNICEF", "provider.id": 66, "provider.name": "AirGradient", "coordinates.latitude": 19.555, "coordinates.longitude": 102.234, "datetimeFirst.utc": "2025-02-25T16:00:00Z", "datetimeFirst.local": "2025-02-25T23:00:00+07:00", "datetimeLast.utc": "2026-07-07T03:00:00Z", "datetimeLast.local": "2026-07-07T10:00:00+07:00", "name_right": "Laos", "code": "LAO", "group": "Countries" }, "geometry": { "type": "Point", "coordinates": [ 102.234, 19.555 ] } },
{ "type": "Feature", "properties": { "id": 3493785, "name": "PakXeng Secondary School - PakXeng, Luangprabang ມັດທະຍົມສົມບູນ ປາກແຊງ", "locality": null, "timezone": "Asia/Vientiane", "isMobile": false, "isMonitor": false, "instruments": [ { "id": 7, "name": "Unknown AirGradient Sensor" } ], "sensors": [ { "id": 12305880, "name": "pm1 µg/m³", "parameter": { "id": 19, "name": "pm1", "units": "µg/m³", "displayName": "PM1" } }, { "id": 12305881, "name": "pm25 µg/m³", "parameter": { "id": 2, "name": "pm25", "units": "µg/m³", "displayName": "PM2.5" } }, { "id": 12305882, "name": "relativehumidity %", "parameter": { "id": 98, "name": "relativehumidity", "units": "%", "displayName": "RH" } }, { "id": 12305883, "name": "temperature c", "parameter": { "id": 100, "name": "temperature", "units": "c", "displayName": "Temperature (C)" } }, { "id": 12305884, "name": "um003 particles/cm³", "parameter": { "id": 125, "name": "um003", "units": "particles/cm³", "displayName": "PM0.3 count" } } ], "licenses": "[{'id': 41, 'name': 'CC BY 4.0', 'attribution': {'name': 'UNICEF', 'url': None}, 'dateFrom': '2023-07-15', 'dateTo': None}]", "bounds": [ 102.675657, 20.174492, 102.675657, 20.174492 ], "distance": null, "country.id": 68, "country.code": "LA", "country.name": "Lao PDR", "owner.id": 11271, "owner.name": "UNICEF", "provider.id": 66, "provider.name": "AirGradient", "coordinates.latitude": 20.174492, "coordinates.longitude": 102.675657, "datetimeFirst.utc": "2025-02-25T16:00:00Z", "datetimeFirst.local": "2025-02-25T23:00:00+07:00", "datetimeLast.utc": "2026-07-07T03:00:00Z", "datetimeLast.local": "2026-07-07T10:00:00+07:00", "name_right": "Laos", "code": "LAO", "group": "Countries" }, "geometry": { "type": "Point", "coordinates": [ 102.675657, 20.174492 ] } },
{ "type": "Feature", "properties": { "id": 3493786, "name": "Thakhek - Khammouan ", "locality": null, "timezone": "Asia/Vientiane", "isMobile": false, "isMonitor": false, "instruments": [ { "id": 7, "name": "Unknown AirGradient Sensor" } ], "sensors": [ { "id": 12305890, "name": "pm1 µg/m³", "parameter": { "id": 19, "name": "pm1", "units": "µg/m³", "displayName": "PM1" } }, { "id": 12305891, "name": "pm25 µg/m³", "parameter": { "id": 2, "name": "pm25", "units": "µg/m³", "displayName": "PM2.5" } }, { "id": 12305892, "name": "relativehumidity %", "parameter": { "id": 98, "name": "relativehumidity", "units": "%", "displayName": "RH" } }, { "id": 12305893, "name": "temperature c", "parameter": { "id": 100, "name": "temperature", "units": "c", "displayName": "Temperature (C)" } }, { "id": 12305894, "name": "um003 particles/cm³", "parameter": { "id": 125, "name": "um003", "units": "particles/cm³", "displayName": "PM0.3 count" } } ], "licenses": "[{'id': 41, 'name': 'CC BY 4.0', 'attribution': {'name': 'UNICEF', 'url': None}, 'dateFrom': '2023-07-15', 'dateTo': None}]", "bounds": [ 104.807495, 17.392668, 104.807495, 17.392668 ], "distance": null, "country.id": 68, "country.code": "LA", "country.name": "Lao PDR", "owner.id": 11271, "owner.name": "UNICEF", "provider.id": 66, "provider.name": "AirGradient", "coordinates.latitude": 17.392668, "coordinates.longitude": 104.807495, "datetimeFirst.utc": "2025-02-25T16:00:00Z", "datetimeFirst.local": "2025-02-25T23:00:00+07:00", "datetimeLast.utc": "2026-07-07T03:00:00Z", "datetimeLast.local": "2026-07-07T10:00:00+07:00", "name_right": "Laos", "code": "LAO", "group": "Countries" }, "geometry": { "type": "Point", "coordinates": [ 104.807495, 17.392668 ] } },
{ "type": "Feature", "properties": { "id": 3493787, "name": "Xebangfay Secondary School - Xebangfay, Khammouane ມັດທະຍົມສົມບູນ ເຊບັ້ງໄຟ", "locality": null, "timezone": "Asia/Vientiane", "isMobile": false, "isMonitor": false, "instruments": [ { "id": 7, "name": "Unknown AirGradient Sensor" } ], "sensors": [ { "id": 12311501, "name": "pm1 µg/m³", "parameter": { "id": 19, "name": "pm1", "units": "µg/m³", "displayName": "PM1" } }, { "id": 12311502, "name": "pm25 µg/m³", "parameter": { "id": 2, "name": "pm25", "units": "µg/m³", "displayName": "PM2.5" } }, { "id": 12311503, "name": "relativehumidity %", "parameter": { "id": 98, "name": "relativehumidity", "units": "%", "displayName": "RH" } }, { "id": 12311504, "name": "temperature c", "parameter": { "id": 100, "name": "temperature", "units": "c", "displayName": "Temperature (C)" } }, { "id": 12311505, "name": "um003 particles/cm³", "parameter": { "id": 125, "name": "um003", "units": "particles/cm³", "displayName": "PM0.3 count" } } ], "licenses": "[{'id': 41, 'name': 'CC BY 4.0', 'attribution': {'name': 'UNICEF', 'url': None}, 'dateFrom': '2023-07-15', 'dateTo': None}]", "bounds": [ 104.981631, 17.086149, 104.981631, 17.086149 ], "distance": null, "country.id": 68, "country.code": "LA", "country.name": "Lao PDR", "owner.id": 11271, "owner.name": "UNICEF", "provider.id": 66, "provider.name": "AirGradient", "coordinates.latitude": 17.086149, "coordinates.longitude": 104.981631, "datetimeFirst.utc": "2025-02-26T05:00:00Z", "datetimeFirst.local": "2025-02-26T12:00:00+07:00", "datetimeLast.utc": "2026-07-07T03:00:00Z", "datetimeLast.local": "2026-07-07T10:00:00+07:00", "name_right": "Laos", "code": "LAO", "group": "Countries" }, "geometry": { "type": "Point", "coordinates": [ 104.981631, 17.086149 ] } },
{ "type": "Feature", "properties": { "id": 3499026, "name": "Phoukhoune Secondary School - Phoukhoune, Luangprabang ມັດທະຍົມ ພູຄູນ", "locality": null, "timezone": "Asia/Vientiane", "isMobile": false, "isMonitor": false, "instruments": [ { "id": 7, "name": "Unknown AirGradient Sensor" } ], "sensors": [ { "id": 12310828, "name": "pm1 µg/m³", "parameter": { "id": 19, "name": "pm1", "units": "µg/m³", "displayName": "PM1" } }, { "id": 12310829, "name": "pm25 µg/m³", "parameter": { "id": 2, "name": "pm25", "units": "µg/m³", "displayName": "PM2.5" } }, { "id": 12310830, "name": "relativehumidity %", "parameter": { "id": 98, "name": "relativehumidity", "units": "%", "displayName": "RH" } }, { "id": 12310831, "name": "temperature c", "parameter": { "id": 100, "name": "temperature", "units": "c", "displayName": "Temperature (C)" } }, { "id": 12310832, "name": "um003 particles/cm³", "parameter": { "id": 125, "name": "um003", "units": "particles/cm³", "displayName": "PM0.3 count" } } ], "licenses": "[{'id': 41, 'name': 'CC BY 4.0', 'attribution': {'name': 'UNICEF', 'url': None}, 'dateFrom': '2023-07-15', 'dateTo': None}]", "bounds": [ 102.428042, 19.438824, 102.428042, 19.438824 ], "distance": null, "country.id": 68, "country.code": "LA", "country.name": "Lao PDR", "owner.id": 11271, "owner.name": "UNICEF", "provider.id": 66, "provider.name": "AirGradient", "coordinates.latitude": 19.438824, "coordinates.longitude": 102.428042, "datetimeFirst.utc": "2025-02-26T05:00:00Z", "datetimeFirst.local": "2025-02-26T12:00:00+07:00", "datetimeLast.utc": "2026-07-07T03:00:00Z", "datetimeLast.local": "2026-07-07T10:00:00+07:00", "name_right": "Laos", "code": "LAO", "group": "Countries" }, "geometry": { "type": "Point", "coordinates": [ 102.428042, 19.438824 ] } },
{ "type": "Feature", "properties": { "id": 3501136, "name": "Paktha - Bokeo", "locality": null, "timezone": "Asia/Vientiane", "isMobile": false, "isMonitor": false, "instruments": [ { "id": 7, "name": "Unknown AirGradient Sensor" } ], "sensors": [ { "id": 12312483, "name": "pm1 µg/m³", "parameter": { "id": 19, "name": "pm1", "units": "µg/m³", "displayName": "PM1" } }, { "id": 12312484, "name": "pm25 µg/m³", "parameter": { "id": 2, "name": "pm25", "units": "µg/m³", "displayName": "PM2.5" } }, { "id": 12312485, "name": "relativehumidity %", "parameter": { "id": 98, "name": "relativehumidity", "units": "%", "displayName": "RH" } }, { "id": 12312486, "name": "temperature c", "parameter": { "id": 100, "name": "temperature", "units": "c", "displayName": "Temperature (C)" } }, { "id": 12312487, "name": "um003 particles/cm³", "parameter": { "id": 125, "name": "um003", "units": "particles/cm³", "displayName": "PM0.3 count" } } ], "licenses": "[{'id': 41, 'name': 'CC BY 4.0', 'attribution': {'name': 'UNICEF', 'url': None}, 'dateFrom': '2023-07-15', 'dateTo': None}]", "bounds": [ 100.597269, 20.105423, 100.597269, 20.105423 ], "distance": null, "country.id": 68, "country.code": "LA", "country.name": "Lao PDR", "owner.id": 11271, "owner.name": "UNICEF", "provider.id": 66, "provider.name": "AirGradient", "coordinates.latitude": 20.105423, "coordinates.longitude": 100.597269, "datetimeFirst.utc": "2025-02-26T07:00:00Z", "datetimeFirst.local": "2025-02-26T14:00:00+07:00", "datetimeLast.utc": "2026-07-07T03:00:00Z", "datetimeLast.local": "2026-07-07T10:00:00+07:00", "name_right": "Laos", "code": "LAO", "group": "Countries" }, "geometry": { "type": "Point", "coordinates": [ 100.597269, 20.105423 ] } },
{ "type": "Feature", "properties": { "id": 3501137, "name": "Phonxay Secpondary School - Phonxay, Luangprabang ມັດທະຍົມສົມບູນ ເມືອງໂພນໄຊ", "locality": null, "timezone": "Asia/Vientiane", "isMobile": false, "isMonitor": false, "instruments": [ { "id": 7, "name": "Unknown AirGradient Sensor" } ], "sensors": [ { "id": 12312488, "name": "pm1 µg/m³", "parameter": { "id": 19, "name": "pm1", "units": "µg/m³", "displayName": "PM1" } }, { "id": 12312489, "name": "pm25 µg/m³", "parameter": { "id": 2, "name": "pm25", "units": "µg/m³", "displayName": "PM2.5" } }, { "id": 12312490, "name": "relativehumidity %", "parameter": { "id": 98, "name": "relativehumidity", "units": "%", "displayName": "RH" } }, { "id": 12312491, "name": "temperature c", "parameter": { "id": 100, "name": "temperature", "units": "c", "displayName": "Temperature (C)" } }, { "id": 12312492, "name": "um003 particles/cm³", "parameter": { "id": 125, "name": "um003", "units": "particles/cm³", "displayName": "PM0.3 count" } } ], "licenses": "[{'id': 41, 'name': 'CC BY 4.0', 'attribution': {'name': 'UNICEF', 'url': None}, 'dateFrom': '2023-07-15', 'dateTo': None}]", "bounds": [ 102.572347, 19.958916, 102.572347, 19.958916 ], "distance": null, "country.id": 68, "country.code": "LA", "country.name": "Lao PDR", "owner.id": 11271, "owner.name": "UNICEF", "provider.id": 66, "provider.name": "AirGradient", "coordinates.latitude": 19.958916, "coordinates.longitude": 102.572347, "datetimeFirst.utc": "2025-02-26T09:00:00Z", "datetimeFirst.local": "2025-02-26T16:00:00+07:00", "datetimeLast.utc": "2026-07-07T03:00:00Z", "datetimeLast.local": "2026-07-07T10:00:00+07:00", "name_right": "Laos", "code": "LAO", "group": "Countries" }, "geometry": { "type": "Point", "coordinates": [ 102.572347, 19.958916 ] } },
{ "type": "Feature", "properties": { "id": 3503721, "name": "Vientiane Secondary School - Chanthabuly, Vientiane Capital ມັດທະຍົມ ວຽງຈັນ", "locality": null, "timezone": "Asia/Vientiane", "isMobile": false, "isMonitor": false, "instruments": [ { "id": 7, "name": "Unknown AirGradient Sensor" } ], "sensors": [ { "id": 12314077, "name": "pm1 µg/m³", "parameter": { "id": 19, "name": "pm1", "units": "µg/m³", "displayName": "PM1" } }, { "id": 12314078, "name": "pm25 µg/m³", "parameter": { "id": 2, "name": "pm25", "units": "µg/m³", "displayName": "PM2.5" } }, { "id": 12314079, "name": "relativehumidity %", "parameter": { "id": 98, "name": "relativehumidity", "units": "%", "displayName": "RH" } }, { "id": 12314080, "name": "temperature c", "parameter": { "id": 100, "name": "temperature", "units": "c", "displayName": "Temperature (C)" } }, { "id": 12314081, "name": "um003 particles/cm³", "parameter": { "id": 125, "name": "um003", "units": "particles/cm³", "displayName": "PM0.3 count" } } ], "licenses": "[{'id': 41, 'name': 'CC BY 4.0', 'attribution': {'name': 'UNICEF', 'url': None}, 'dateFrom': '2023-07-15', 'dateTo': None}]", "bounds": [ 102.616937, 17.970177, 102.616937, 17.970177 ], "distance": null, "country.id": 68, "country.code": "LA", "country.name": "Lao PDR", "owner.id": 11271, "owner.name": "UNICEF", "provider.id": 66, "provider.name": "AirGradient", "coordinates.latitude": 17.970177, "coordinates.longitude": 102.616937, "datetimeFirst.utc": "2025-02-26T11:00:00Z", "datetimeFirst.local": "2025-02-26T18:00:00+07:00", "datetimeLast.utc": "2025-10-08T04:00:00Z", "datetimeLast.local": "2025-10-08T11:00:00+07:00", "name_right": "Laos", "code": "LAO", "group": "Countries" }, "geometry": { "type": "Point", "coordinates": [ 102.616937, 17.970177 ] } },
{ "type": "Feature", "properties": { "id": 3503722, "name": "Nampook Secondary School - Huoixai, Bokeo ມັດທະຍົມສົມບູນ ນ້ຳປຸກ", "locality": null, "timezone": "Asia/Vientiane", "isMobile": false, "isMonitor": false, "instruments": [ { "id": 7, "name": "Unknown AirGradient Sensor" } ], "sensors": [ { "id": 12314082, "name": "pm1 µg/m³", "parameter": { "id": 19, "name": "pm1", "units": "µg/m³", "displayName": "PM1" } }, { "id": 12314083, "name": "pm25 µg/m³", "parameter": { "id": 2, "name": "pm25", "units": "µg/m³", "displayName": "PM2.5" } }, { "id": 12314084, "name": "relativehumidity %", "parameter": { "id": 98, "name": "relativehumidity", "units": "%", "displayName": "RH" } }, { "id": 12314085, "name": "temperature c", "parameter": { "id": 100, "name": "temperature", "units": "c", "displayName": "Temperature (C)" } }, { "id": 12314086, "name": "um003 particles/cm³", "parameter": { "id": 125, "name": "um003", "units": "particles/cm³", "displayName": "PM0.3 count" } } ], "licenses": "[{'id': 41, 'name': 'CC BY 4.0', 'attribution': {'name': 'UNICEF', 'url': None}, 'dateFrom': '2023-07-15', 'dateTo': None}]", "bounds": [ 100.565439, 20.217811, 100.565439, 20.217811 ], "distance": null, "country.id": 68, "country.code": "LA", "country.name": "Lao PDR", "owner.id": 11271, "owner.name": "UNICEF", "provider.id": 66, "provider.name": "AirGradient", "coordinates.latitude": 20.217811, "coordinates.longitude": 100.565439, "datetimeFirst.utc": "2025-02-26T11:00:00Z", "datetimeFirst.local": "2025-02-26T18:00:00+07:00", "datetimeLast.utc": "2026-06-26T10:00:00Z", "datetimeLast.local": "2026-06-26T17:00:00+07:00", "name_right": "Laos", "code": "LAO", "group": "Countries" }, "geometry": { "type": "Point", "coordinates": [ 100.565439, 20.217811 ] } },
{ "type": "Feature", "properties": { "id": 3503723, "name": "Pakkading - Bolikhamxai ", "locality": null, "timezone": "Asia/Vientiane", "isMobile": false, "isMonitor": false, "instruments": [ { "id": 7, "name": "Unknown AirGradient Sensor" } ], "sensors": [ { "id": 12314087, "name": "pm1 µg/m³", "parameter": { "id": 19, "name": "pm1", "units": "µg/m³", "displayName": "PM1" } }, { "id": 12314088, "name": "pm25 µg/m³", "parameter": { "id": 2, "name": "pm25", "units": "µg/m³", "displayName": "PM2.5" } }, { "id": 12314089, "name": "relativehumidity %", "parameter": { "id": 98, "name": "relativehumidity", "units": "%", "displayName": "RH" } }, { "id": 12314090, "name": "temperature c", "parameter": { "id": 100, "name": "temperature", "units": "c", "displayName": "Temperature (C)" } }, { "id": 12314091, "name": "um003 particles/cm³", "parameter": { "id": 125, "name": "um003", "units": "particles/cm³", "displayName": "PM0.3 count" } } ], "licenses": "[{'id': 41, 'name': 'CC BY 4.0', 'attribution': {'name': 'UNICEF', 'url': None}, 'dateFrom': '2023-07-15', 'dateTo': None}]", "bounds": [ 104.281265, 18.109902, 104.281265, 18.109902 ], "distance": null, "country.id": 68, "country.code": "LA", "country.name": "Lao PDR", "owner.id": 11271, "owner.name": "UNICEF", "provider.id": 66, "provider.name": "AirGradient", "coordinates.latitude": 18.109902, "coordinates.longitude": 104.281265, "datetimeFirst.utc": "2025-02-26T11:00:00Z", "datetimeFirst.local": "2025-02-26T18:00:00+07:00", "datetimeLast.utc": "2026-07-07T03:00:00Z", "datetimeLast.local": "2026-07-07T10:00:00+07:00", "name_right": "Laos", "code": "LAO", "group": "Countries" }, "geometry": { "type": "Point", "coordinates": [ 104.281265, 18.109902 ] } },
{ "type": "Feature", "properties": { "id": 3503724, "name": "Nakhonxay Secondary School - Khamkeuth, - Borikhamxai ມັດທະຍົມ ນະຄອນໄຊ", "locality": null, "timezone": "Asia/Vientiane", "isMobile": false, "isMonitor": false, "instruments": [ { "id": 7, "name": "Unknown AirGradient Sensor" } ], "sensors": [ { "id": 12314092, "name": "pm1 µg/m³", "parameter": { "id": 19, "name": "pm1", "units": "µg/m³", "displayName": "PM1" } }, { "id": 12314093, "name": "pm25 µg/m³", "parameter": { "id": 2, "name": "pm25", "units": "µg/m³", "displayName": "PM2.5" } }, { "id": 12314094, "name": "relativehumidity %", "parameter": { "id": 98, "name": "relativehumidity", "units": "%", "displayName": "RH" } }, { "id": 12314095, "name": "temperature c", "parameter": { "id": 100, "name": "temperature", "units": "c", "displayName": "Temperature (C)" } }, { "id": 12314096, "name": "um003 particles/cm³", "parameter": { "id": 125, "name": "um003", "units": "particles/cm³", "displayName": "PM0.3 count" } } ], "licenses": "[{'id': 41, 'name': 'CC BY 4.0', 'attribution': {'name': 'UNICEF', 'url': None}, 'dateFrom': '2023-07-15', 'dateTo': None}]", "bounds": [ 104.983958, 18.185553, 104.983958, 18.185553 ], "distance": null, "country.id": 68, "country.code": "LA", "country.name": "Lao PDR", "owner.id": 11271, "owner.name": "UNICEF", "provider.id": 66, "provider.name": "AirGradient", "coordinates.latitude": 18.185553, "coordinates.longitude": 104.983958, "datetimeFirst.utc": "2025-02-26T11:00:00Z", "datetimeFirst.local": "2025-02-26T18:00:00+07:00", "datetimeLast.utc": "2026-07-07T03:00:00Z", "datetimeLast.local": "2026-07-07T10:00:00+07:00", "name_right": "Laos", "code": "LAO", "group": "Countries" }, "geometry": { "type": "Point", "coordinates": [ 104.983958, 18.185553 ] } },
{ "type": "Feature", "properties": { "id": 3503725, "name": "Nhommalath - Khammouan ", "locality": null, "timezone": "Asia/Vientiane", "isMobile": false, "isMonitor": false, "instruments": [ { "id": 7, "name": "Unknown AirGradient Sensor" } ], "sensors": [ { "id": 12314097, "name": "pm1 µg/m³", "parameter": { "id": 19, "name": "pm1", "units": "µg/m³", "displayName": "PM1" } }, { "id": 12314098, "name": "pm25 µg/m³", "parameter": { "id": 2, "name": "pm25", "units": "µg/m³", "displayName": "PM2.5" } }, { "id": 12314099, "name": "relativehumidity %", "parameter": { "id": 98, "name": "relativehumidity", "units": "%", "displayName": "RH" } }, { "id": 12314100, "name": "temperature c", "parameter": { "id": 100, "name": "temperature", "units": "c", "displayName": "Temperature (C)" } }, { "id": 12314101, "name": "um003 particles/cm³", "parameter": { "id": 125, "name": "um003", "units": "particles/cm³", "displayName": "PM0.3 count" } } ], "licenses": "[{'id': 41, 'name': 'CC BY 4.0', 'attribution': {'name': 'UNICEF', 'url': None}, 'dateFrom': '2023-07-15', 'dateTo': None}]", "bounds": [ 105.170282, 17.614203, 105.170282, 17.614203 ], "distance": null, "country.id": 68, "country.code": "LA", "country.name": "Lao PDR", "owner.id": 11271, "owner.name": "UNICEF", "provider.id": 66, "provider.name": "AirGradient", "coordinates.latitude": 17.614203, "coordinates.longitude": 105.170282, "datetimeFirst.utc": "2025-02-26T11:00:00Z", "datetimeFirst.local": "2025-02-26T18:00:00+07:00", "datetimeLast.utc": "2026-07-07T03:00:00Z", "datetimeLast.local": "2026-07-07T10:00:00+07:00", "name_right": "Laos", "code": "LAO", "group": "Countries" }, "geometry": { "type": "Point", "coordinates": [ 105.170282, 17.614203 ] } },
{ "type": "Feature", "properties": { "id": 3510962, "name": "Viengthong - Bolikhamxai", "locality": null, "timezone": "Asia/Vientiane", "isMobile": false, "isMonitor": false, "instruments": [ { "id": 7, "name": "Unknown AirGradient Sensor" } ], "sensors": [ { "id": 12860779, "name": "pm1 µg/m³", "parameter": { "id": 19, "name": "pm1", "units": "µg/m³", "displayName": "PM1" } }, { "id": 12860780, "name": "pm25 µg/m³", "parameter": { "id": 2, "name": "pm25", "units": "µg/m³", "displayName": "PM2.5" } }, { "id": 12860781, "name": "relativehumidity %", "parameter": { "id": 98, "name": "relativehumidity", "units": "%", "displayName": "RH" } }, { "id": 12860782, "name": "temperature c", "parameter": { "id": 100, "name": "temperature", "units": "c", "displayName": "Temperature (C)" } }, { "id": 12860783, "name": "um003 particles/cm³", "parameter": { "id": 125, "name": "um003", "units": "particles/cm³", "displayName": "PM0.3 count" } } ], "licenses": "[{'id': 41, 'name': 'CC BY 4.0', 'attribution': {'name': 'UNICEF', 'url': None}, 'dateFrom': '2023-07-15', 'dateTo': None}]", "bounds": [ 104.442835, 18.512354, 104.442835, 18.512354 ], "distance": null, "country.id": 68, "country.code": "LA", "country.name": "Lao PDR", "owner.id": 11271, "owner.name": "UNICEF", "provider.id": 66, "provider.name": "AirGradient", "coordinates.latitude": 18.512354, "coordinates.longitude": 104.442835, "datetimeFirst.utc": "2025-04-23T02:00:00Z", "datetimeFirst.local": "2025-04-23T09:00:00+07:00", "datetimeLast.utc": "2026-07-07T03:00:00Z", "datetimeLast.local": "2026-07-07T10:00:00+07:00", "name_right": "Laos", "code": "LAO", "group": "Countries" }, "geometry": { "type": "Point", "coordinates": [ 104.442835, 18.512354 ] } },
{ "type": "Feature", "properties": { "id": 3510963, "name": "Nongbok - Khammouan", "locality": null, "timezone": "Asia/Vientiane", "isMobile": false, "isMonitor": false, "instruments": [ { "id": 7, "name": "Unknown AirGradient Sensor" } ], "sensors": [ { "id": 12320591, "name": "pm1 µg/m³", "parameter": { "id": 19, "name": "pm1", "units": "µg/m³", "displayName": "PM1" } }, { "id": 12320592, "name": "pm25 µg/m³", "parameter": { "id": 2, "name": "pm25", "units": "µg/m³", "displayName": "PM2.5" } }, { "id": 12320593, "name": "relativehumidity %", "parameter": { "id": 98, "name": "relativehumidity", "units": "%", "displayName": "RH" } }, { "id": 12320594, "name": "temperature c", "parameter": { "id": 100, "name": "temperature", "units": "c", "displayName": "Temperature (C)" } }, { "id": 12320595, "name": "um003 particles/cm³", "parameter": { "id": 125, "name": "um003", "units": "particles/cm³", "displayName": "PM0.3 count" } } ], "licenses": "[{'id': 41, 'name': 'CC BY 4.0', 'attribution': {'name': 'UNICEF', 'url': None}, 'dateFrom': '2023-07-15', 'dateTo': None}]", "bounds": [ 104.81156, 16.962416, 104.81156, 16.962416 ], "distance": null, "country.id": 68, "country.code": "LA", "country.name": "Lao PDR", "owner.id": 11271, "owner.name": "UNICEF", "provider.id": 66, "provider.name": "AirGradient", "coordinates.latitude": 16.962416, "coordinates.longitude": 104.81156, "datetimeFirst.utc": "2025-02-27T04:00:00Z", "datetimeFirst.local": "2025-02-27T11:00:00+07:00", "datetimeLast.utc": "2026-07-07T03:00:00Z", "datetimeLast.local": "2026-07-07T10:00:00+07:00", "name_right": "Laos", "code": "LAO", "group": "Countries" }, "geometry": { "type": "Point", "coordinates": [ 104.81156, 16.962416 ] } },
{ "type": "Feature", "properties": { "id": 3510964, "name": "Lamarm - Sekong ", "locality": null, "timezone": "Asia/Vientiane", "isMobile": false, "isMonitor": false, "instruments": [ { "id": 7, "name": "Unknown AirGradient Sensor" } ], "sensors": [ { "id": 12320596, "name": "pm1 µg/m³", "parameter": { "id": 19, "name": "pm1", "units": "µg/m³", "displayName": "PM1" } }, { "id": 12320597, "name": "pm25 µg/m³", "parameter": { "id": 2, "name": "pm25", "units": "µg/m³", "displayName": "PM2.5" } }, { "id": 12320598, "name": "relativehumidity %", "parameter": { "id": 98, "name": "relativehumidity", "units": "%", "displayName": "RH" } }, { "id": 12320599, "name": "temperature c", "parameter": { "id": 100, "name": "temperature", "units": "c", "displayName": "Temperature (C)" } }, { "id": 12320600, "name": "um003 particles/cm³", "parameter": { "id": 125, "name": "um003", "units": "particles/cm³", "displayName": "PM0.3 count" } } ], "licenses": "[{'id': 41, 'name': 'CC BY 4.0', 'attribution': {'name': 'UNICEF', 'url': None}, 'dateFrom': '2023-07-15', 'dateTo': None}]", "bounds": [ 106.722444, 15.352494, 106.722444, 15.352494 ], "distance": null, "country.id": 68, "country.code": "LA", "country.name": "Lao PDR", "owner.id": 11271, "owner.name": "UNICEF", "provider.id": 66, "provider.name": "AirGradient", "coordinates.latitude": 15.352494, "coordinates.longitude": 106.722444, "datetimeFirst.utc": "2025-02-27T03:00:00Z", "datetimeFirst.local": "2025-02-27T10:00:00+07:00", "datetimeLast.utc": "2026-07-07T03:00:00Z", "datetimeLast.local": "2026-07-07T10:00:00+07:00", "name_right": "Laos", "code": "LAO", "group": "Countries" }, "geometry": { "type": "Point", "coordinates": [ 106.722444, 15.352494 ] } },
{ "type": "Feature", "properties": { "id": 3510965, "name": "Pak Ou Secondary School - Luangprabang ມັດທະຍົມສົມບູນ ປາກອູ", "locality": null, "timezone": "Asia/Vientiane", "isMobile": false, "isMonitor": false, "instruments": [ { "id": 7, "name": "Unknown AirGradient Sensor" } ], "sensors": [ { "id": 12331114, "name": "pm1 µg/m³", "parameter": { "id": 19, "name": "pm1", "units": "µg/m³", "displayName": "PM1" } }, { "id": 12331115, "name": "pm25 µg/m³", "parameter": { "id": 2, "name": "pm25", "units": "µg/m³", "displayName": "PM2.5" } }, { "id": 12331116, "name": "relativehumidity %", "parameter": { "id": 98, "name": "relativehumidity", "units": "%", "displayName": "RH" } }, { "id": 12331117, "name": "temperature c", "parameter": { "id": 100, "name": "temperature", "units": "c", "displayName": "Temperature (C)" } }, { "id": 12331118, "name": "um003 particles/cm³", "parameter": { "id": 125, "name": "um003", "units": "particles/cm³", "displayName": "PM0.3 count" } } ], "licenses": "[{'id': 41, 'name': 'CC BY 4.0', 'attribution': {'name': 'UNICEF', 'url': None}, 'dateFrom': '2023-07-15', 'dateTo': None}]", "bounds": [ 102.256569, 20.087592, 102.256569, 20.087592 ], "distance": null, "country.id": 68, "country.code": "LA", "country.name": "Lao PDR", "owner.id": 11271, "owner.name": "UNICEF", "provider.id": 66, "provider.name": "AirGradient", "coordinates.latitude": 20.087592, "coordinates.longitude": 102.256569, "datetimeFirst.utc": "2025-02-28T03:00:00Z", "datetimeFirst.local": "2025-02-28T10:00:00+07:00", "datetimeLast.utc": "2026-07-07T03:00:00Z", "datetimeLast.local": "2026-07-07T10:00:00+07:00", "name_right": "Laos", "code": "LAO", "group": "Countries" }, "geometry": { "type": "Point", "coordinates": [ 102.256569, 20.087592 ] } },
{ "type": "Feature", "properties": { "id": 3511463, "name": "Ngoi Secondary School - Ngoi, Luangprabang ມັດທະຍົມ ເມືອງງອຍ", "locality": null, "timezone": "Asia/Vientiane", "isMobile": false, "isMonitor": false, "instruments": [ { "id": 7, "name": "Unknown AirGradient Sensor" } ], "sensors": [ { "id": 12320919, "name": "pm1 µg/m³", "parameter": { "id": 19, "name": "pm1", "units": "µg/m³", "displayName": "PM1" } }, { "id": 12320920, "name": "pm25 µg/m³", "parameter": { "id": 2, "name": "pm25", "units": "µg/m³", "displayName": "PM2.5" } }, { "id": 12320921, "name": "relativehumidity %", "parameter": { "id": 98, "name": "relativehumidity", "units": "%", "displayName": "RH" } }, { "id": 12320922, "name": "temperature c", "parameter": { "id": 100, "name": "temperature", "units": "c", "displayName": "Temperature (C)" } }, { "id": 12320923, "name": "um003 particles/cm³", "parameter": { "id": 125, "name": "um003", "units": "particles/cm³", "displayName": "PM0.3 count" } } ], "licenses": "[{'id': 41, 'name': 'CC BY 4.0', 'attribution': {'name': 'UNICEF', 'url': None}, 'dateFrom': '2023-07-15', 'dateTo': None}]", "bounds": [ 102.609436, 20.568968, 102.609436, 20.568968 ], "distance": null, "country.id": 68, "country.code": "LA", "country.name": "Lao PDR", "owner.id": 11271, "owner.name": "UNICEF", "provider.id": 66, "provider.name": "AirGradient", "coordinates.latitude": 20.568968, "coordinates.longitude": 102.609436, "datetimeFirst.utc": "2025-02-27T05:00:00Z", "datetimeFirst.local": "2025-02-27T12:00:00+07:00", "datetimeLast.utc": "2026-07-07T03:00:00Z", "datetimeLast.local": "2026-07-07T10:00:00+07:00", "name_right": "Laos", "code": "LAO", "group": "Countries" }, "geometry": { "type": "Point", "coordinates": [ 102.609436, 20.568968 ] } },
{ "type": "Feature", "properties": { "id": 3513587, "name": "Namthuam Secondary School - Nambark, Luangprabang ມັດທະຍົມສົມບູນ ນ້ຳຖ້ວມ", "locality": null, "timezone": "Asia/Vientiane", "isMobile": false, "isMonitor": false, "instruments": [ { "id": 7, "name": "Unknown AirGradient Sensor" } ], "sensors": [ { "id": 14153970, "name": "pm1 µg/m³", "parameter": { "id": 19, "name": "pm1", "units": "µg/m³", "displayName": "PM1" } }, { "id": 14153971, "name": "pm25 µg/m³", "parameter": { "id": 2, "name": "pm25", "units": "µg/m³", "displayName": "PM2.5" } }, { "id": 14153972, "name": "relativehumidity %", "parameter": { "id": 98, "name": "relativehumidity", "units": "%", "displayName": "RH" } }, { "id": 14153973, "name": "temperature c", "parameter": { "id": 100, "name": "temperature", "units": "c", "displayName": "Temperature (C)" } }, { "id": 14153974, "name": "um003 particles/cm³", "parameter": { "id": 125, "name": "um003", "units": "particles/cm³", "displayName": "PM0.3 count" } } ], "licenses": "[{'id': 41, 'name': 'CC BY 4.0', 'attribution': {'name': 'UNICEF', 'url': None}, 'dateFrom': '2023-07-15', 'dateTo': None}]", "bounds": [ 102.357481, 20.496386, 102.357481, 20.496386 ], "distance": null, "country.id": 68, "country.code": "LA", "country.name": "Lao PDR", "owner.id": 11271, "owner.name": "UNICEF", "provider.id": 66, "provider.name": "AirGradient", "coordinates.latitude": 20.496386, "coordinates.longitude": 102.357481, "datetimeFirst.utc": "2025-09-19T00:00:00Z", "datetimeFirst.local": "2025-09-19T07:00:00+07:00", "datetimeLast.utc": "2026-07-07T03:00:00Z", "datetimeLast.local": "2026-07-07T10:00:00+07:00", "name_right": "Laos", "code": "LAO", "group": "Countries" }, "geometry": { "type": "Point", "coordinates": [ 102.357481, 20.496386 ] } },
{ "type": "Feature", "properties": { "id": 3524548, "name": "Natoon Secondary School - Khua, Phongsaly ມັດທະຍົມສົມບູນ ນາຕູ່ນ", "locality": null, "timezone": "Asia/Vientiane", "isMobile": false, "isMonitor": false, "instruments": [ { "id": 7, "name": "Unknown AirGradient Sensor" } ], "sensors": [ { "id": 12331752, "name": "pm1 µg/m³", "parameter": { "id": 19, "name": "pm1", "units": "µg/m³", "displayName": "PM1" } }, { "id": 12331753, "name": "pm25 µg/m³", "parameter": { "id": 2, "name": "pm25", "units": "µg/m³", "displayName": "PM2.5" } }, { "id": 12331754, "name": "relativehumidity %", "parameter": { "id": 98, "name": "relativehumidity", "units": "%", "displayName": "RH" } }, { "id": 12331755, "name": "temperature c", "parameter": { "id": 100, "name": "temperature", "units": "c", "displayName": "Temperature (C)" } }, { "id": 12331756, "name": "um003 particles/cm³", "parameter": { "id": 125, "name": "um003", "units": "particles/cm³", "displayName": "PM0.3 count" } } ], "licenses": "[{'id': 41, 'name': 'CC BY 4.0', 'attribution': {'name': 'UNICEF', 'url': None}, 'dateFrom': '2023-07-15', 'dateTo': None}]", "bounds": [ 102.505833, 21.078865, 102.505833, 21.078865 ], "distance": null, "country.id": 68, "country.code": "LA", "country.name": "Lao PDR", "owner.id": 11271, "owner.name": "UNICEF", "provider.id": 66, "provider.name": "AirGradient", "coordinates.latitude": 21.078865, "coordinates.longitude": 102.505833, "datetimeFirst.utc": "2025-02-28T05:00:00Z", "datetimeFirst.local": "2025-02-28T12:00:00+07:00", "datetimeLast.utc": "2026-07-07T03:00:00Z", "datetimeLast.local": "2026-07-07T10:00:00+07:00", "name_right": "Laos", "code": "LAO", "group": "Countries" }, "geometry": { "type": "Point", "coordinates": [ 102.505833, 21.078865 ] } },
{ "type": "Feature", "properties": { "id": 3524549, "name": "Pek - Xiengkhouang", "locality": null, "timezone": "Asia/Vientiane", "isMobile": false, "isMonitor": false, "instruments": [ { "id": 7, "name": "Unknown AirGradient Sensor" } ], "sensors": [ { "id": 12331757, "name": "pm1 µg/m³", "parameter": { "id": 19, "name": "pm1", "units": "µg/m³", "displayName": "PM1" } }, { "id": 12331758, "name": "pm25 µg/m³", "parameter": { "id": 2, "name": "pm25", "units": "µg/m³", "displayName": "PM2.5" } }, { "id": 12331759, "name": "relativehumidity %", "parameter": { "id": 98, "name": "relativehumidity", "units": "%", "displayName": "RH" } }, { "id": 12331760, "name": "temperature c", "parameter": { "id": 100, "name": "temperature", "units": "c", "displayName": "Temperature (C)" } }, { "id": 12331761, "name": "um003 particles/cm³", "parameter": { "id": 125, "name": "um003", "units": "particles/cm³", "displayName": "PM0.3 count" } } ], "licenses": "[{'id': 41, 'name': 'CC BY 4.0', 'attribution': {'name': 'UNICEF', 'url': None}, 'dateFrom': '2023-07-15', 'dateTo': None}]", "bounds": [ 103.205788, 19.444636, 103.205788, 19.444636 ], "distance": null, "country.id": 68, "country.code": "LA", "country.name": "Lao PDR", "owner.id": 11271, "owner.name": "UNICEF", "provider.id": 66, "provider.name": "AirGradient", "coordinates.latitude": 19.444636, "coordinates.longitude": 103.205788, "datetimeFirst.utc": "2025-02-28T04:00:00Z", "datetimeFirst.local": "2025-02-28T11:00:00+07:00", "datetimeLast.utc": "2026-04-20T21:00:00Z", "datetimeLast.local": "2026-04-21T04:00:00+07:00", "name_right": "Laos", "code": "LAO", "group": "Countries" }, "geometry": { "type": "Point", "coordinates": [ 103.205788, 19.444636 ] } },
{ "type": "Feature", "properties": { "id": 3524550, "name": "NamOn Secondary School - Xaychamphone, Borikhamxai ມັດທະຍົມ ນຳ້ອ້ອນ", "locality": null, "timezone": "Asia/Vientiane", "isMobile": false, "isMonitor": false, "instruments": [ { "id": 7, "name": "Unknown AirGradient Sensor" } ], "sensors": [ { "id": 12331762, "name": "pm1 µg/m³", "parameter": { "id": 19, "name": "pm1", "units": "µg/m³", "displayName": "PM1" } }, { "id": 12331763, "name": "pm25 µg/m³", "parameter": { "id": 2, "name": "pm25", "units": "µg/m³", "displayName": "PM2.5" } }, { "id": 12331764, "name": "relativehumidity %", "parameter": { "id": 98, "name": "relativehumidity", "units": "%", "displayName": "RH" } }, { "id": 12331765, "name": "temperature c", "parameter": { "id": 100, "name": "temperature", "units": "c", "displayName": "Temperature (C)" } }, { "id": 12331766, "name": "um003 particles/cm³", "parameter": { "id": 125, "name": "um003", "units": "particles/cm³", "displayName": "PM0.3 count" } } ], "licenses": "[{'id': 41, 'name': 'CC BY 4.0', 'attribution': {'name': 'UNICEF', 'url': None}, 'dateFrom': '2023-07-15', 'dateTo': None}]", "bounds": [ 104.981947, 18.577559, 104.981947, 18.577559 ], "distance": null, "country.id": 68, "country.code": "LA", "country.name": "Lao PDR", "owner.id": 11271, "owner.name": "UNICEF", "provider.id": 66, "provider.name": "AirGradient", "coordinates.latitude": 18.577559, "coordinates.longitude": 104.981947, "datetimeFirst.utc": "2025-02-28T04:00:00Z", "datetimeFirst.local": "2025-02-28T11:00:00+07:00", "datetimeLast.utc": "2026-05-27T02:00:00Z", "datetimeLast.local": "2026-05-27T09:00:00+07:00", "name_right": "Laos", "code": "LAO", "group": "Countries" }, "geometry": { "type": "Point", "coordinates": [ 104.981947, 18.577559 ] } },
{ "type": "Feature", "properties": { "id": 3524551, "name": "Mahaxay - Khammouan", "locality": null, "timezone": "Asia/Vientiane", "isMobile": false, "isMonitor": false, "instruments": [ { "id": 7, "name": "Unknown AirGradient Sensor" } ], "sensors": [ { "id": 12331767, "name": "pm1 µg/m³", "parameter": { "id": 19, "name": "pm1", "units": "µg/m³", "displayName": "PM1" } }, { "id": 12331768, "name": "pm25 µg/m³", "parameter": { "id": 2, "name": "pm25", "units": "µg/m³", "displayName": "PM2.5" } }, { "id": 12331769, "name": "relativehumidity %", "parameter": { "id": 98, "name": "relativehumidity", "units": "%", "displayName": "RH" } }, { "id": 12331770, "name": "temperature c", "parameter": { "id": 100, "name": "temperature", "units": "c", "displayName": "Temperature (C)" } }, { "id": 12331771, "name": "um003 particles/cm³", "parameter": { "id": 125, "name": "um003", "units": "particles/cm³", "displayName": "PM0.3 count" } } ], "licenses": "[{'id': 41, 'name': 'CC BY 4.0', 'attribution': {'name': 'UNICEF', 'url': None}, 'dateFrom': '2023-07-15', 'dateTo': None}]", "bounds": [ 105.160169, 17.457352, 105.160169, 17.457352 ], "distance": null, "country.id": 68, "country.code": "LA", "country.name": "Lao PDR", "owner.id": 11271, "owner.name": "UNICEF", "provider.id": 66, "provider.name": "AirGradient", "coordinates.latitude": 17.457352, "coordinates.longitude": 105.160169, "datetimeFirst.utc": "2025-02-28T04:00:00Z", "datetimeFirst.local": "2025-02-28T11:00:00+07:00", "datetimeLast.utc": "2026-07-07T03:00:00Z", "datetimeLast.local": "2026-07-07T10:00:00+07:00", "name_right": "Laos", "code": "LAO", "group": "Countries" }, "geometry": { "type": "Point", "coordinates": [ 105.160169, 17.457352 ] } },
{ "type": "Feature", "properties": { "id": 3524552, "name": "Hinboon Secondary School - Hinboon, Khammouane ມັດທະຍົມສົມບູນ ຫີນບູນ", "locality": null, "timezone": "Asia/Vientiane", "isMobile": false, "isMonitor": false, "instruments": [ { "id": 7, "name": "Unknown AirGradient Sensor" } ], "sensors": [ { "id": 12331772, "name": "pm1 µg/m³", "parameter": { "id": 19, "name": "pm1", "units": "µg/m³", "displayName": "PM1" } }, { "id": 12331773, "name": "pm25 µg/m³", "parameter": { "id": 2, "name": "pm25", "units": "µg/m³", "displayName": "PM2.5" } }, { "id": 12331774, "name": "relativehumidity %", "parameter": { "id": 98, "name": "relativehumidity", "units": "%", "displayName": "RH" } }, { "id": 12331775, "name": "temperature c", "parameter": { "id": 100, "name": "temperature", "units": "c", "displayName": "Temperature (C)" } }, { "id": 12331776, "name": "um003 particles/cm³", "parameter": { "id": 125, "name": "um003", "units": "particles/cm³", "displayName": "PM0.3 count" } } ], "licenses": "[{'id': 41, 'name': 'CC BY 4.0', 'attribution': {'name': 'UNICEF', 'url': None}, 'dateFrom': '2023-07-15', 'dateTo': None}]", "bounds": [ 104.581724, 17.721875, 104.581724, 17.721875 ], "distance": null, "country.id": 68, "country.code": "LA", "country.name": "Lao PDR", "owner.id": 11271, "owner.name": "UNICEF", "provider.id": 66, "provider.name": "AirGradient", "coordinates.latitude": 17.721875, "coordinates.longitude": 104.581724, "datetimeFirst.utc": "2025-02-28T04:00:00Z", "datetimeFirst.local": "2025-02-28T11:00:00+07:00", "datetimeLast.utc": "2026-07-07T03:00:00Z", "datetimeLast.local": "2026-07-07T10:00:00+07:00", "name_right": "Laos", "code": "LAO", "group": "Countries" }, "geometry": { "type": "Point", "coordinates": [ 104.581724, 17.721875 ] } },
{ "type": "Feature", "properties": { "id": 3524553, "name": "Thateng -Sekong", "locality": null, "timezone": "Asia/Vientiane", "isMobile": false, "isMonitor": false, "instruments": [ { "id": 7, "name": "Unknown AirGradient Sensor" } ], "sensors": [ { "id": 12331777, "name": "pm1 µg/m³", "parameter": { "id": 19, "name": "pm1", "units": "µg/m³", "displayName": "PM1" } }, { "id": 12331778, "name": "pm25 µg/m³", "parameter": { "id": 2, "name": "pm25", "units": "µg/m³", "displayName": "PM2.5" } }, { "id": 12331779, "name": "relativehumidity %", "parameter": { "id": 98, "name": "relativehumidity", "units": "%", "displayName": "RH" } }, { "id": 12331780, "name": "temperature c", "parameter": { "id": 100, "name": "temperature", "units": "c", "displayName": "Temperature (C)" } }, { "id": 12331781, "name": "um003 particles/cm³", "parameter": { "id": 125, "name": "um003", "units": "particles/cm³", "displayName": "PM0.3 count" } } ], "licenses": "[{'id': 41, 'name': 'CC BY 4.0', 'attribution': {'name': 'UNICEF', 'url': None}, 'dateFrom': '2023-07-15', 'dateTo': None}]", "bounds": [ 106.382399, 15.434018, 106.382399, 15.434018 ], "distance": null, "country.id": 68, "country.code": "LA", "country.name": "Lao PDR", "owner.id": 11271, "owner.name": "UNICEF", "provider.id": 66, "provider.name": "AirGradient", "coordinates.latitude": 15.434018, "coordinates.longitude": 106.382399, "datetimeFirst.utc": "2025-02-28T04:00:00Z", "datetimeFirst.local": "2025-02-28T11:00:00+07:00", "datetimeLast.utc": "2026-07-07T03:00:00Z", "datetimeLast.local": "2026-07-07T10:00:00+07:00", "name_right": "Laos", "code": "LAO", "group": "Countries" }, "geometry": { "type": "Point", "coordinates": [ 106.382399, 15.434018 ] } },
{ "type": "Feature", "properties": { "id": 3539279, "name": "Viengkham Secondary School - Viengkham, Luangprabang ມັດທະຍົມສົມບູນ ວຽງຄຳ", "locality": null, "timezone": "Asia/Vientiane", "isMobile": false, "isMonitor": false, "instruments": [ { "id": 7, "name": "Unknown AirGradient Sensor" } ], "sensors": [ { "id": 14153975, "name": "pm1 µg/m³", "parameter": { "id": 19, "name": "pm1", "units": "µg/m³", "displayName": "PM1" } }, { "id": 14153976, "name": "pm25 µg/m³", "parameter": { "id": 2, "name": "pm25", "units": "µg/m³", "displayName": "PM2.5" } }, { "id": 14153977, "name": "relativehumidity %", "parameter": { "id": 98, "name": "relativehumidity", "units": "%", "displayName": "RH" } }, { "id": 14153978, "name": "temperature c", "parameter": { "id": 100, "name": "temperature", "units": "c", "displayName": "Temperature (C)" } }, { "id": 14153979, "name": "um003 particles/cm³", "parameter": { "id": 125, "name": "um003", "units": "particles/cm³", "displayName": "PM0.3 count" } } ], "licenses": "[{'id': 41, 'name': 'CC BY 4.0', 'attribution': {'name': 'Unknown Person', 'url': None}, 'dateFrom': '2023-07-15', 'dateTo': None}]", "bounds": [ 102.881428, 20.465668, 102.881428, 20.465668 ], "distance": null, "country.id": 68, "country.code": "LA", "country.name": "Lao PDR", "owner.id": 11509, "owner.name": "Unknown Person", "provider.id": 66, "provider.name": "AirGradient", "coordinates.latitude": 20.465668, "coordinates.longitude": 102.881428, "datetimeFirst.utc": "2025-09-19T01:00:00Z", "datetimeFirst.local": "2025-09-19T08:00:00+07:00", "datetimeLast.utc": "2026-06-26T14:00:00Z", "datetimeLast.local": "2026-06-26T21:00:00+07:00", "name_right": "Laos", "code": "LAO", "group": "Countries" }, "geometry": { "type": "Point", "coordinates": [ 102.881428, 20.465668 ] } },
{ "type": "Feature", "properties": { "id": 3539280, "name": "Longsane Secondary School - Longsane , Xaysomboun ມັດທະຍົມສົມບຸນ ລ້ອງຊານ", "locality": null, "timezone": "Asia/Vientiane", "isMobile": false, "isMonitor": false, "instruments": [ { "id": 7, "name": "Unknown AirGradient Sensor" } ], "sensors": [ { "id": 12391264, "name": "pm1 µg/m³", "parameter": { "id": 19, "name": "pm1", "units": "µg/m³", "displayName": "PM1" } }, { "id": 12391265, "name": "pm25 µg/m³", "parameter": { "id": 2, "name": "pm25", "units": "µg/m³", "displayName": "PM2.5" } }, { "id": 12391266, "name": "relativehumidity %", "parameter": { "id": 98, "name": "relativehumidity", "units": "%", "displayName": "RH" } }, { "id": 12391267, "name": "temperature c", "parameter": { "id": 100, "name": "temperature", "units": "c", "displayName": "Temperature (C)" } }, { "id": 12391268, "name": "um003 particles/cm³", "parameter": { "id": 125, "name": "um003", "units": "particles/cm³", "displayName": "PM0.3 count" } } ], "licenses": "[{'id': 41, 'name': 'CC BY 4.0', 'attribution': {'name': 'UNICEF', 'url': None}, 'dateFrom': '2023-07-15', 'dateTo': None}]", "bounds": [ 103.003076, 18.550145, 103.003076, 18.550145 ], "distance": null, "country.id": 68, "country.code": "LA", "country.name": "Lao PDR", "owner.id": 11271, "owner.name": "UNICEF", "provider.id": 66, "provider.name": "AirGradient", "coordinates.latitude": 18.550145, "coordinates.longitude": 103.003076, "datetimeFirst.utc": "2025-03-06T03:00:00Z", "datetimeFirst.local": "2025-03-06T10:00:00+07:00", "datetimeLast.utc": "2026-07-07T03:00:00Z", "datetimeLast.local": "2026-07-07T10:00:00+07:00", "name_right": "Laos", "code": "LAO", "group": "Countries" }, "geometry": { "type": "Point", "coordinates": [ 103.003076, 18.550145 ] } },
{ "type": "Feature", "properties": { "id": 3539838, "name": "Phasang Secondary School - Fueng, Vientiane Province ມັດທະຍົມ ຜາສັງ", "locality": null, "timezone": "Asia/Vientiane", "isMobile": false, "isMonitor": false, "instruments": [ { "id": 7, "name": "Unknown AirGradient Sensor" } ], "sensors": [ { "id": 14153980, "name": "pm1 µg/m³", "parameter": { "id": 19, "name": "pm1", "units": "µg/m³", "displayName": "PM1" } }, { "id": 14153981, "name": "pm25 µg/m³", "parameter": { "id": 2, "name": "pm25", "units": "µg/m³", "displayName": "PM2.5" } }, { "id": 14153982, "name": "relativehumidity %", "parameter": { "id": 98, "name": "relativehumidity", "units": "%", "displayName": "RH" } }, { "id": 14153983, "name": "temperature c", "parameter": { "id": 100, "name": "temperature", "units": "c", "displayName": "Temperature (C)" } }, { "id": 14153984, "name": "um003 particles/cm³", "parameter": { "id": 125, "name": "um003", "units": "particles/cm³", "displayName": "PM0.3 count" } } ], "licenses": "[{'id': 41, 'name': 'CC BY 4.0', 'attribution': {'name': 'UNICEF', 'url': None}, 'dateFrom': '2023-07-15', 'dateTo': None}]", "bounds": [ 101.97909, 18.47336, 101.97909, 18.47336 ], "distance": null, "country.id": 68, "country.code": "LA", "country.name": "Lao PDR", "owner.id": 11271, "owner.name": "UNICEF", "provider.id": 66, "provider.name": "AirGradient", "coordinates.latitude": 18.47336, "coordinates.longitude": 101.97909, "datetimeFirst.utc": "2025-09-19T00:00:00Z", "datetimeFirst.local": "2025-09-19T07:00:00+07:00", "datetimeLast.utc": "2026-07-07T03:00:00Z", "datetimeLast.local": "2026-07-07T10:00:00+07:00", "name_right": "Laos", "code": "LAO", "group": "Countries" }, "geometry": { "type": "Point", "coordinates": [ 101.97909, 18.47336 ] } },
{ "type": "Feature", "properties": { "id": 3553302, "name": "Municipality Secondary School - Namtha, Luangnamtha ມັດທະຍົມສົມບູນ ເທດສະບານ", "locality": null, "timezone": "Asia/Vientiane", "isMobile": false, "isMonitor": false, "instruments": [ { "id": 7, "name": "Unknown AirGradient Sensor" } ], "sensors": [ { "id": 14153960, "name": "pm1 µg/m³", "parameter": { "id": 19, "name": "pm1", "units": "µg/m³", "displayName": "PM1" } }, { "id": 14153961, "name": "pm25 µg/m³", "parameter": { "id": 2, "name": "pm25", "units": "µg/m³", "displayName": "PM2.5" } }, { "id": 14153962, "name": "relativehumidity %", "parameter": { "id": 98, "name": "relativehumidity", "units": "%", "displayName": "RH" } }, { "id": 14153963, "name": "temperature c", "parameter": { "id": 100, "name": "temperature", "units": "c", "displayName": "Temperature (C)" } }, { "id": 14153964, "name": "um003 particles/cm³", "parameter": { "id": 125, "name": "um003", "units": "particles/cm³", "displayName": "PM0.3 count" } } ], "licenses": "[{'id': 41, 'name': 'CC BY 4.0', 'attribution': {'name': 'UNICEF', 'url': None}, 'dateFrom': '2023-07-15', 'dateTo': None}]", "bounds": [ 101.402989, 21.001687, 101.402989, 21.001687 ], "distance": null, "country.id": 68, "country.code": "LA", "country.name": "Lao PDR", "owner.id": 11271, "owner.name": "UNICEF", "provider.id": 66, "provider.name": "AirGradient", "coordinates.latitude": 21.001687, "coordinates.longitude": 101.402989, "datetimeFirst.utc": "2025-09-19T00:00:00Z", "datetimeFirst.local": "2025-09-19T07:00:00+07:00", "datetimeLast.utc": "2026-07-07T03:00:00Z", "datetimeLast.local": "2026-07-07T10:00:00+07:00", "name_right": "Laos", "code": "LAO", "group": "Countries" }, "geometry": { "type": "Point", "coordinates": [ 101.402989, 21.001687 ] } },
{ "type": "Feature", "properties": { "id": 3553303, "name": "Vangxieng Secondary School - Phonthong, Luangprabang ມັດທະຍົມ ວັງຊຽງ", "locality": null, "timezone": "Asia/Vientiane", "isMobile": false, "isMonitor": false, "instruments": [ { "id": 7, "name": "Unknown AirGradient Sensor" } ], "sensors": [ { "id": 12401330, "name": "pm1 µg/m³", "parameter": { "id": 19, "name": "pm1", "units": "µg/m³", "displayName": "PM1" } }, { "id": 12401331, "name": "pm25 µg/m³", "parameter": { "id": 2, "name": "pm25", "units": "µg/m³", "displayName": "PM2.5" } }, { "id": 12401332, "name": "relativehumidity %", "parameter": { "id": 98, "name": "relativehumidity", "units": "%", "displayName": "RH" } }, { "id": 12401333, "name": "temperature c", "parameter": { "id": 100, "name": "temperature", "units": "c", "displayName": "Temperature (C)" } }, { "id": 12401334, "name": "um003 particles/cm³", "parameter": { "id": 125, "name": "um003", "units": "particles/cm³", "displayName": "PM0.3 count" } } ], "licenses": "[{'id': 41, 'name': 'CC BY 4.0', 'attribution': {'name': 'UNICEF', 'url': None}, 'dateFrom': '2023-07-15', 'dateTo': None}]", "bounds": [ 103.073231, 20.737745, 103.073231, 20.737745 ], "distance": null, "country.id": 68, "country.code": "LA", "country.name": "Lao PDR", "owner.id": 11271, "owner.name": "UNICEF", "provider.id": 66, "provider.name": "AirGradient", "coordinates.latitude": 20.737745, "coordinates.longitude": 103.073231, "datetimeFirst.utc": "2025-03-07T05:00:00Z", "datetimeFirst.local": "2025-03-07T12:00:00+07:00", "datetimeLast.utc": "2026-07-07T03:00:00Z", "datetimeLast.local": "2026-07-07T10:00:00+07:00", "name_right": "Laos", "code": "LAO", "group": "Countries" }, "geometry": { "type": "Point", "coordinates": [ 103.073231, 20.737745 ] } },
{ "type": "Feature", "properties": { "id": 3553304, "name": "Ekaphab Secondary School - Xayabury, Xayabury ມັດທະຍົມ ເອກະພາບ", "locality": null, "timezone": "Asia/Vientiane", "isMobile": false, "isMonitor": false, "instruments": [ { "id": 7, "name": "Unknown AirGradient Sensor" } ], "sensors": [ { "id": 12370642, "name": "pm1 µg/m³", "parameter": { "id": 19, "name": "pm1", "units": "µg/m³", "displayName": "PM1" } }, { "id": 12370643, "name": "pm25 µg/m³", "parameter": { "id": 2, "name": "pm25", "units": "µg/m³", "displayName": "PM2.5" } }, { "id": 12370644, "name": "relativehumidity %", "parameter": { "id": 98, "name": "relativehumidity", "units": "%", "displayName": "RH" } }, { "id": 12370645, "name": "temperature c", "parameter": { "id": 100, "name": "temperature", "units": "c", "displayName": "Temperature (C)" } }, { "id": 12370646, "name": "um003 particles/cm³", "parameter": { "id": 125, "name": "um003", "units": "particles/cm³", "displayName": "PM0.3 count" } } ], "licenses": "[{'id': 41, 'name': 'CC BY 4.0', 'attribution': {'name': 'UNICEF', 'url': None}, 'dateFrom': '2023-07-15', 'dateTo': None}]", "bounds": [ 101.714751, 19.237566, 101.714751, 19.237566 ], "distance": null, "country.id": 68, "country.code": "LA", "country.name": "Lao PDR", "owner.id": 11271, "owner.name": "UNICEF", "provider.id": 66, "provider.name": "AirGradient", "coordinates.latitude": 19.237566, "coordinates.longitude": 101.714751, "datetimeFirst.utc": "2025-03-04T03:00:00Z", "datetimeFirst.local": "2025-03-04T10:00:00+07:00", "datetimeLast.utc": "2026-07-07T03:00:00Z", "datetimeLast.local": "2026-07-07T10:00:00+07:00", "name_right": "Laos", "code": "LAO", "group": "Countries" }, "geometry": { "type": "Point", "coordinates": [ 101.714751, 19.237566 ] } },
{ "type": "Feature", "properties": { "id": 3553305, "name": "Xaysomboun Secondary School - Anouvong, Xaysomboun ມັດທະຍົມສົມບູນ ໄຊສົມບູນ", "locality": null, "timezone": "Asia/Vientiane", "isMobile": false, "isMonitor": false, "instruments": [ { "id": 7, "name": "Unknown AirGradient Sensor" } ], "sensors": [ { "id": 14152444, "name": "pm1 µg/m³", "parameter": { "id": 19, "name": "pm1", "units": "µg/m³", "displayName": "PM1" } }, { "id": 14152445, "name": "pm25 µg/m³", "parameter": { "id": 2, "name": "pm25", "units": "µg/m³", "displayName": "PM2.5" } }, { "id": 14152446, "name": "relativehumidity %", "parameter": { "id": 98, "name": "relativehumidity", "units": "%", "displayName": "RH" } }, { "id": 14152447, "name": "temperature c", "parameter": { "id": 100, "name": "temperature", "units": "c", "displayName": "Temperature (C)" } }, { "id": 14152448, "name": "um003 particles/cm³", "parameter": { "id": 125, "name": "um003", "units": "particles/cm³", "displayName": "PM0.3 count" } } ], "licenses": "[{'id': 41, 'name': 'CC BY 4.0', 'attribution': {'name': 'UNICEF', 'url': None}, 'dateFrom': '2023-07-15', 'dateTo': None}]", "bounds": [ 103.09426, 18.904741, 103.09426, 18.904741 ], "distance": null, "country.id": 68, "country.code": "LA", "country.name": "Lao PDR", "owner.id": 11271, "owner.name": "UNICEF", "provider.id": 66, "provider.name": "AirGradient", "coordinates.latitude": 18.904741, "coordinates.longitude": 103.09426, "datetimeFirst.utc": "2025-09-19T00:00:00Z", "datetimeFirst.local": "2025-09-19T07:00:00+07:00", "datetimeLast.utc": "2026-07-07T03:00:00Z", "datetimeLast.local": "2026-07-07T10:00:00+07:00", "name_right": "Laos", "code": "LAO", "group": "Countries" }, "geometry": { "type": "Point", "coordinates": [ 103.09426, 18.904741 ] } },
{ "type": "Feature", "properties": { "id": 3560430, "name": "Parkton Secondary School - Sangthong, Vientiane Capital ມັດທະຍົມ ປາກຕອນ", "locality": null, "timezone": "Asia/Vientiane", "isMobile": false, "isMonitor": false, "instruments": [ { "id": 7, "name": "Unknown AirGradient Sensor" } ], "sensors": [ { "id": 14153945, "name": "pm1 µg/m³", "parameter": { "id": 19, "name": "pm1", "units": "µg/m³", "displayName": "PM1" } }, { "id": 14153946, "name": "pm25 µg/m³", "parameter": { "id": 2, "name": "pm25", "units": "µg/m³", "displayName": "PM2.5" } }, { "id": 14153947, "name": "relativehumidity %", "parameter": { "id": 98, "name": "relativehumidity", "units": "%", "displayName": "RH" } }, { "id": 14153948, "name": "temperature c", "parameter": { "id": 100, "name": "temperature", "units": "c", "displayName": "Temperature (C)" } }, { "id": 14153949, "name": "um003 particles/cm³", "parameter": { "id": 125, "name": "um003", "units": "particles/cm³", "displayName": "PM0.3 count" } } ], "licenses": "[{'id': 41, 'name': 'CC BY 4.0', 'attribution': {'name': 'UNICEF', 'url': None}, 'dateFrom': '2023-07-15', 'dateTo': None}]", "bounds": [ 102.278904, 18.094799, 102.278904, 18.094799 ], "distance": null, "country.id": 68, "country.code": "LA", "country.name": "Lao PDR", "owner.id": 11271, "owner.name": "UNICEF", "provider.id": 66, "provider.name": "AirGradient", "coordinates.latitude": 18.094799, "coordinates.longitude": 102.278904, "datetimeFirst.utc": "2025-09-19T02:00:00Z", "datetimeFirst.local": "2025-09-19T09:00:00+07:00", "datetimeLast.utc": "2026-07-07T03:00:00Z", "datetimeLast.local": "2026-07-07T10:00:00+07:00", "name_right": "Laos", "code": "LAO", "group": "Countries" }, "geometry": { "type": "Point", "coordinates": [ 102.278904, 18.094799 ] } },
{ "type": "Feature", "properties": { "id": 3560431, "name": "Kenethao Secondary School - Kenethao, Xayabury ມັດທະຍົມສົມບຸນ ແກ່ນທ້າວ", "locality": null, "timezone": "Asia/Vientiane", "isMobile": false, "isMonitor": false, "instruments": [ { "id": 7, "name": "Unknown AirGradient Sensor" } ], "sensors": [ { "id": 12391269, "name": "pm1 µg/m³", "parameter": { "id": 19, "name": "pm1", "units": "µg/m³", "displayName": "PM1" } }, { "id": 12391270, "name": "pm25 µg/m³", "parameter": { "id": 2, "name": "pm25", "units": "µg/m³", "displayName": "PM2.5" } }, { "id": 12391271, "name": "relativehumidity %", "parameter": { "id": 98, "name": "relativehumidity", "units": "%", "displayName": "RH" } }, { "id": 12391272, "name": "temperature c", "parameter": { "id": 100, "name": "temperature", "units": "c", "displayName": "Temperature (C)" } }, { "id": 12391273, "name": "um003 particles/cm³", "parameter": { "id": 125, "name": "um003", "units": "particles/cm³", "displayName": "PM0.3 count" } } ], "licenses": "[{'id': 41, 'name': 'CC BY 4.0', 'attribution': {'name': 'UNICEF', 'url': None}, 'dateFrom': '2023-07-15', 'dateTo': None}]", "bounds": [ 101.403471, 17.740569, 101.403471, 17.740569 ], "distance": null, "country.id": 68, "country.code": "LA", "country.name": "Lao PDR", "owner.id": 11271, "owner.name": "UNICEF", "provider.id": 66, "provider.name": "AirGradient", "coordinates.latitude": 17.740569, "coordinates.longitude": 101.403471, "datetimeFirst.utc": "2025-03-06T03:00:00Z", "datetimeFirst.local": "2025-03-06T10:00:00+07:00", "datetimeLast.utc": "2026-06-20T00:00:00Z", "datetimeLast.local": "2026-06-20T07:00:00+07:00", "name_right": "Laos", "code": "LAO", "group": "Countries" }, "geometry": { "type": "Point", "coordinates": [ 101.403471, 17.740569 ] } },
{ "type": "Feature", "properties": { "id": 3560513, "name": "Chomphet Seconbdary School - Khoune, Xiengkhuang ມັດທະຍົມ ຈອມເພັດ", "locality": null, "timezone": "Asia/Vientiane", "isMobile": false, "isMonitor": false, "instruments": [ { "id": 7, "name": "Unknown AirGradient Sensor" } ], "sensors": [ { "id": 12860774, "name": "pm1 µg/m³", "parameter": { "id": 19, "name": "pm1", "units": "µg/m³", "displayName": "PM1" } }, { "id": 12860775, "name": "pm25 µg/m³", "parameter": { "id": 2, "name": "pm25", "units": "µg/m³", "displayName": "PM2.5" } }, { "id": 12860776, "name": "relativehumidity %", "parameter": { "id": 98, "name": "relativehumidity", "units": "%", "displayName": "RH" } }, { "id": 12860777, "name": "temperature c", "parameter": { "id": 100, "name": "temperature", "units": "c", "displayName": "Temperature (C)" } }, { "id": 12860778, "name": "um003 particles/cm³", "parameter": { "id": 125, "name": "um003", "units": "particles/cm³", "displayName": "PM0.3 count" } } ], "licenses": "[{'id': 41, 'name': 'CC BY 4.0', 'attribution': {'name': 'UNICEF', 'url': None}, 'dateFrom': '2023-07-15', 'dateTo': None}]", "bounds": [ 103.371433, 19.340999, 103.371433, 19.340999 ], "distance": null, "country.id": 68, "country.code": "LA", "country.name": "Lao PDR", "owner.id": 11271, "owner.name": "UNICEF", "provider.id": 66, "provider.name": "AirGradient", "coordinates.latitude": 19.340999, "coordinates.longitude": 103.371433, "datetimeFirst.utc": "2025-04-23T02:00:00Z", "datetimeFirst.local": "2025-04-23T09:00:00+07:00", "datetimeLast.utc": "2026-07-07T03:00:00Z", "datetimeLast.local": "2026-07-07T10:00:00+07:00", "name_right": "Laos", "code": "LAO", "group": "Countries" }, "geometry": { "type": "Point", "coordinates": [ 103.371433, 19.340999 ] } },
{ "type": "Feature", "properties": { "id": 3560514, "name": "Phameuang Secondary School - Bolikhanh, Borikhamxay ມັດທະຍົມ ຜາເມືອງ", "locality": null, "timezone": "Asia/Vientiane", "isMobile": false, "isMonitor": false, "instruments": [ { "id": 7, "name": "Unknown AirGradient Sensor" } ], "sensors": [ { "id": 14153990, "name": "pm1 µg/m³", "parameter": { "id": 19, "name": "pm1", "units": "µg/m³", "displayName": "PM1" } }, { "id": 14153991, "name": "pm25 µg/m³", "parameter": { "id": 2, "name": "pm25", "units": "µg/m³", "displayName": "PM2.5" } }, { "id": 14153992, "name": "relativehumidity %", "parameter": { "id": 98, "name": "relativehumidity", "units": "%", "displayName": "RH" } }, { "id": 14153993, "name": "temperature c", "parameter": { "id": 100, "name": "temperature", "units": "c", "displayName": "Temperature (C)" } }, { "id": 14153994, "name": "um003 particles/cm³", "parameter": { "id": 125, "name": "um003", "units": "particles/cm³", "displayName": "PM0.3 count" } } ], "licenses": "[{'id': 41, 'name': 'CC BY 4.0', 'attribution': {'name': 'UNICEF', 'url': None}, 'dateFrom': '2023-07-15', 'dateTo': None}]", "bounds": [ 103.688187, 18.746772, 103.688187, 18.746772 ], "distance": null, "country.id": 68, "country.code": "LA", "country.name": "Lao PDR", "owner.id": 11271, "owner.name": "UNICEF", "provider.id": 66, "provider.name": "AirGradient", "coordinates.latitude": 18.746772, "coordinates.longitude": 103.688187, "datetimeFirst.utc": "2025-09-19T00:00:00Z", "datetimeFirst.local": "2025-09-19T07:00:00+07:00", "datetimeLast.utc": "2026-07-07T03:00:00Z", "datetimeLast.local": "2026-07-07T10:00:00+07:00", "name_right": "Laos", "code": "LAO", "group": "Countries" }, "geometry": { "type": "Point", "coordinates": [ 103.688187, 18.746772 ] } },
{ "type": "Feature", "properties": { "id": 3560515, "name": "Nakang Secondary School - Khounkham, Khammouane ມັດທະຍົມສົມບູນ ນາກາງ", "locality": null, "timezone": "Asia/Vientiane", "isMobile": false, "isMonitor": false, "instruments": [ { "id": 7, "name": "Unknown AirGradient Sensor" } ], "sensors": [ { "id": 12381003, "name": "pm1 µg/m³", "parameter": { "id": 19, "name": "pm1", "units": "µg/m³", "displayName": "PM1" } }, { "id": 12381004, "name": "pm25 µg/m³", "parameter": { "id": 2, "name": "pm25", "units": "µg/m³", "displayName": "PM2.5" } }, { "id": 12381005, "name": "relativehumidity %", "parameter": { "id": 98, "name": "relativehumidity", "units": "%", "displayName": "RH" } }, { "id": 12381006, "name": "temperature c", "parameter": { "id": 100, "name": "temperature", "units": "c", "displayName": "Temperature (C)" } }, { "id": 12381007, "name": "um003 particles/cm³", "parameter": { "id": 125, "name": "um003", "units": "particles/cm³", "displayName": "PM0.3 count" } } ], "licenses": "[{'id': 41, 'name': 'CC BY 4.0', 'attribution': {'name': 'UNICEF', 'url': None}, 'dateFrom': '2023-07-15', 'dateTo': None}]", "bounds": [ 104.65357, 18.02845, 104.65357, 18.02845 ], "distance": null, "country.id": 68, "country.code": "LA", "country.name": "Lao PDR", "owner.id": 11271, "owner.name": "UNICEF", "provider.id": 66, "provider.name": "AirGradient", "coordinates.latitude": 18.02845, "coordinates.longitude": 104.65357, "datetimeFirst.utc": "2025-03-05T03:00:00Z", "datetimeFirst.local": "2025-03-05T10:00:00+07:00", "datetimeLast.utc": "2026-06-15T03:00:00Z", "datetimeLast.local": "2026-06-15T10:00:00+07:00", "name_right": "Laos", "code": "LAO", "group": "Countries" }, "geometry": { "type": "Point", "coordinates": [ 104.65357, 18.02845 ] } },
{ "type": "Feature", "properties": { "id": 3561013, "name": "Sithanaxay Secondary School - Parkxane, Borikhamxay ມັດທະຍົມສົົມບູນ ສີທ່ານາໄຊ", "locality": null, "timezone": "Asia/Vientiane", "isMobile": false, "isMonitor": false, "instruments": [ { "id": 7, "name": "Unknown AirGradient Sensor" } ], "sensors": [ { "id": 14153985, "name": "pm1 µg/m³", "parameter": { "id": 19, "name": "pm1", "units": "µg/m³", "displayName": "PM1" } }, { "id": 14153986, "name": "pm25 µg/m³", "parameter": { "id": 2, "name": "pm25", "units": "µg/m³", "displayName": "PM2.5" } }, { "id": 14153987, "name": "relativehumidity %", "parameter": { "id": 98, "name": "relativehumidity", "units": "%", "displayName": "RH" } }, { "id": 14153988, "name": "temperature c", "parameter": { "id": 100, "name": "temperature", "units": "c", "displayName": "Temperature (C)" } }, { "id": 14153989, "name": "um003 particles/cm³", "parameter": { "id": 125, "name": "um003", "units": "particles/cm³", "displayName": "PM0.3 count" } } ], "licenses": "[{'id': 41, 'name': 'CC BY 4.0', 'attribution': {'name': 'UNICEF', 'url': None}, 'dateFrom': '2023-07-15', 'dateTo': None}]", "bounds": [ 103.689146, 18.403727, 103.689146, 18.403727 ], "distance": null, "country.id": 68, "country.code": "LA", "country.name": "Lao PDR", "owner.id": 11271, "owner.name": "UNICEF", "provider.id": 66, "provider.name": "AirGradient", "coordinates.latitude": 18.403727, "coordinates.longitude": 103.689146, "datetimeFirst.utc": "2025-09-19T00:00:00Z", "datetimeFirst.local": "2025-09-19T07:00:00+07:00", "datetimeLast.utc": "2026-07-07T03:00:00Z", "datetimeLast.local": "2026-07-07T10:00:00+07:00", "name_right": "Laos", "code": "LAO", "group": "Countries" }, "geometry": { "type": "Point", "coordinates": [ 103.689146, 18.403727 ] } },
{ "type": "Feature", "properties": { "id": 3562555, "name": "Nan Secondary School - Nan, Luangprabang ມັດທະຍົມ ເມືອງນານ", "locality": null, "timezone": "Asia/Vientiane", "isMobile": false, "isMonitor": false, "instruments": [ { "id": 7, "name": "Unknown AirGradient Sensor" } ], "sensors": [ { "id": 12380998, "name": "pm1 µg/m³", "parameter": { "id": 19, "name": "pm1", "units": "µg/m³", "displayName": "PM1" } }, { "id": 12380999, "name": "pm25 µg/m³", "parameter": { "id": 2, "name": "pm25", "units": "µg/m³", "displayName": "PM2.5" } }, { "id": 12381000, "name": "relativehumidity %", "parameter": { "id": 98, "name": "relativehumidity", "units": "%", "displayName": "RH" } }, { "id": 12381001, "name": "temperature c", "parameter": { "id": 100, "name": "temperature", "units": "c", "displayName": "Temperature (C)" } }, { "id": 12381002, "name": "um003 particles/cm³", "parameter": { "id": 125, "name": "um003", "units": "particles/cm³", "displayName": "PM0.3 count" } } ], "licenses": "[{'id': 41, 'name': 'CC BY 4.0', 'attribution': {'name': 'UNICEF', 'url': None}, 'dateFrom': '2023-07-15', 'dateTo': None}]", "bounds": [ 101.883867, 19.498539, 101.883867, 19.498539 ], "distance": null, "country.id": 68, "country.code": "LA", "country.name": "Lao PDR", "owner.id": 11271, "owner.name": "UNICEF", "provider.id": 66, "provider.name": "AirGradient", "coordinates.latitude": 19.498539, "coordinates.longitude": 101.883867, "datetimeFirst.utc": "2025-03-05T03:00:00Z", "datetimeFirst.local": "2025-03-05T10:00:00+07:00", "datetimeLast.utc": "2026-07-07T03:00:00Z", "datetimeLast.local": "2026-07-07T10:00:00+07:00", "name_right": "Laos", "code": "LAO", "group": "Countries" }, "geometry": { "type": "Point", "coordinates": [ 101.883867, 19.498539 ] } },
{ "type": "Feature", "properties": { "id": 3562556, "name": "Viengxay Secondary School - Viengxay, Houaphan ມັດທະຍົມສົມບູນ ເມືອງວຽງໄຊ", "locality": null, "timezone": "Asia/Vientiane", "isMobile": false, "isMonitor": false, "instruments": [ { "id": 7, "name": "Unknown AirGradient Sensor" } ], "sensors": [ { "id": 12860759, "name": "pm1 µg/m³", "parameter": { "id": 19, "name": "pm1", "units": "µg/m³", "displayName": "PM1" } }, { "id": 12860760, "name": "pm25 µg/m³", "parameter": { "id": 2, "name": "pm25", "units": "µg/m³", "displayName": "PM2.5" } }, { "id": 12860761, "name": "relativehumidity %", "parameter": { "id": 98, "name": "relativehumidity", "units": "%", "displayName": "RH" } }, { "id": 12860762, "name": "temperature c", "parameter": { "id": 100, "name": "temperature", "units": "c", "displayName": "Temperature (C)" } }, { "id": 12860763, "name": "um003 particles/cm³", "parameter": { "id": 125, "name": "um003", "units": "particles/cm³", "displayName": "PM0.3 count" } } ], "licenses": "[{'id': 41, 'name': 'CC BY 4.0', 'attribution': {'name': 'UNICEF', 'url': None}, 'dateFrom': '2023-07-15', 'dateTo': None}]", "bounds": [ 104.221218, 20.405402, 104.221218, 20.405402 ], "distance": null, "country.id": 68, "country.code": "LA", "country.name": "Lao PDR", "owner.id": 11271, "owner.name": "UNICEF", "provider.id": 66, "provider.name": "AirGradient", "coordinates.latitude": 20.405402, "coordinates.longitude": 104.221218, "datetimeFirst.utc": "2025-04-23T02:00:00Z", "datetimeFirst.local": "2025-04-23T09:00:00+07:00", "datetimeLast.utc": "2026-07-07T03:00:00Z", "datetimeLast.local": "2026-07-07T10:00:00+07:00", "name_right": "Laos", "code": "LAO", "group": "Countries" }, "geometry": { "type": "Point", "coordinates": [ 104.221218, 20.405402 ] } },
{ "type": "Feature", "properties": { "id": 3562557, "name": "Lardkhai Secondary School - Phaxay, Xiengkhouang ມັດທະຍົມ ລາດຄ້າຍ", "locality": null, "timezone": "Asia/Vientiane", "isMobile": false, "isMonitor": false, "instruments": [ { "id": 7, "name": "Unknown AirGradient Sensor" } ], "sensors": [ { "id": 12391274, "name": "pm1 µg/m³", "parameter": { "id": 19, "name": "pm1", "units": "µg/m³", "displayName": "PM1" } }, { "id": 12391275, "name": "pm25 µg/m³", "parameter": { "id": 2, "name": "pm25", "units": "µg/m³", "displayName": "PM2.5" } }, { "id": 12391276, "name": "relativehumidity %", "parameter": { "id": 98, "name": "relativehumidity", "units": "%", "displayName": "RH" } }, { "id": 12391277, "name": "temperature c", "parameter": { "id": 100, "name": "temperature", "units": "c", "displayName": "Temperature (C)" } }, { "id": 12391278, "name": "um003 particles/cm³", "parameter": { "id": 125, "name": "um003", "units": "particles/cm³", "displayName": "PM0.3 count" } } ], "licenses": "[{'id': 41, 'name': 'CC BY 4.0', 'attribution': {'name': 'UNICEF', 'url': None}, 'dateFrom': '2023-07-15', 'dateTo': None}]", "bounds": [ 103.133374, 19.29915, 103.133374, 19.29915 ], "distance": null, "country.id": 68, "country.code": "LA", "country.name": "Lao PDR", "owner.id": 11271, "owner.name": "UNICEF", "provider.id": 66, "provider.name": "AirGradient", "coordinates.latitude": 19.29915, "coordinates.longitude": 103.133374, "datetimeFirst.utc": "2025-03-06T03:00:00Z", "datetimeFirst.local": "2025-03-06T10:00:00+07:00", "datetimeLast.utc": "2026-07-07T03:00:00Z", "datetimeLast.local": "2026-07-07T10:00:00+07:00", "name_right": "Laos", "code": "LAO", "group": "Countries" }, "geometry": { "type": "Point", "coordinates": [ 103.133374, 19.29915 ] } },
{ "type": "Feature", "properties": { "id": 3567155, "name": "Mayparkngum - Vientiane Capital", "locality": null, "timezone": "Asia/Vientiane", "isMobile": false, "isMonitor": false, "instruments": [ { "id": 7, "name": "Unknown AirGradient Sensor" } ], "sensors": [ { "id": 12365218, "name": "pm1 µg/m³", "parameter": { "id": 19, "name": "pm1", "units": "µg/m³", "displayName": "PM1" } }, { "id": 12365219, "name": "pm25 µg/m³", "parameter": { "id": 2, "name": "pm25", "units": "µg/m³", "displayName": "PM2.5" } }, { "id": 12365220, "name": "relativehumidity %", "parameter": { "id": 98, "name": "relativehumidity", "units": "%", "displayName": "RH" } }, { "id": 12365221, "name": "temperature c", "parameter": { "id": 100, "name": "temperature", "units": "c", "displayName": "Temperature (C)" } }, { "id": 12365222, "name": "um003 particles/cm³", "parameter": { "id": 125, "name": "um003", "units": "particles/cm³", "displayName": "PM0.3 count" } } ], "licenses": "[{'id': 41, 'name': 'CC BY 4.0', 'attribution': {'name': 'UNICEF', 'url': None}, 'dateFrom': '2023-07-15', 'dateTo': None}]", "bounds": [ 103.05687, 18.185205, 103.05687, 18.185205 ], "distance": null, "country.id": 68, "country.code": "LA", "country.name": "Lao PDR", "owner.id": 11271, "owner.name": "UNICEF", "provider.id": 66, "provider.name": "AirGradient", "coordinates.latitude": 18.185205, "coordinates.longitude": 103.05687, "datetimeFirst.utc": "2025-03-03T14:00:00Z", "datetimeFirst.local": "2025-03-03T21:00:00+07:00", "datetimeLast.utc": "2026-04-05T04:00:00Z", "datetimeLast.local": "2026-04-05T11:00:00+07:00", "name_right": "Laos", "code": "LAO", "group": "Countries" }, "geometry": { "type": "Point", "coordinates": [ 103.05687, 18.185205 ] } },
{ "type": "Feature", "properties": { "id": 3567156, "name": "May - Phongsaly", "locality": null, "timezone": "Asia/Vientiane", "isMobile": false, "isMonitor": false, "instruments": [ { "id": 7, "name": "Unknown AirGradient Sensor" } ], "sensors": [ { "id": 12365223, "name": "pm1 µg/m³", "parameter": { "id": 19, "name": "pm1", "units": "µg/m³", "displayName": "PM1" } }, { "id": 12365224, "name": "pm25 µg/m³", "parameter": { "id": 2, "name": "pm25", "units": "µg/m³", "displayName": "PM2.5" } }, { "id": 12365225, "name": "relativehumidity %", "parameter": { "id": 98, "name": "relativehumidity", "units": "%", "displayName": "RH" } }, { "id": 12365226, "name": "temperature c", "parameter": { "id": 100, "name": "temperature", "units": "c", "displayName": "Temperature (C)" } }, { "id": 12365227, "name": "um003 particles/cm³", "parameter": { "id": 125, "name": "um003", "units": "particles/cm³", "displayName": "PM0.3 count" } } ], "licenses": "[{'id': 41, 'name': 'CC BY 4.0', 'attribution': {'name': 'UNICEF', 'url': None}, 'dateFrom': '2023-07-15', 'dateTo': None}]", "bounds": [ 102.722705, 21.172583, 102.722705, 21.172583 ], "distance": null, "country.id": 68, "country.code": "LA", "country.name": "Lao PDR", "owner.id": 11271, "owner.name": "UNICEF", "provider.id": 66, "provider.name": "AirGradient", "coordinates.latitude": 21.172583, "coordinates.longitude": 102.722705, "datetimeFirst.utc": "2025-03-03T14:00:00Z", "datetimeFirst.local": "2025-03-03T21:00:00+07:00", "datetimeLast.utc": "2026-07-07T03:00:00Z", "datetimeLast.local": "2026-07-07T10:00:00+07:00", "name_right": "Laos", "code": "LAO", "group": "Countries" }, "geometry": { "type": "Point", "coordinates": [ 102.722705, 21.172583 ] } },
{ "type": "Feature", "properties": { "id": 3567157, "name": "Nalae - Louangnamtha", "locality": null, "timezone": "Asia/Vientiane", "isMobile": false, "isMonitor": false, "instruments": [ { "id": 7, "name": "Unknown AirGradient Sensor" } ], "sensors": [ { "id": 12365228, "name": "pm1 µg/m³", "parameter": { "id": 19, "name": "pm1", "units": "µg/m³", "displayName": "PM1" } }, { "id": 12365229, "name": "pm25 µg/m³", "parameter": { "id": 2, "name": "pm25", "units": "µg/m³", "displayName": "PM2.5" } }, { "id": 12365230, "name": "relativehumidity %", "parameter": { "id": 98, "name": "relativehumidity", "units": "%", "displayName": "RH" } }, { "id": 12365231, "name": "temperature c", "parameter": { "id": 100, "name": "temperature", "units": "c", "displayName": "Temperature (C)" } }, { "id": 12365232, "name": "um003 particles/cm³", "parameter": { "id": 125, "name": "um003", "units": "particles/cm³", "displayName": "PM0.3 count" } } ], "licenses": "[{'id': 41, 'name': 'CC BY 4.0', 'attribution': {'name': 'UNICEF', 'url': None}, 'dateFrom': '2023-07-15', 'dateTo': None}]", "bounds": [ 101.447461, 20.536617, 101.447461, 20.536617 ], "distance": null, "country.id": 68, "country.code": "LA", "country.name": "Lao PDR", "owner.id": 11271, "owner.name": "UNICEF", "provider.id": 66, "provider.name": "AirGradient", "coordinates.latitude": 20.536617, "coordinates.longitude": 101.447461, "datetimeFirst.utc": "2025-03-03T14:00:00Z", "datetimeFirst.local": "2025-03-03T21:00:00+07:00", "datetimeLast.utc": "2026-07-07T03:00:00Z", "datetimeLast.local": "2026-07-07T10:00:00+07:00", "name_right": "Laos", "code": "LAO", "group": "Countries" }, "geometry": { "type": "Point", "coordinates": [ 101.447461, 20.536617 ] } },
{ "type": "Feature", "properties": { "id": 3567158, "name": "Pha Oudom - Bokeo", "locality": null, "timezone": "Asia/Vientiane", "isMobile": false, "isMonitor": false, "instruments": [ { "id": 7, "name": "Unknown AirGradient Sensor" } ], "sensors": [ { "id": 12365233, "name": "pm1 µg/m³", "parameter": { "id": 19, "name": "pm1", "units": "µg/m³", "displayName": "PM1" } }, { "id": 12365234, "name": "pm25 µg/m³", "parameter": { "id": 2, "name": "pm25", "units": "µg/m³", "displayName": "PM2.5" } }, { "id": 12365235, "name": "relativehumidity %", "parameter": { "id": 98, "name": "relativehumidity", "units": "%", "displayName": "RH" } }, { "id": 12365236, "name": "temperature c", "parameter": { "id": 100, "name": "temperature", "units": "c", "displayName": "Temperature (C)" } }, { "id": 12365237, "name": "um003 particles/cm³", "parameter": { "id": 125, "name": "um003", "units": "particles/cm³", "displayName": "PM0.3 count" } } ], "licenses": "[{'id': 41, 'name': 'CC BY 4.0', 'attribution': {'name': 'UNICEF', 'url': None}, 'dateFrom': '2023-07-15', 'dateTo': None}]", "bounds": [ 100.831707, 20.086216, 100.831707, 20.086216 ], "distance": null, "country.id": 68, "country.code": "LA", "country.name": "Lao PDR", "owner.id": 11271, "owner.name": "UNICEF", "provider.id": 66, "provider.name": "AirGradient", "coordinates.latitude": 20.086216, "coordinates.longitude": 100.831707, "datetimeFirst.utc": "2025-03-03T14:00:00Z", "datetimeFirst.local": "2025-03-03T21:00:00+07:00", "datetimeLast.utc": "2026-07-07T03:00:00Z", "datetimeLast.local": "2026-07-07T10:00:00+07:00", "name_right": "Laos", "code": "LAO", "group": "Countries" }, "geometry": { "type": "Point", "coordinates": [ 100.831707, 20.086216 ] } },
{ "type": "Feature", "properties": { "id": 3567159, "name": "Phonhong - Vientiane", "locality": null, "timezone": "Asia/Vientiane", "isMobile": false, "isMonitor": false, "instruments": [ { "id": 7, "name": "Unknown AirGradient Sensor" } ], "sensors": [ { "id": 12365238, "name": "pm1 µg/m³", "parameter": { "id": 19, "name": "pm1", "units": "µg/m³", "displayName": "PM1" } }, { "id": 12365239, "name": "pm25 µg/m³", "parameter": { "id": 2, "name": "pm25", "units": "µg/m³", "displayName": "PM2.5" } }, { "id": 12365240, "name": "relativehumidity %", "parameter": { "id": 98, "name": "relativehumidity", "units": "%", "displayName": "RH" } }, { "id": 12365241, "name": "temperature c", "parameter": { "id": 100, "name": "temperature", "units": "c", "displayName": "Temperature (C)" } }, { "id": 12365242, "name": "um003 particles/cm³", "parameter": { "id": 125, "name": "um003", "units": "particles/cm³", "displayName": "PM0.3 count" } } ], "licenses": "[{'id': 41, 'name': 'CC BY 4.0', 'attribution': {'name': 'UNICEF', 'url': None}, 'dateFrom': '2023-07-15', 'dateTo': None}]", "bounds": [ 102.42424, 18.350024, 102.42424, 18.350024 ], "distance": null, "country.id": 68, "country.code": "LA", "country.name": "Lao PDR", "owner.id": 11271, "owner.name": "UNICEF", "provider.id": 66, "provider.name": "AirGradient", "coordinates.latitude": 18.350024, "coordinates.longitude": 102.42424, "datetimeFirst.utc": "2025-03-03T14:00:00Z", "datetimeFirst.local": "2025-03-03T21:00:00+07:00", "datetimeLast.utc": "2026-06-29T10:00:00Z", "datetimeLast.local": "2026-06-29T17:00:00+07:00", "name_right": "Laos", "code": "LAO", "group": "Countries" }, "geometry": { "type": "Point", "coordinates": [ 102.42424, 18.350024 ] } },
{ "type": "Feature", "properties": { "id": 3567160, "name": "Songkhone - Savannakhet", "locality": null, "timezone": "Asia/Vientiane", "isMobile": false, "isMonitor": false, "instruments": [ { "id": 7, "name": "Unknown AirGradient Sensor" } ], "sensors": [ { "id": 12365243, "name": "pm1 µg/m³", "parameter": { "id": 19, "name": "pm1", "units": "µg/m³", "displayName": "PM1" } }, { "id": 12365244, "name": "pm25 µg/m³", "parameter": { "id": 2, "name": "pm25", "units": "µg/m³", "displayName": "PM2.5" } }, { "id": 12365245, "name": "relativehumidity %", "parameter": { "id": 98, "name": "relativehumidity", "units": "%", "displayName": "RH" } }, { "id": 12365246, "name": "temperature c", "parameter": { "id": 100, "name": "temperature", "units": "c", "displayName": "Temperature (C)" } }, { "id": 12365247, "name": "um003 particles/cm³", "parameter": { "id": 125, "name": "um003", "units": "particles/cm³", "displayName": "PM0.3 count" } } ], "licenses": "[{'id': 41, 'name': 'CC BY 4.0', 'attribution': {'name': 'UNICEF', 'url': None}, 'dateFrom': '2023-07-15', 'dateTo': None}]", "bounds": [ 105.1965, 16.237196, 105.1965, 16.237196 ], "distance": null, "country.id": 68, "country.code": "LA", "country.name": "Lao PDR", "owner.id": 11271, "owner.name": "UNICEF", "provider.id": 66, "provider.name": "AirGradient", "coordinates.latitude": 16.237196, "coordinates.longitude": 105.1965, "datetimeFirst.utc": "2025-03-03T14:00:00Z", "datetimeFirst.local": "2025-03-03T21:00:00+07:00", "datetimeLast.utc": "2026-07-07T03:00:00Z", "datetimeLast.local": "2026-07-07T10:00:00+07:00", "name_right": "Laos", "code": "LAO", "group": "Countries" }, "geometry": { "type": "Point", "coordinates": [ 105.1965, 16.237196 ] } },
{ "type": "Feature", "properties": { "id": 3567161, "name": "Saravane Secondary School -Saravane, Saravane ມັດທະຍົມສົມບູນ ສາລະວັນ", "locality": null, "timezone": "Asia/Vientiane", "isMobile": false, "isMonitor": false, "instruments": [ { "id": 7, "name": "Unknown AirGradient Sensor" } ], "sensors": [ { "id": 12365248, "name": "pm1 µg/m³", "parameter": { "id": 19, "name": "pm1", "units": "µg/m³", "displayName": "PM1" } }, { "id": 12365249, "name": "pm25 µg/m³", "parameter": { "id": 2, "name": "pm25", "units": "µg/m³", "displayName": "PM2.5" } }, { "id": 12365250, "name": "relativehumidity %", "parameter": { "id": 98, "name": "relativehumidity", "units": "%", "displayName": "RH" } }, { "id": 12365251, "name": "temperature c", "parameter": { "id": 100, "name": "temperature", "units": "c", "displayName": "Temperature (C)" } }, { "id": 12365252, "name": "um003 particles/cm³", "parameter": { "id": 125, "name": "um003", "units": "particles/cm³", "displayName": "PM0.3 count" } } ], "licenses": "[{'id': 41, 'name': 'CC BY 4.0', 'attribution': {'name': 'UNICEF', 'url': None}, 'dateFrom': '2023-07-15', 'dateTo': None}]", "bounds": [ 106.422189, 15.707906, 106.422189, 15.707906 ], "distance": null, "country.id": 68, "country.code": "LA", "country.name": "Lao PDR", "owner.id": 11271, "owner.name": "UNICEF", "provider.id": 66, "provider.name": "AirGradient", "coordinates.latitude": 15.707906, "coordinates.longitude": 106.422189, "datetimeFirst.utc": "2025-03-03T14:00:00Z", "datetimeFirst.local": "2025-03-03T21:00:00+07:00", "datetimeLast.utc": "2026-07-07T03:00:00Z", "datetimeLast.local": "2026-07-07T10:00:00+07:00", "name_right": "Laos", "code": "LAO", "group": "Countries" }, "geometry": { "type": "Point", "coordinates": [ 106.422189, 15.707906 ] } },
{ "type": "Feature", "properties": { "id": 3572812, "name": "Bountay Secondary School - Bountay, Phongsaly ມັດທະຍົມ ບຸນໄຕ້", "locality": null, "timezone": "Asia/Vientiane", "isMobile": false, "isMonitor": false, "instruments": [ { "id": 7, "name": "Unknown AirGradient Sensor" } ], "sensors": [ { "id": 14153955, "name": "pm1 µg/m³", "parameter": { "id": 19, "name": "pm1", "units": "µg/m³", "displayName": "PM1" } }, { "id": 14153956, "name": "pm25 µg/m³", "parameter": { "id": 2, "name": "pm25", "units": "µg/m³", "displayName": "PM2.5" } }, { "id": 14153957, "name": "relativehumidity %", "parameter": { "id": 98, "name": "relativehumidity", "units": "%", "displayName": "RH" } }, { "id": 14153958, "name": "temperature c", "parameter": { "id": 100, "name": "temperature", "units": "c", "displayName": "Temperature (C)" } }, { "id": 14153959, "name": "um003 particles/cm³", "parameter": { "id": 125, "name": "um003", "units": "particles/cm³", "displayName": "PM0.3 count" } } ], "licenses": "[{'id': 41, 'name': 'CC BY 4.0', 'attribution': {'name': 'UNICEF', 'url': None}, 'dateFrom': '2023-07-15', 'dateTo': None}]", "bounds": [ 101.97925, 21.387451, 101.97925, 21.387451 ], "distance": null, "country.id": 68, "country.code": "LA", "country.name": "Lao PDR", "owner.id": 11271, "owner.name": "UNICEF", "provider.id": 66, "provider.name": "AirGradient", "coordinates.latitude": 21.387451, "coordinates.longitude": 101.97925, "datetimeFirst.utc": "2025-09-19T00:00:00Z", "datetimeFirst.local": "2025-09-19T07:00:00+07:00", "datetimeLast.utc": "2026-07-07T03:00:00Z", "datetimeLast.local": "2026-07-07T10:00:00+07:00", "name_right": "Laos", "code": "LAO", "group": "Countries" }, "geometry": { "type": "Point", "coordinates": [ 101.97925, 21.387451 ] } },
{ "type": "Feature", "properties": { "id": 3572813, "name": "Xay Secondary School - Xay, Oudomxay ມັດທະຍົມ ເທດສະບານແຂວງ", "locality": null, "timezone": "Asia/Vientiane", "isMobile": false, "isMonitor": false, "instruments": [ { "id": 7, "name": "Unknown AirGradient Sensor" } ], "sensors": [ { "id": 14153965, "name": "pm1 µg/m³", "parameter": { "id": 19, "name": "pm1", "units": "µg/m³", "displayName": "PM1" } }, { "id": 14153966, "name": "pm25 µg/m³", "parameter": { "id": 2, "name": "pm25", "units": "µg/m³", "displayName": "PM2.5" } }, { "id": 14153967, "name": "relativehumidity %", "parameter": { "id": 98, "name": "relativehumidity", "units": "%", "displayName": "RH" } }, { "id": 14153968, "name": "temperature c", "parameter": { "id": 100, "name": "temperature", "units": "c", "displayName": "Temperature (C)" } }, { "id": 14153969, "name": "um003 particles/cm³", "parameter": { "id": 125, "name": "um003", "units": "particles/cm³", "displayName": "PM0.3 count" } } ], "licenses": "[{'id': 41, 'name': 'CC BY 4.0', 'attribution': {'name': 'UNICEF', 'url': None}, 'dateFrom': '2023-07-15', 'dateTo': None}]", "bounds": [ 101.991856, 20.700342, 101.991856, 20.700342 ], "distance": null, "country.id": 68, "country.code": "LA", "country.name": "Lao PDR", "owner.id": 11271, "owner.name": "UNICEF", "provider.id": 66, "provider.name": "AirGradient", "coordinates.latitude": 20.700342, "coordinates.longitude": 101.991856, "datetimeFirst.utc": "2025-09-19T00:00:00Z", "datetimeFirst.local": "2025-09-19T07:00:00+07:00", "datetimeLast.utc": "2026-07-07T03:00:00Z", "datetimeLast.local": "2026-07-07T10:00:00+07:00", "name_right": "Laos", "code": "LAO", "group": "Countries" }, "geometry": { "type": "Point", "coordinates": [ 101.991856, 20.700342 ] } },
{ "type": "Feature", "properties": { "id": 3572814, "name": "Dakcheung Secondary School - Dakcheung, Sekongມັດທະຍົມສົມບູນ ດາກຈຶງ", "locality": null, "timezone": "Asia/Vientiane", "isMobile": false, "isMonitor": false, "instruments": [ { "id": 7, "name": "Unknown AirGradient Sensor" } ], "sensors": [ { "id": 12860819, "name": "pm1 µg/m³", "parameter": { "id": 19, "name": "pm1", "units": "µg/m³", "displayName": "PM1" } }, { "id": 12860820, "name": "pm25 µg/m³", "parameter": { "id": 2, "name": "pm25", "units": "µg/m³", "displayName": "PM2.5" } }, { "id": 12860821, "name": "relativehumidity %", "parameter": { "id": 98, "name": "relativehumidity", "units": "%", "displayName": "RH" } }, { "id": 12860822, "name": "temperature c", "parameter": { "id": 100, "name": "temperature", "units": "c", "displayName": "Temperature (C)" } }, { "id": 12860823, "name": "um003 particles/cm³", "parameter": { "id": 125, "name": "um003", "units": "particles/cm³", "displayName": "PM0.3 count" } } ], "licenses": "[{'id': 41, 'name': 'CC BY 4.0', 'attribution': {'name': 'UNICEF', 'url': None}, 'dateFrom': '2023-07-15', 'dateTo': None}]", "bounds": [ 107.271451, 15.467532, 107.271451, 15.467532 ], "distance": null, "country.id": 68, "country.code": "LA", "country.name": "Lao PDR", "owner.id": 11271, "owner.name": "UNICEF", "provider.id": 66, "provider.name": "AirGradient", "coordinates.latitude": 15.467532, "coordinates.longitude": 107.271451, "datetimeFirst.utc": "2025-04-23T02:00:00Z", "datetimeFirst.local": "2025-04-23T09:00:00+07:00", "datetimeLast.utc": "2026-07-07T03:00:00Z", "datetimeLast.local": "2026-07-07T10:00:00+07:00", "name_right": "Laos", "code": "LAO", "group": "Countries" }, "geometry": { "type": "Point", "coordinates": [ 107.271451, 15.467532 ] } },
{ "type": "Feature", "properties": { "id": 3585655, "name": "Thongmixay Secondary School - Thongmixay, Xayabouly ມັດທະຍົມສົມບູນ ທົ່ງມີໄຊ", "locality": null, "timezone": "Asia/Vientiane", "isMobile": false, "isMonitor": false, "instruments": [ { "id": 7, "name": "Unknown AirGradient Sensor" } ], "sensors": [ { "id": 14267489, "name": "pm1 µg/m³", "parameter": { "id": 19, "name": "pm1", "units": "µg/m³", "displayName": "PM1" } }, { "id": 14267490, "name": "pm25 µg/m³", "parameter": { "id": 2, "name": "pm25", "units": "µg/m³", "displayName": "PM2.5" } }, { "id": 14267491, "name": "relativehumidity %", "parameter": { "id": 98, "name": "relativehumidity", "units": "%", "displayName": "RH" } }, { "id": 14267492, "name": "temperature c", "parameter": { "id": 100, "name": "temperature", "units": "c", "displayName": "Temperature (C)" } }, { "id": 14267493, "name": "um003 particles/cm³", "parameter": { "id": 125, "name": "um003", "units": "particles/cm³", "displayName": "PM0.3 count" } } ], "licenses": "[{'id': 41, 'name': 'CC BY 4.0', 'attribution': {'name': 'UNICEF', 'url': None}, 'dateFrom': '2023-07-15', 'dateTo': None}]", "bounds": [ 101.173584, 18.398246, 101.173584, 18.398246 ], "distance": null, "country.id": 68, "country.code": "LA", "country.name": "Lao PDR", "owner.id": 11271, "owner.name": "UNICEF", "provider.id": 66, "provider.name": "AirGradient", "coordinates.latitude": 18.398246, "coordinates.longitude": 101.173584, "datetimeFirst.utc": "2025-10-02T09:00:00Z", "datetimeFirst.local": "2025-10-02T16:00:00+07:00", "datetimeLast.utc": "2026-07-07T03:00:00Z", "datetimeLast.local": "2026-07-07T10:00:00+07:00", "name_right": "Laos", "code": "LAO", "group": "Countries" }, "geometry": { "type": "Point", "coordinates": [ 101.173584, 18.398246 ] } },
{ "type": "Feature", "properties": { "id": 3585656, "name": "NamNgeun Secondary School - Ngeun, Xayabouly ມັດທະຍົມສົມບູນ ນ້ຳເງິນ", "locality": null, "timezone": "Asia/Vientiane", "isMobile": false, "isMonitor": false, "instruments": [ { "id": 1, "name": "N/A" } ], "sensors": [ { "id": 12860764, "name": "pm1 µg/m³", "parameter": { "id": 19, "name": "pm1", "units": "µg/m³", "displayName": "PM1" } }, { "id": 12860765, "name": "pm25 µg/m³", "parameter": { "id": 2, "name": "pm25", "units": "µg/m³", "displayName": "PM2.5" } }, { "id": 12860766, "name": "relativehumidity %", "parameter": { "id": 98, "name": "relativehumidity", "units": "%", "displayName": "RH" } }, { "id": 12860767, "name": "temperature c", "parameter": { "id": 100, "name": "temperature", "units": "c", "displayName": "Temperature (C)" } }, { "id": 12860768, "name": "um003 particles/cm³", "parameter": { "id": 125, "name": "um003", "units": "particles/cm³", "displayName": "PM0.3 count" } } ], "licenses": "[{'id': 41, 'name': 'CC BY 4.0', 'attribution': {'name': 'UNICEF', 'url': None}, 'dateFrom': '2023-07-15', 'dateTo': None}]", "bounds": [ 101.112439, 19.619875, 101.112439, 19.619875 ], "distance": null, "country.id": 68, "country.code": "LA", "country.name": "Lao PDR", "owner.id": 11271, "owner.name": "UNICEF", "provider.id": 66, "provider.name": "AirGradient", "coordinates.latitude": 19.619875, "coordinates.longitude": 101.112439, "datetimeFirst.utc": "2025-04-23T02:00:00Z", "datetimeFirst.local": "2025-04-23T09:00:00+07:00", "datetimeLast.utc": "2026-07-07T03:00:00Z", "datetimeLast.local": "2026-07-07T10:00:00+07:00", "name_right": "Laos", "code": "LAO", "group": "Countries" }, "geometry": { "type": "Point", "coordinates": [ 101.112439, 19.619875 ] } },
{ "type": "Feature", "properties": { "id": 3585657, "name": "Parkthang Secondary School - Thoulakhom, Vientiane Province ມັດທະຍົມສົມບູນ ປາກທາງ", "locality": null, "timezone": "Asia/Vientiane", "isMobile": false, "isMonitor": false, "instruments": [ { "id": 7, "name": "Unknown AirGradient Sensor" } ], "sensors": [ { "id": 14157098, "name": "pm1 µg/m³", "parameter": { "id": 19, "name": "pm1", "units": "µg/m³", "displayName": "PM1" } }, { "id": 14157099, "name": "pm25 µg/m³", "parameter": { "id": 2, "name": "pm25", "units": "µg/m³", "displayName": "PM2.5" } }, { "id": 14157100, "name": "relativehumidity %", "parameter": { "id": 98, "name": "relativehumidity", "units": "%", "displayName": "RH" } }, { "id": 14157101, "name": "temperature c", "parameter": { "id": 100, "name": "temperature", "units": "c", "displayName": "Temperature (C)" } }, { "id": 14157102, "name": "um003 particles/cm³", "parameter": { "id": 125, "name": "um003", "units": "particles/cm³", "displayName": "PM0.3 count" } } ], "licenses": "[{'id': 41, 'name': 'CC BY 4.0', 'attribution': {'name': 'UNICEF', 'url': None}, 'dateFrom': '2023-07-15', 'dateTo': None}]", "bounds": [ 102.660862, 18.339214, 102.660862, 18.339214 ], "distance": null, "country.id": 68, "country.code": "LA", "country.name": "Lao PDR", "owner.id": 11271, "owner.name": "UNICEF", "provider.id": 66, "provider.name": "AirGradient", "coordinates.latitude": 18.339214, "coordinates.longitude": 102.660862, "datetimeFirst.utc": "2025-09-19T09:00:00Z", "datetimeFirst.local": "2025-09-19T16:00:00+07:00", "datetimeLast.utc": "2026-06-25T09:00:00Z", "datetimeLast.local": "2026-06-25T16:00:00+07:00", "name_right": "Laos", "code": "LAO", "group": "Countries" }, "geometry": { "type": "Point", "coordinates": [ 102.660862, 18.339214 ] } },
{ "type": "Feature", "properties": { "id": 3587757, "name": "OuTai Secondary School - NhotOu, Phongsaly ມັດທະຍົມສົມບູນ ອູໄຕ້", "locality": null, "timezone": "Asia/Vientiane", "isMobile": false, "isMonitor": false, "instruments": [ { "id": 7, "name": "Unknown AirGradient Sensor" } ], "sensors": [ { "id": 14153950, "name": "pm1 µg/m³", "parameter": { "id": 19, "name": "pm1", "units": "µg/m³", "displayName": "PM1" } }, { "id": 14153951, "name": "pm25 µg/m³", "parameter": { "id": 2, "name": "pm25", "units": "µg/m³", "displayName": "PM2.5" } }, { "id": 14153952, "name": "relativehumidity %", "parameter": { "id": 98, "name": "relativehumidity", "units": "%", "displayName": "RH" } }, { "id": 14153953, "name": "temperature c", "parameter": { "id": 100, "name": "temperature", "units": "c", "displayName": "Temperature (C)" } }, { "id": 14153954, "name": "um003 particles/cm³", "parameter": { "id": 125, "name": "um003", "units": "particles/cm³", "displayName": "PM0.3 count" } } ], "licenses": "[{'id': 41, 'name': 'CC BY 4.0', 'attribution': {'name': 'UNICEF', 'url': None}, 'dateFrom': '2023-07-15', 'dateTo': None}]", "bounds": [ 101.801674, 22.132114, 101.801674, 22.132114 ], "distance": null, "country.id": 68, "country.code": "LA", "country.name": "Lao PDR", "owner.id": 11271, "owner.name": "UNICEF", "provider.id": 66, "provider.name": "AirGradient", "coordinates.latitude": 22.132114, "coordinates.longitude": 101.801674, "datetimeFirst.utc": "2025-09-19T00:00:00Z", "datetimeFirst.local": "2025-09-19T07:00:00+07:00", "datetimeLast.utc": "2026-07-07T03:00:00Z", "datetimeLast.local": "2026-07-07T10:00:00+07:00", "name_right": "Laos", "code": "LAO", "group": "Countries" }, "geometry": { "type": "Point", "coordinates": [ 101.801674, 22.132114 ] } },
{ "type": "Feature", "properties": { "id": 3591603, "name": "La Secondary School - La, Oudomxai ມັດທະຍົມສົມບູນ ເມືອງຫລາ", "locality": null, "timezone": "Asia/Vientiane", "isMobile": false, "isMonitor": false, "instruments": [ { "id": 7, "name": "Unknown AirGradient Sensor" } ], "sensors": [ { "id": 12385251, "name": "pm1 µg/m³", "parameter": { "id": 19, "name": "pm1", "units": "µg/m³", "displayName": "PM1" } }, { "id": 12385252, "name": "pm25 µg/m³", "parameter": { "id": 2, "name": "pm25", "units": "µg/m³", "displayName": "PM2.5" } }, { "id": 12385253, "name": "relativehumidity %", "parameter": { "id": 98, "name": "relativehumidity", "units": "%", "displayName": "RH" } }, { "id": 12385254, "name": "temperature c", "parameter": { "id": 100, "name": "temperature", "units": "c", "displayName": "Temperature (C)" } }, { "id": 12385255, "name": "um003 particles/cm³", "parameter": { "id": 125, "name": "um003", "units": "particles/cm³", "displayName": "PM0.3 count" } } ], "licenses": "[{'id': 41, 'name': 'CC BY 4.0', 'attribution': {'name': 'UNICEF', 'url': None}, 'dateFrom': '2023-07-15', 'dateTo': None}]", "bounds": [ 102.110246, 20.870865, 102.110246, 20.870865 ], "distance": null, "country.id": 68, "country.code": "LA", "country.name": "Lao PDR", "owner.id": 11271, "owner.name": "UNICEF", "provider.id": 66, "provider.name": "AirGradient", "coordinates.latitude": 20.870865, "coordinates.longitude": 102.110246, "datetimeFirst.utc": "2025-03-05T13:00:00Z", "datetimeFirst.local": "2025-03-05T20:00:00+07:00", "datetimeLast.utc": "2026-03-31T02:00:00Z", "datetimeLast.local": "2026-03-31T09:00:00+07:00", "name_right": "Laos", "code": "LAO", "group": "Countries" }, "geometry": { "type": "Point", "coordinates": [ 102.110246, 20.870865 ] } },
{ "type": "Feature", "properties": { "id": 3591604, "name": "Meung - Bokeo", "locality": null, "timezone": "Asia/Vientiane", "isMobile": false, "isMonitor": false, "instruments": [ { "id": 7, "name": "Unknown AirGradient Sensor" } ], "sensors": [ { "id": 12385256, "name": "pm1 µg/m³", "parameter": { "id": 19, "name": "pm1", "units": "µg/m³", "displayName": "PM1" } }, { "id": 12385257, "name": "pm25 µg/m³", "parameter": { "id": 2, "name": "pm25", "units": "µg/m³", "displayName": "PM2.5" } }, { "id": 12385258, "name": "relativehumidity %", "parameter": { "id": 98, "name": "relativehumidity", "units": "%", "displayName": "RH" } }, { "id": 12385259, "name": "temperature c", "parameter": { "id": 100, "name": "temperature", "units": "c", "displayName": "Temperature (C)" } }, { "id": 12385260, "name": "um003 particles/cm³", "parameter": { "id": 125, "name": "um003", "units": "particles/cm³", "displayName": "PM0.3 count" } } ], "licenses": "[{'id': 41, 'name': 'CC BY 4.0', 'attribution': {'name': 'UNICEF', 'url': None}, 'dateFrom': '2023-07-15', 'dateTo': None}]", "bounds": [ 100.592003, 20.565749, 100.592003, 20.565749 ], "distance": null, "country.id": 68, "country.code": "LA", "country.name": "Lao PDR", "owner.id": 11271, "owner.name": "UNICEF", "provider.id": 66, "provider.name": "AirGradient", "coordinates.latitude": 20.565749, "coordinates.longitude": 100.592003, "datetimeFirst.utc": "2025-03-05T13:00:00Z", "datetimeFirst.local": "2025-03-05T20:00:00+07:00", "datetimeLast.utc": "2026-07-07T03:00:00Z", "datetimeLast.local": "2026-07-07T10:00:00+07:00", "name_right": "Laos", "code": "LAO", "group": "Countries" }, "geometry": { "type": "Point", "coordinates": [ 100.592003, 20.565749 ] } },
{ "type": "Feature", "properties": { "id": 3591605, "name": "BouamNgam Secondary School - Huameuang, Houaphan  ມັດທະຍົມ ບວມງາມ", "locality": null, "timezone": "Asia/Vientiane", "isMobile": false, "isMonitor": false, "instruments": [ { "id": 7, "name": "Unknown AirGradient Sensor" } ], "sensors": [ { "id": 12385261, "name": "pm1 µg/m³", "parameter": { "id": 19, "name": "pm1", "units": "µg/m³", "displayName": "PM1" } }, { "id": 12385262, "name": "pm25 µg/m³", "parameter": { "id": 2, "name": "pm25", "units": "µg/m³", "displayName": "PM2.5" } }, { "id": 12385263, "name": "relativehumidity %", "parameter": { "id": 98, "name": "relativehumidity", "units": "%", "displayName": "RH" } }, { "id": 12385264, "name": "temperature c", "parameter": { "id": 100, "name": "temperature", "units": "c", "displayName": "Temperature (C)" } }, { "id": 12385265, "name": "um003 particles/cm³", "parameter": { "id": 125, "name": "um003", "units": "particles/cm³", "displayName": "PM0.3 count" } } ], "licenses": "[{'id': 41, 'name': 'CC BY 4.0', 'attribution': {'name': 'UNICEF', 'url': None}, 'dateFrom': '2023-07-15', 'dateTo': None}]", "bounds": [ 103.875166, 20.199501, 103.875166, 20.199501 ], "distance": null, "country.id": 68, "country.code": "LA", "country.name": "Lao PDR", "owner.id": 11271, "owner.name": "UNICEF", "provider.id": 66, "provider.name": "AirGradient", "coordinates.latitude": 20.199501, "coordinates.longitude": 103.875166, "datetimeFirst.utc": "2025-03-05T14:00:00Z", "datetimeFirst.local": "2025-03-05T21:00:00+07:00", "datetimeLast.utc": "2026-07-07T03:00:00Z", "datetimeLast.local": "2026-07-07T10:00:00+07:00", "name_right": "Laos", "code": "LAO", "group": "Countries" }, "geometry": { "type": "Point", "coordinates": [ 103.875166, 20.199501 ] } },
{ "type": "Feature", "properties": { "id": 3591606, "name": "Parklai - Xaignabouly", "locality": null, "timezone": "Asia/Vientiane", "isMobile": false, "isMonitor": false, "instruments": [ { "id": 7, "name": "Unknown AirGradient Sensor" } ], "sensors": [ { "id": 12385266, "name": "pm1 µg/m³", "parameter": { "id": 19, "name": "pm1", "units": "µg/m³", "displayName": "PM1" } }, { "id": 12385267, "name": "pm25 µg/m³", "parameter": { "id": 2, "name": "pm25", "units": "µg/m³", "displayName": "PM2.5" } }, { "id": 12385268, "name": "relativehumidity %", "parameter": { "id": 98, "name": "relativehumidity", "units": "%", "displayName": "RH" } }, { "id": 12385269, "name": "temperature c", "parameter": { "id": 100, "name": "temperature", "units": "c", "displayName": "Temperature (C)" } }, { "id": 12385270, "name": "um003 particles/cm³", "parameter": { "id": 125, "name": "um003", "units": "particles/cm³", "displayName": "PM0.3 count" } } ], "licenses": "[{'id': 41, 'name': 'CC BY 4.0', 'attribution': {'name': 'UNICEF', 'url': None}, 'dateFrom': '2023-07-15', 'dateTo': None}]", "bounds": [ 101.405717, 18.220795, 101.405717, 18.220795 ], "distance": null, "country.id": 68, "country.code": "LA", "country.name": "Lao PDR", "owner.id": 11271, "owner.name": "UNICEF", "provider.id": 66, "provider.name": "AirGradient", "coordinates.latitude": 18.220795, "coordinates.longitude": 101.405717, "datetimeFirst.utc": "2025-03-05T13:00:00Z", "datetimeFirst.local": "2025-03-05T20:00:00+07:00", "datetimeLast.utc": "2026-07-07T03:00:00Z", "datetimeLast.local": "2026-07-07T10:00:00+07:00", "name_right": "Laos", "code": "LAO", "group": "Countries" }, "geometry": { "type": "Point", "coordinates": [ 101.405717, 18.220795 ] } },
{ "type": "Feature", "properties": { "id": 3591607, "name": "Napa Secondary School - Kham, Xiengkhouang ມັດທະຍົມ ນາປາ", "locality": null, "timezone": "Asia/Vientiane", "isMobile": false, "isMonitor": false, "instruments": [ { "id": 7, "name": "Unknown AirGradient Sensor" } ], "sensors": [ { "id": 12385271, "name": "pm1 µg/m³", "parameter": { "id": 19, "name": "pm1", "units": "µg/m³", "displayName": "PM1" } }, { "id": 12385272, "name": "pm25 µg/m³", "parameter": { "id": 2, "name": "pm25", "units": "µg/m³", "displayName": "PM2.5" } }, { "id": 12385273, "name": "relativehumidity %", "parameter": { "id": 98, "name": "relativehumidity", "units": "%", "displayName": "RH" } }, { "id": 12385274, "name": "temperature c", "parameter": { "id": 100, "name": "temperature", "units": "c", "displayName": "Temperature (C)" } }, { "id": 12385275, "name": "um003 particles/cm³", "parameter": { "id": 125, "name": "um003", "units": "particles/cm³", "displayName": "PM0.3 count" } } ], "licenses": "[{'id': 41, 'name': 'CC BY 4.0', 'attribution': {'name': 'UNICEF', 'url': None}, 'dateFrom': '2023-07-15', 'dateTo': None}]", "bounds": [ 103.662369, 19.590573, 103.662369, 19.590573 ], "distance": null, "country.id": 68, "country.code": "LA", "country.name": "Lao PDR", "owner.id": 11271, "owner.name": "UNICEF", "provider.id": 66, "provider.name": "AirGradient", "coordinates.latitude": 19.590573, "coordinates.longitude": 103.662369, "datetimeFirst.utc": "2025-03-05T13:00:00Z", "datetimeFirst.local": "2025-03-05T20:00:00+07:00", "datetimeLast.utc": "2026-07-07T03:00:00Z", "datetimeLast.local": "2026-07-07T10:00:00+07:00", "name_right": "Laos", "code": "LAO", "group": "Countries" }, "geometry": { "type": "Point", "coordinates": [ 103.662369, 19.590573 ] } },
{ "type": "Feature", "properties": { "id": 3591608, "name": "Mork - Xiengkhouang", "locality": null, "timezone": "Asia/Vientiane", "isMobile": false, "isMonitor": false, "instruments": [ { "id": 7, "name": "Unknown AirGradient Sensor" } ], "sensors": [ { "id": 12385276, "name": "pm1 µg/m³", "parameter": { "id": 19, "name": "pm1", "units": "µg/m³", "displayName": "PM1" } }, { "id": 12385277, "name": "pm25 µg/m³", "parameter": { "id": 2, "name": "pm25", "units": "µg/m³", "displayName": "PM2.5" } }, { "id": 12385278, "name": "relativehumidity %", "parameter": { "id": 98, "name": "relativehumidity", "units": "%", "displayName": "RH" } }, { "id": 12385279, "name": "temperature c", "parameter": { "id": 100, "name": "temperature", "units": "c", "displayName": "Temperature (C)" } }, { "id": 12385280, "name": "um003 particles/cm³", "parameter": { "id": 125, "name": "um003", "units": "particles/cm³", "displayName": "PM0.3 count" } } ], "licenses": "[{'id': 41, 'name': 'CC BY 4.0', 'attribution': {'name': 'UNICEF', 'url': None}, 'dateFrom': '2023-07-15', 'dateTo': None}]", "bounds": [ 103.992683, 18.929384, 103.992683, 18.929384 ], "distance": null, "country.id": 68, "country.code": "LA", "country.name": "Lao PDR", "owner.id": 11271, "owner.name": "UNICEF", "provider.id": 66, "provider.name": "AirGradient", "coordinates.latitude": 18.929384, "coordinates.longitude": 103.992683, "datetimeFirst.utc": "2025-03-05T13:00:00Z", "datetimeFirst.local": "2025-03-05T20:00:00+07:00", "datetimeLast.utc": "2026-07-07T03:00:00Z", "datetimeLast.local": "2026-07-07T10:00:00+07:00", "name_right": "Laos", "code": "LAO", "group": "Countries" }, "geometry": { "type": "Point", "coordinates": [ 103.992683, 18.929384 ] } },
{ "type": "Feature", "properties": { "id": 3591609, "name": "Vangvieng - Vientiane", "locality": null, "timezone": "Asia/Vientiane", "isMobile": false, "isMonitor": false, "instruments": [ { "id": 7, "name": "Unknown AirGradient Sensor" } ], "sensors": [ { "id": 12385281, "name": "pm1 µg/m³", "parameter": { "id": 19, "name": "pm1", "units": "µg/m³", "displayName": "PM1" } }, { "id": 12385282, "name": "pm25 µg/m³", "parameter": { "id": 2, "name": "pm25", "units": "µg/m³", "displayName": "PM2.5" } }, { "id": 12385283, "name": "relativehumidity %", "parameter": { "id": 98, "name": "relativehumidity", "units": "%", "displayName": "RH" } }, { "id": 12385284, "name": "temperature c", "parameter": { "id": 100, "name": "temperature", "units": "c", "displayName": "Temperature (C)" } }, { "id": 12385285, "name": "um003 particles/cm³", "parameter": { "id": 125, "name": "um003", "units": "particles/cm³", "displayName": "PM0.3 count" } } ], "licenses": "[{'id': 41, 'name': 'CC BY 4.0', 'attribution': {'name': 'UNICEF', 'url': None}, 'dateFrom': '2023-07-15', 'dateTo': None}]", "bounds": [ 102.529697, 18.855459, 102.529697, 18.855459 ], "distance": null, "country.id": 68, "country.code": "LA", "country.name": "Lao PDR", "owner.id": 11271, "owner.name": "UNICEF", "provider.id": 66, "provider.name": "AirGradient", "coordinates.latitude": 18.855459, "coordinates.longitude": 102.529697, "datetimeFirst.utc": "2025-03-05T13:00:00Z", "datetimeFirst.local": "2025-03-05T20:00:00+07:00", "datetimeLast.utc": "2026-06-19T01:00:00Z", "datetimeLast.local": "2026-06-19T08:00:00+07:00", "name_right": "Laos", "code": "LAO", "group": "Countries" }, "geometry": { "type": "Point", "coordinates": [ 102.529697, 18.855459 ] } },
{ "type": "Feature", "properties": { "id": 3591610, "name": "Toomlarn Secondary School - Toomlarn, Saravane ມັດທະຍົມສົມບູນ ຕຸ້ມລານ", "locality": null, "timezone": "Asia/Vientiane", "isMobile": false, "isMonitor": false, "instruments": [ { "id": 7, "name": "Unknown AirGradient Sensor" } ], "sensors": [ { "id": 12385286, "name": "pm1 µg/m³", "parameter": { "id": 19, "name": "pm1", "units": "µg/m³", "displayName": "PM1" } }, { "id": 12385287, "name": "pm25 µg/m³", "parameter": { "id": 2, "name": "pm25", "units": "µg/m³", "displayName": "PM2.5" } }, { "id": 12385288, "name": "relativehumidity %", "parameter": { "id": 98, "name": "relativehumidity", "units": "%", "displayName": "RH" } }, { "id": 12385289, "name": "temperature c", "parameter": { "id": 100, "name": "temperature", "units": "c", "displayName": "Temperature (C)" } }, { "id": 12385290, "name": "um003 particles/cm³", "parameter": { "id": 125, "name": "um003", "units": "particles/cm³", "displayName": "PM0.3 count" } } ], "licenses": "[{'id': 41, 'name': 'CC BY 4.0', 'attribution': {'name': 'UNICEF', 'url': None}, 'dateFrom': '2023-07-15', 'dateTo': None}]", "bounds": [ 106.192399, 15.994499, 106.192399, 15.994499 ], "distance": null, "country.id": 68, "country.code": "LA", "country.name": "Lao PDR", "owner.id": 11271, "owner.name": "UNICEF", "provider.id": 66, "provider.name": "AirGradient", "coordinates.latitude": 15.994499, "coordinates.longitude": 106.192399, "datetimeFirst.utc": "2025-03-05T13:00:00Z", "datetimeFirst.local": "2025-03-05T20:00:00+07:00", "datetimeLast.utc": "2026-07-07T03:00:00Z", "datetimeLast.local": "2026-07-07T10:00:00+07:00", "name_right": "Laos", "code": "LAO", "group": "Countries" }, "geometry": { "type": "Point", "coordinates": [ 106.192399, 15.994499 ] } },
{ "type": "Feature", "properties": { "id": 3591611, "name": "Lao Ngarm - Salavan", "locality": null, "timezone": "Asia/Vientiane", "isMobile": false, "isMonitor": false, "instruments": [ { "id": 7, "name": "Unknown AirGradient Sensor" } ], "sensors": [ { "id": 12385291, "name": "pm1 µg/m³", "parameter": { "id": 19, "name": "pm1", "units": "µg/m³", "displayName": "PM1" } }, { "id": 12385292, "name": "pm25 µg/m³", "parameter": { "id": 2, "name": "pm25", "units": "µg/m³", "displayName": "PM2.5" } }, { "id": 12385293, "name": "relativehumidity %", "parameter": { "id": 98, "name": "relativehumidity", "units": "%", "displayName": "RH" } }, { "id": 12385294, "name": "temperature c", "parameter": { "id": 100, "name": "temperature", "units": "c", "displayName": "Temperature (C)" } }, { "id": 12385295, "name": "um003 particles/cm³", "parameter": { "id": 125, "name": "um003", "units": "particles/cm³", "displayName": "PM0.3 count" } } ], "licenses": "[{'id': 41, 'name': 'CC BY 4.0', 'attribution': {'name': 'UNICEF', 'url': None}, 'dateFrom': '2023-07-15', 'dateTo': None}]", "bounds": [ 106.16172, 15.461092, 106.16172, 15.461092 ], "distance": null, "country.id": 68, "country.code": "LA", "country.name": "Lao PDR", "owner.id": 11271, "owner.name": "UNICEF", "provider.id": 66, "provider.name": "AirGradient", "coordinates.latitude": 15.461092, "coordinates.longitude": 106.16172, "datetimeFirst.utc": "2025-03-05T13:00:00Z", "datetimeFirst.local": "2025-03-05T20:00:00+07:00", "datetimeLast.utc": "2026-07-07T03:00:00Z", "datetimeLast.local": "2026-07-07T10:00:00+07:00", "name_right": "Laos", "code": "LAO", "group": "Countries" }, "geometry": { "type": "Point", "coordinates": [ 106.16172, 15.461092 ] } },
{ "type": "Feature", "properties": { "id": 3591612, "name": "Sanxay - Attapeu", "locality": null, "timezone": "Asia/Vientiane", "isMobile": false, "isMonitor": false, "instruments": [ { "id": 7, "name": "Unknown AirGradient Sensor" } ], "sensors": [ { "id": 12385246, "name": "pm1 µg/m³", "parameter": { "id": 19, "name": "pm1", "units": "µg/m³", "displayName": "PM1" } }, { "id": 12385247, "name": "pm25 µg/m³", "parameter": { "id": 2, "name": "pm25", "units": "µg/m³", "displayName": "PM2.5" } }, { "id": 12385248, "name": "relativehumidity %", "parameter": { "id": 98, "name": "relativehumidity", "units": "%", "displayName": "RH" } }, { "id": 12385249, "name": "temperature c", "parameter": { "id": 100, "name": "temperature", "units": "c", "displayName": "Temperature (C)" } }, { "id": 12385250, "name": "um003 particles/cm³", "parameter": { "id": 125, "name": "um003", "units": "particles/cm³", "displayName": "PM0.3 count" } } ], "licenses": "[{'id': 41, 'name': 'CC BY 4.0', 'attribution': {'name': 'UNICEF', 'url': None}, 'dateFrom': '2023-07-15', 'dateTo': None}]", "bounds": [ 107.052837, 14.925784, 107.052837, 14.925784 ], "distance": null, "country.id": 68, "country.code": "LA", "country.name": "Lao PDR", "owner.id": 11271, "owner.name": "UNICEF", "provider.id": 66, "provider.name": "AirGradient", "coordinates.latitude": 14.925784, "coordinates.longitude": 107.052837, "datetimeFirst.utc": "2025-03-05T13:00:00Z", "datetimeFirst.local": "2025-03-05T20:00:00+07:00", "datetimeLast.utc": "2026-07-07T03:00:00Z", "datetimeLast.local": "2026-07-07T10:00:00+07:00", "name_right": "Laos", "code": "LAO", "group": "Countries" }, "geometry": { "type": "Point", "coordinates": [ 107.052837, 14.925784 ] } },
{ "type": "Feature", "properties": { "id": 3597971, "name": "Xamneua - Houaphan", "locality": null, "timezone": "Asia/Vientiane", "isMobile": false, "isMonitor": false, "instruments": [ { "id": 7, "name": "Unknown AirGradient Sensor" } ], "sensors": [ { "id": 12390570, "name": "pm1 µg/m³", "parameter": { "id": 19, "name": "pm1", "units": "µg/m³", "displayName": "PM1" } }, { "id": 12390571, "name": "pm25 µg/m³", "parameter": { "id": 2, "name": "pm25", "units": "µg/m³", "displayName": "PM2.5" } }, { "id": 12390572, "name": "relativehumidity %", "parameter": { "id": 98, "name": "relativehumidity", "units": "%", "displayName": "RH" } }, { "id": 12390573, "name": "temperature c", "parameter": { "id": 100, "name": "temperature", "units": "c", "displayName": "Temperature (C)" } }, { "id": 12390574, "name": "um003 particles/cm³", "parameter": { "id": 125, "name": "um003", "units": "particles/cm³", "displayName": "PM0.3 count" } } ], "licenses": "[{'id': 41, 'name': 'CC BY 4.0', 'attribution': {'name': 'UNICEF', 'url': None}, 'dateFrom': '2023-07-15', 'dateTo': None}]", "bounds": [ 104.050733, 20.413807, 104.050733, 20.413807 ], "distance": null, "country.id": 68, "country.code": "LA", "country.name": "Lao PDR", "owner.id": 11271, "owner.name": "UNICEF", "provider.id": 66, "provider.name": "AirGradient", "coordinates.latitude": 20.413807, "coordinates.longitude": 104.050733, "datetimeFirst.utc": "2025-03-06T03:00:00Z", "datetimeFirst.local": "2025-03-06T10:00:00+07:00", "datetimeLast.utc": "2026-07-07T03:00:00Z", "datetimeLast.local": "2026-07-07T10:00:00+07:00", "name_right": "Laos", "code": "LAO", "group": "Countries" }, "geometry": { "type": "Point", "coordinates": [ 104.050733, 20.413807 ] } },
{ "type": "Feature", "properties": { "id": 3597972, "name": "Xamtay - Houaphan", "locality": null, "timezone": "Asia/Vientiane", "isMobile": false, "isMonitor": false, "instruments": [ { "id": 7, "name": "Unknown AirGradient Sensor" } ], "sensors": [ { "id": 12390575, "name": "pm1 µg/m³", "parameter": { "id": 19, "name": "pm1", "units": "µg/m³", "displayName": "PM1" } }, { "id": 12390576, "name": "pm25 µg/m³", "parameter": { "id": 2, "name": "pm25", "units": "µg/m³", "displayName": "PM2.5" } }, { "id": 12390577, "name": "relativehumidity %", "parameter": { "id": 98, "name": "relativehumidity", "units": "%", "displayName": "RH" } }, { "id": 12390578, "name": "temperature c", "parameter": { "id": 100, "name": "temperature", "units": "c", "displayName": "Temperature (C)" } }, { "id": 12390579, "name": "um003 particles/cm³", "parameter": { "id": 125, "name": "um003", "units": "particles/cm³", "displayName": "PM0.3 count" } } ], "licenses": "[{'id': 41, 'name': 'CC BY 4.0', 'attribution': {'name': 'UNICEF', 'url': None}, 'dateFrom': '2023-07-15', 'dateTo': None}]", "bounds": [ 104.64011, 19.999194, 104.64011, 19.999194 ], "distance": null, "country.id": 68, "country.code": "LA", "country.name": "Lao PDR", "owner.id": 11271, "owner.name": "UNICEF", "provider.id": 66, "provider.name": "AirGradient", "coordinates.latitude": 19.999194, "coordinates.longitude": 104.64011, "datetimeFirst.utc": "2025-03-06T03:00:00Z", "datetimeFirst.local": "2025-03-06T10:00:00+07:00", "datetimeLast.utc": "2026-07-07T03:00:00Z", "datetimeLast.local": "2026-07-07T10:00:00+07:00", "name_right": "Laos", "code": "LAO", "group": "Countries" }, "geometry": { "type": "Point", "coordinates": [ 104.64011, 19.999194 ] } },
{ "type": "Feature", "properties": { "id": 3597973, "name": "Xon - Houaphan", "locality": null, "timezone": "Asia/Vientiane", "isMobile": false, "isMonitor": false, "instruments": [ { "id": 7, "name": "Unknown AirGradient Sensor" } ], "sensors": [ { "id": 12390580, "name": "pm1 µg/m³", "parameter": { "id": 19, "name": "pm1", "units": "µg/m³", "displayName": "PM1" } }, { "id": 12390581, "name": "pm25 µg/m³", "parameter": { "id": 2, "name": "pm25", "units": "µg/m³", "displayName": "PM2.5" } }, { "id": 12390582, "name": "relativehumidity %", "parameter": { "id": 98, "name": "relativehumidity", "units": "%", "displayName": "RH" } }, { "id": 12390583, "name": "temperature c", "parameter": { "id": 100, "name": "temperature", "units": "c", "displayName": "Temperature (C)" } }, { "id": 12390584, "name": "um003 particles/cm³", "parameter": { "id": 125, "name": "um003", "units": "particles/cm³", "displayName": "PM0.3 count" } } ], "licenses": "[{'id': 41, 'name': 'CC BY 4.0', 'attribution': {'name': 'UNICEF', 'url': None}, 'dateFrom': '2023-07-15', 'dateTo': None}]", "bounds": [ 103.34797, 20.466813, 103.34797, 20.466813 ], "distance": null, "country.id": 68, "country.code": "LA", "country.name": "Lao PDR", "owner.id": 11271, "owner.name": "UNICEF", "provider.id": 66, "provider.name": "AirGradient", "coordinates.latitude": 20.466813, "coordinates.longitude": 103.34797, "datetimeFirst.utc": "2025-03-06T04:00:00Z", "datetimeFirst.local": "2025-03-06T11:00:00+07:00", "datetimeLast.utc": "2026-07-07T03:00:00Z", "datetimeLast.local": "2026-07-07T10:00:00+07:00", "name_right": "Laos", "code": "LAO", "group": "Countries" }, "geometry": { "type": "Point", "coordinates": [ 103.34797, 20.466813 ] } },
{ "type": "Feature", "properties": { "id": 3597974, "name": " Viengthong Secondary School - Hiem, Houaphan ມັດທະຍົມ ວຽງທອງ", "locality": null, "timezone": "Asia/Vientiane", "isMobile": false, "isMonitor": false, "instruments": [ { "id": 7, "name": "Unknown AirGradient Sensor" } ], "sensors": [ { "id": 12390585, "name": "pm1 µg/m³", "parameter": { "id": 19, "name": "pm1", "units": "µg/m³", "displayName": "PM1" } }, { "id": 12390586, "name": "pm25 µg/m³", "parameter": { "id": 2, "name": "pm25", "units": "µg/m³", "displayName": "PM2.5" } }, { "id": 12390587, "name": "relativehumidity %", "parameter": { "id": 98, "name": "relativehumidity", "units": "%", "displayName": "RH" } }, { "id": 12390588, "name": "temperature c", "parameter": { "id": 100, "name": "temperature", "units": "c", "displayName": "Temperature (C)" } }, { "id": 12390589, "name": "um003 particles/cm³", "parameter": { "id": 125, "name": "um003", "units": "particles/cm³", "displayName": "PM0.3 count" } } ], "licenses": "[{'id': 41, 'name': 'CC BY 4.0', 'attribution': {'name': 'UNICEF', 'url': None}, 'dateFrom': '2023-07-15', 'dateTo': None}]", "bounds": [ 103.380396, 20.099855, 103.380396, 20.099855 ], "distance": null, "country.id": 68, "country.code": "LA", "country.name": "Lao PDR", "owner.id": 11271, "owner.name": "UNICEF", "provider.id": 66, "provider.name": "AirGradient", "coordinates.latitude": 20.099855, "coordinates.longitude": 103.380396, "datetimeFirst.utc": "2025-03-06T04:00:00Z", "datetimeFirst.local": "2025-03-06T11:00:00+07:00", "datetimeLast.utc": "2026-07-07T03:00:00Z", "datetimeLast.local": "2026-07-07T10:00:00+07:00", "name_right": "Laos", "code": "LAO", "group": "Countries" }, "geometry": { "type": "Point", "coordinates": [ 103.380396, 20.099855 ] } },
{ "type": "Feature", "properties": { "id": 3597975, "name": "Kuan Secondary School - Kuan, Houaphan ມັດທະຍົມສົມບູນ ກັວນ", "locality": null, "timezone": "Asia/Vientiane", "isMobile": false, "isMonitor": false, "instruments": [ { "id": 7, "name": "Unknown AirGradient Sensor" } ], "sensors": [ { "id": 12390590, "name": "pm1 µg/m³", "parameter": { "id": 19, "name": "pm1", "units": "µg/m³", "displayName": "PM1" } }, { "id": 12390591, "name": "pm25 µg/m³", "parameter": { "id": 2, "name": "pm25", "units": "µg/m³", "displayName": "PM2.5" } }, { "id": 12390592, "name": "relativehumidity %", "parameter": { "id": 98, "name": "relativehumidity", "units": "%", "displayName": "RH" } }, { "id": 12390593, "name": "temperature c", "parameter": { "id": 100, "name": "temperature", "units": "c", "displayName": "Temperature (C)" } }, { "id": 12390594, "name": "um003 particles/cm³", "parameter": { "id": 125, "name": "um003", "units": "particles/cm³", "displayName": "PM0.3 count" } } ], "licenses": "[{'id': 41, 'name': 'CC BY 4.0', 'attribution': {'name': 'UNICEF', 'url': None}, 'dateFrom': '2023-07-15', 'dateTo': None}]", "bounds": [ 104.561303, 19.835863, 104.561303, 19.835863 ], "distance": null, "country.id": 68, "country.code": "LA", "country.name": "Lao PDR", "owner.id": 11271, "owner.name": "UNICEF", "provider.id": 66, "provider.name": "AirGradient", "coordinates.latitude": 19.835863, "coordinates.longitude": 104.561303, "datetimeFirst.utc": "2025-03-06T04:00:00Z", "datetimeFirst.local": "2025-03-06T11:00:00+07:00", "datetimeLast.utc": "2026-07-07T03:00:00Z", "datetimeLast.local": "2026-07-07T10:00:00+07:00", "name_right": "Laos", "code": "LAO", "group": "Countries" }, "geometry": { "type": "Point", "coordinates": [ 104.561303, 19.835863 ] } },
{ "type": "Feature", "properties": { "id": 3597976, "name": "Hongsa Secondary School - Hongsa, Xaignabouly ມັດທະຍົມສົມບູນ ຫົງສາ", "locality": null, "timezone": "Asia/Vientiane", "isMobile": false, "isMonitor": false, "instruments": [ { "id": 7, "name": "Unknown AirGradient Sensor" } ], "sensors": [ { "id": 12390595, "name": "pm1 µg/m³", "parameter": { "id": 19, "name": "pm1", "units": "µg/m³", "displayName": "PM1" } }, { "id": 12390596, "name": "pm25 µg/m³", "parameter": { "id": 2, "name": "pm25", "units": "µg/m³", "displayName": "PM2.5" } }, { "id": 12390597, "name": "relativehumidity %", "parameter": { "id": 98, "name": "relativehumidity", "units": "%", "displayName": "RH" } }, { "id": 12390598, "name": "temperature c", "parameter": { "id": 100, "name": "temperature", "units": "c", "displayName": "Temperature (C)" } }, { "id": 12390599, "name": "um003 particles/cm³", "parameter": { "id": 125, "name": "um003", "units": "particles/cm³", "displayName": "PM0.3 count" } } ], "licenses": "[{'id': 41, 'name': 'CC BY 4.0', 'attribution': {'name': 'UNICEF', 'url': None}, 'dateFrom': '2023-07-15', 'dateTo': None}]", "bounds": [ 101.342893, 19.70693, 101.342893, 19.70693 ], "distance": null, "country.id": 68, "country.code": "LA", "country.name": "Lao PDR", "owner.id": 11271, "owner.name": "UNICEF", "provider.id": 66, "provider.name": "AirGradient", "coordinates.latitude": 19.70693, "coordinates.longitude": 101.342893, "datetimeFirst.utc": "2025-03-06T02:00:00Z", "datetimeFirst.local": "2025-03-06T09:00:00+07:00", "datetimeLast.utc": "2026-07-07T03:00:00Z", "datetimeLast.local": "2026-07-07T10:00:00+07:00", "name_right": "Laos", "code": "LAO", "group": "Countries" }, "geometry": { "type": "Point", "coordinates": [ 101.342893, 19.70693 ] } },
{ "type": "Feature", "properties": { "id": 3597977, "name": "Hinherb Secondary School - Hinherb, Vientiane Province ມັດທະຍົມສົມບູນ ຫີນເຫີບ", "locality": null, "timezone": "Asia/Vientiane", "isMobile": false, "isMonitor": false, "instruments": [ { "id": 7, "name": "Unknown AirGradient Sensor" } ], "sensors": [ { "id": 12390600, "name": "pm1 µg/m³", "parameter": { "id": 19, "name": "pm1", "units": "µg/m³", "displayName": "PM1" } }, { "id": 12390601, "name": "pm25 µg/m³", "parameter": { "id": 2, "name": "pm25", "units": "µg/m³", "displayName": "PM2.5" } }, { "id": 12390602, "name": "relativehumidity %", "parameter": { "id": 98, "name": "relativehumidity", "units": "%", "displayName": "RH" } }, { "id": 12390603, "name": "temperature c", "parameter": { "id": 100, "name": "temperature", "units": "c", "displayName": "Temperature (C)" } }, { "id": 12390604, "name": "um003 particles/cm³", "parameter": { "id": 125, "name": "um003", "units": "particles/cm³", "displayName": "PM0.3 count" } } ], "licenses": "[{'id': 41, 'name': 'CC BY 4.0', 'attribution': {'name': 'UNICEF', 'url': None}, 'dateFrom': '2023-07-15', 'dateTo': None}]", "bounds": [ 102.323676, 18.637318, 102.323676, 18.637318 ], "distance": null, "country.id": 68, "country.code": "LA", "country.name": "Lao PDR", "owner.id": 11271, "owner.name": "UNICEF", "provider.id": 66, "provider.name": "AirGradient", "coordinates.latitude": 18.637318, "coordinates.longitude": 102.323676, "datetimeFirst.utc": "2025-03-06T02:00:00Z", "datetimeFirst.local": "2025-03-06T09:00:00+07:00", "datetimeLast.utc": "2025-12-20T06:00:00Z", "datetimeLast.local": "2025-12-20T13:00:00+07:00", "name_right": "Laos", "code": "LAO", "group": "Countries" }, "geometry": { "type": "Point", "coordinates": [ 102.323676, 18.637318 ] } },
{ "type": "Feature", "properties": { "id": 3597978, "name": "KeoKou Secondary School - KeoOudom, Vientiane Province ມັດທະຍົມສົມບູນ ແກ້ວກູ່", "locality": null, "timezone": "Asia/Vientiane", "isMobile": false, "isMonitor": false, "instruments": [ { "id": 7, "name": "Unknown AirGradient Sensor" } ], "sensors": [ { "id": 12390605, "name": "pm1 µg/m³", "parameter": { "id": 19, "name": "pm1", "units": "µg/m³", "displayName": "PM1" } }, { "id": 12390606, "name": "pm25 µg/m³", "parameter": { "id": 2, "name": "pm25", "units": "µg/m³", "displayName": "PM2.5" } }, { "id": 12390607, "name": "relativehumidity %", "parameter": { "id": 98, "name": "relativehumidity", "units": "%", "displayName": "RH" } }, { "id": 12390608, "name": "temperature c", "parameter": { "id": 100, "name": "temperature", "units": "c", "displayName": "Temperature (C)" } }, { "id": 12390609, "name": "um003 particles/cm³", "parameter": { "id": 125, "name": "um003", "units": "particles/cm³", "displayName": "PM0.3 count" } } ], "licenses": "[{'id': 41, 'name': 'CC BY 4.0', 'attribution': {'name': 'UNICEF', 'url': None}, 'dateFrom': '2023-07-15', 'dateTo': None}]", "bounds": [ 102.502844, 18.554884, 102.502844, 18.554884 ], "distance": null, "country.id": 68, "country.code": "LA", "country.name": "Lao PDR", "owner.id": 11271, "owner.name": "UNICEF", "provider.id": 66, "provider.name": "AirGradient", "coordinates.latitude": 18.554884, "coordinates.longitude": 102.502844, "datetimeFirst.utc": "2025-03-06T02:00:00Z", "datetimeFirst.local": "2025-03-06T09:00:00+07:00", "datetimeLast.utc": "2026-07-07T03:00:00Z", "datetimeLast.local": "2026-07-07T10:00:00+07:00", "name_right": "Laos", "code": "LAO", "group": "Countries" }, "geometry": { "type": "Point", "coordinates": [ 102.502844, 18.554884 ] } },
{ "type": "Feature", "properties": { "id": 3597979, "name": "Nakay - Khammouan", "locality": null, "timezone": "Asia/Vientiane", "isMobile": false, "isMonitor": false, "instruments": [ { "id": 7, "name": "Unknown AirGradient Sensor" } ], "sensors": [ { "id": 12390610, "name": "pm1 µg/m³", "parameter": { "id": 19, "name": "pm1", "units": "µg/m³", "displayName": "PM1" } }, { "id": 12390611, "name": "pm25 µg/m³", "parameter": { "id": 2, "name": "pm25", "units": "µg/m³", "displayName": "PM2.5" } }, { "id": 12390612, "name": "relativehumidity %", "parameter": { "id": 98, "name": "relativehumidity", "units": "%", "displayName": "RH" } }, { "id": 12390613, "name": "temperature c", "parameter": { "id": 100, "name": "temperature", "units": "c", "displayName": "Temperature (C)" } }, { "id": 12390614, "name": "um003 particles/cm³", "parameter": { "id": 125, "name": "um003", "units": "particles/cm³", "displayName": "PM0.3 count" } } ], "licenses": "[{'id': 41, 'name': 'CC BY 4.0', 'attribution': {'name': 'Unknown Person', 'url': None}, 'dateFrom': '2023-07-15', 'dateTo': None}]", "bounds": [ 105.167389, 17.698229, 105.167389, 17.698229 ], "distance": null, "country.id": 68, "country.code": "LA", "country.name": "Lao PDR", "owner.id": 11509, "owner.name": "Unknown Person", "provider.id": 66, "provider.name": "AirGradient", "coordinates.latitude": 17.698229, "coordinates.longitude": 105.167389, "datetimeFirst.utc": "2025-03-06T02:00:00Z", "datetimeFirst.local": "2025-03-06T09:00:00+07:00", "datetimeLast.utc": "2025-03-07T01:00:00Z", "datetimeLast.local": "2025-03-07T08:00:00+07:00", "name_right": "Laos", "code": "LAO", "group": "Countries" }, "geometry": { "type": "Point", "coordinates": [ 105.167389, 17.698229 ] } },
{ "type": "Feature", "properties": { "id": 3597980, "name": "Outhoomphone - Savannakhet", "locality": null, "timezone": "Asia/Vientiane", "isMobile": false, "isMonitor": false, "instruments": [ { "id": 7, "name": "Unknown AirGradient Sensor" } ], "sensors": [ { "id": 12390615, "name": "pm1 µg/m³", "parameter": { "id": 19, "name": "pm1", "units": "µg/m³", "displayName": "PM1" } }, { "id": 12390616, "name": "pm25 µg/m³", "parameter": { "id": 2, "name": "pm25", "units": "µg/m³", "displayName": "PM2.5" } }, { "id": 12390617, "name": "relativehumidity %", "parameter": { "id": 98, "name": "relativehumidity", "units": "%", "displayName": "RH" } }, { "id": 12390618, "name": "temperature c", "parameter": { "id": 100, "name": "temperature", "units": "c", "displayName": "Temperature (C)" } }, { "id": 12390619, "name": "um003 particles/cm³", "parameter": { "id": 125, "name": "um003", "units": "particles/cm³", "displayName": "PM0.3 count" } } ], "licenses": "[{'id': 41, 'name': 'CC BY 4.0', 'attribution': {'name': 'UNICEF', 'url': None}, 'dateFrom': '2023-07-15', 'dateTo': None}]", "bounds": [ 104.956459, 16.669923, 104.956459, 16.669923 ], "distance": null, "country.id": 68, "country.code": "LA", "country.name": "Lao PDR", "owner.id": 11271, "owner.name": "UNICEF", "provider.id": 66, "provider.name": "AirGradient", "coordinates.latitude": 16.669923, "coordinates.longitude": 104.956459, "datetimeFirst.utc": "2025-03-06T03:00:00Z", "datetimeFirst.local": "2025-03-06T10:00:00+07:00", "datetimeLast.utc": "2026-05-29T05:00:00Z", "datetimeLast.local": "2026-05-29T12:00:00+07:00", "name_right": "Laos", "code": "LAO", "group": "Countries" }, "geometry": { "type": "Point", "coordinates": [ 104.956459, 16.669923 ] } },
{ "type": "Feature", "properties": { "id": 3599600, "name": "Kasy Secondary School - Kasy, Vientiane Province ມັດທະຍົມສົມບູນ ກາສີ", "locality": null, "timezone": "Asia/Vientiane", "isMobile": false, "isMonitor": false, "instruments": [ { "id": 7, "name": "Unknown AirGradient Sensor" } ], "sensors": [ { "id": 12391939, "name": "pm1 µg/m³", "parameter": { "id": 19, "name": "pm1", "units": "µg/m³", "displayName": "PM1" } }, { "id": 12391940, "name": "pm25 µg/m³", "parameter": { "id": 2, "name": "pm25", "units": "µg/m³", "displayName": "PM2.5" } }, { "id": 12391941, "name": "relativehumidity %", "parameter": { "id": 98, "name": "relativehumidity", "units": "%", "displayName": "RH" } }, { "id": 12391942, "name": "temperature c", "parameter": { "id": 100, "name": "temperature", "units": "c", "displayName": "Temperature (C)" } }, { "id": 12391943, "name": "um003 particles/cm³", "parameter": { "id": 125, "name": "um003", "units": "particles/cm³", "displayName": "PM0.3 count" } } ], "licenses": "[{'id': 41, 'name': 'CC BY 4.0', 'attribution': {'name': 'UNICEF', 'url': None}, 'dateFrom': '2023-07-15', 'dateTo': None}]", "bounds": [ 102.25219, 19.225034, 102.25219, 19.225034 ], "distance": null, "country.id": 68, "country.code": "LA", "country.name": "Lao PDR", "owner.id": 11271, "owner.name": "UNICEF", "provider.id": 66, "provider.name": "AirGradient", "coordinates.latitude": 19.225034, "coordinates.longitude": 102.25219, "datetimeFirst.utc": "2025-03-06T06:00:00Z", "datetimeFirst.local": "2025-03-06T13:00:00+07:00", "datetimeLast.utc": "2026-07-07T03:00:00Z", "datetimeLast.local": "2026-07-07T10:00:00+07:00", "name_right": "Laos", "code": "LAO", "group": "Countries" }, "geometry": { "type": "Point", "coordinates": [ 102.25219, 19.225034 ] } },
{ "type": "Feature", "properties": { "id": 3600181, "name": "Mad - Vientiane", "locality": null, "timezone": "Asia/Vientiane", "isMobile": false, "isMonitor": false, "instruments": [ { "id": 7, "name": "Unknown AirGradient Sensor" } ], "sensors": [ { "id": 12392600, "name": "pm1 µg/m³", "parameter": { "id": 19, "name": "pm1", "units": "µg/m³", "displayName": "PM1" } }, { "id": 12392601, "name": "pm25 µg/m³", "parameter": { "id": 2, "name": "pm25", "units": "µg/m³", "displayName": "PM2.5" } }, { "id": 12392602, "name": "relativehumidity %", "parameter": { "id": 98, "name": "relativehumidity", "units": "%", "displayName": "RH" } }, { "id": 12392603, "name": "temperature c", "parameter": { "id": 100, "name": "temperature", "units": "c", "displayName": "Temperature (C)" } }, { "id": 12392604, "name": "um003 particles/cm³", "parameter": { "id": 125, "name": "um003", "units": "particles/cm³", "displayName": "PM0.3 count" } } ], "licenses": "[{'id': 41, 'name': 'CC BY 4.0', 'attribution': {'name': 'UNICEF', 'url': None}, 'dateFrom': '2023-07-15', 'dateTo': None}]", "bounds": [ 101.76322, 18.448868, 101.76322, 18.448868 ], "distance": null, "country.id": 68, "country.code": "LA", "country.name": "Lao PDR", "owner.id": 11271, "owner.name": "UNICEF", "provider.id": 66, "provider.name": "AirGradient", "coordinates.latitude": 18.448868, "coordinates.longitude": 101.76322, "datetimeFirst.utc": "2025-03-06T07:00:00Z", "datetimeFirst.local": "2025-03-06T14:00:00+07:00", "datetimeLast.utc": "2026-07-07T03:00:00Z", "datetimeLast.local": "2026-07-07T10:00:00+07:00", "name_right": "Laos", "code": "LAO", "group": "Countries" }, "geometry": { "type": "Point", "coordinates": [ 101.76322, 18.448868 ] } },
{ "type": "Feature", "properties": { "id": 3600182, "name": "Xaybuly - Savannakhet", "locality": null, "timezone": "Asia/Vientiane", "isMobile": false, "isMonitor": false, "instruments": [ { "id": 7, "name": "Unknown AirGradient Sensor" } ], "sensors": [ { "id": 12392605, "name": "pm1 µg/m³", "parameter": { "id": 19, "name": "pm1", "units": "µg/m³", "displayName": "PM1" } }, { "id": 12392606, "name": "pm25 µg/m³", "parameter": { "id": 2, "name": "pm25", "units": "µg/m³", "displayName": "PM2.5" } }, { "id": 12392607, "name": "relativehumidity %", "parameter": { "id": 98, "name": "relativehumidity", "units": "%", "displayName": "RH" } }, { "id": 12392608, "name": "temperature c", "parameter": { "id": 100, "name": "temperature", "units": "c", "displayName": "Temperature (C)" } }, { "id": 12392609, "name": "um003 particles/cm³", "parameter": { "id": 125, "name": "um003", "units": "particles/cm³", "displayName": "PM0.3 count" } } ], "licenses": "[{'id': 41, 'name': 'CC BY 4.0', 'attribution': {'name': 'UNICEF', 'url': None}, 'dateFrom': '2023-07-15', 'dateTo': None}]", "bounds": [ 104.87732, 17.075181, 104.87732, 17.075181 ], "distance": null, "country.id": 68, "country.code": "LA", "country.name": "Lao PDR", "owner.id": 11271, "owner.name": "UNICEF", "provider.id": 66, "provider.name": "AirGradient", "coordinates.latitude": 17.075181, "coordinates.longitude": 104.87732, "datetimeFirst.utc": "2025-03-06T06:00:00Z", "datetimeFirst.local": "2025-03-06T13:00:00+07:00", "datetimeLast.utc": "2026-07-07T03:00:00Z", "datetimeLast.local": "2026-07-07T10:00:00+07:00", "name_right": "Laos", "code": "LAO", "group": "Countries" }, "geometry": { "type": "Point", "coordinates": [ 104.87732, 17.075181 ] } },
{ "type": "Feature", "properties": { "id": 3600183, "name": "Vapy Secondary School - Vapy, Saravane ມັດທະຍົມສົມບູນ ວາປີ", "locality": null, "timezone": "Asia/Vientiane", "isMobile": false, "isMonitor": false, "instruments": [ { "id": 7, "name": "Unknown AirGradient Sensor" } ], "sensors": [ { "id": 12392610, "name": "pm1 µg/m³", "parameter": { "id": 19, "name": "pm1", "units": "µg/m³", "displayName": "PM1" } }, { "id": 12392611, "name": "pm25 µg/m³", "parameter": { "id": 2, "name": "pm25", "units": "µg/m³", "displayName": "PM2.5" } }, { "id": 12392612, "name": "relativehumidity %", "parameter": { "id": 98, "name": "relativehumidity", "units": "%", "displayName": "RH" } }, { "id": 12392613, "name": "temperature c", "parameter": { "id": 100, "name": "temperature", "units": "c", "displayName": "Temperature (C)" } }, { "id": 12392614, "name": "um003 particles/cm³", "parameter": { "id": 125, "name": "um003", "units": "particles/cm³", "displayName": "PM0.3 count" } } ], "licenses": "[{'id': 41, 'name': 'CC BY 4.0', 'attribution': {'name': 'UNICEF', 'url': None}, 'dateFrom': '2023-07-15', 'dateTo': None}]", "bounds": [ 106.07474, 15.697405, 106.07474, 15.697405 ], "distance": null, "country.id": 68, "country.code": "LA", "country.name": "Lao PDR", "owner.id": 11271, "owner.name": "UNICEF", "provider.id": 66, "provider.name": "AirGradient", "coordinates.latitude": 15.697405, "coordinates.longitude": 106.07474, "datetimeFirst.utc": "2025-03-06T06:00:00Z", "datetimeFirst.local": "2025-03-06T13:00:00+07:00", "datetimeLast.utc": "2026-07-07T03:00:00Z", "datetimeLast.local": "2026-07-07T10:00:00+07:00", "name_right": "Laos", "code": "LAO", "group": "Countries" }, "geometry": { "type": "Point", "coordinates": [ 106.07474, 15.697405 ] } },
{ "type": "Feature", "properties": { "id": 3600715, "name": "Lao-Viet Friendship Secondary School - Saysetha, Vientiane Capital ມັດທະຍົມ ມິດຕະພາບລາວ-ຫວຽດນາມ", "locality": null, "timezone": "Asia/Vientiane", "isMobile": false, "isMonitor": false, "instruments": [ { "id": 7, "name": "Unknown AirGradient Sensor" } ], "sensors": [ { "id": 12393262, "name": "pm1 µg/m³", "parameter": { "id": 19, "name": "pm1", "units": "µg/m³", "displayName": "PM1" } }, { "id": 12393263, "name": "pm25 µg/m³", "parameter": { "id": 2, "name": "pm25", "units": "µg/m³", "displayName": "PM2.5" } }, { "id": 12393264, "name": "relativehumidity %", "parameter": { "id": 98, "name": "relativehumidity", "units": "%", "displayName": "RH" } }, { "id": 12393265, "name": "temperature c", "parameter": { "id": 100, "name": "temperature", "units": "c", "displayName": "Temperature (C)" } }, { "id": 12393266, "name": "um003 particles/cm³", "parameter": { "id": 125, "name": "um003", "units": "particles/cm³", "displayName": "PM0.3 count" } } ], "licenses": "[{'id': 41, 'name': 'CC BY 4.0', 'attribution': {'name': 'UNICEF', 'url': None}, 'dateFrom': '2023-07-15', 'dateTo': None}]", "bounds": [ 102.64154, 17.995877, 102.64154, 17.995877 ], "distance": null, "country.id": 68, "country.code": "LA", "country.name": "Lao PDR", "owner.id": 11271, "owner.name": "UNICEF", "provider.id": 66, "provider.name": "AirGradient", "coordinates.latitude": 17.995877, "coordinates.longitude": 102.64154, "datetimeFirst.utc": "2025-03-06T09:00:00Z", "datetimeFirst.local": "2025-03-06T16:00:00+07:00", "datetimeLast.utc": "2025-09-16T05:00:00Z", "datetimeLast.local": "2025-09-16T12:00:00+07:00", "name_right": "Laos", "code": "LAO", "group": "Countries" }, "geometry": { "type": "Point", "coordinates": [ 102.64154, 17.995877 ] } },
{ "type": "Feature", "properties": { "id": 3600716, "name": "Sopbao Secondary School - Sopbao, Houaphan ມັດທະຍົມ ສົບເບົາ", "locality": null, "timezone": "Asia/Vientiane", "isMobile": false, "isMonitor": false, "instruments": [ { "id": 7, "name": "Unknown AirGradient Sensor" } ], "sensors": [ { "id": 12393267, "name": "pm1 µg/m³", "parameter": { "id": 19, "name": "pm1", "units": "µg/m³", "displayName": "PM1" } }, { "id": 12393268, "name": "pm25 µg/m³", "parameter": { "id": 2, "name": "pm25", "units": "µg/m³", "displayName": "PM2.5" } }, { "id": 12393269, "name": "relativehumidity %", "parameter": { "id": 98, "name": "relativehumidity", "units": "%", "displayName": "RH" } }, { "id": 12393270, "name": "temperature c", "parameter": { "id": 100, "name": "temperature", "units": "c", "displayName": "Temperature (C)" } }, { "id": 12393271, "name": "um003 particles/cm³", "parameter": { "id": 125, "name": "um003", "units": "particles/cm³", "displayName": "PM0.3 count" } } ], "licenses": "[{'id': 41, 'name': 'CC BY 4.0', 'attribution': {'name': 'UNICEF', 'url': None}, 'dateFrom': '2023-07-15', 'dateTo': None}]", "bounds": [ 104.384946, 20.710206, 104.384946, 20.710206 ], "distance": null, "country.id": 68, "country.code": "LA", "country.name": "Lao PDR", "owner.id": 11271, "owner.name": "UNICEF", "provider.id": 66, "provider.name": "AirGradient", "coordinates.latitude": 20.710206, "coordinates.longitude": 104.384946, "datetimeFirst.utc": "2025-03-06T08:00:00Z", "datetimeFirst.local": "2025-03-06T15:00:00+07:00", "datetimeLast.utc": "2026-07-07T03:00:00Z", "datetimeLast.local": "2026-07-07T10:00:00+07:00", "name_right": "Laos", "code": "LAO", "group": "Countries" }, "geometry": { "type": "Point", "coordinates": [ 104.384946, 20.710206 ] } },
{ "type": "Feature", "properties": { "id": 3602358, "name": "Nga - Oudomxai", "locality": null, "timezone": "Asia/Vientiane", "isMobile": false, "isMonitor": false, "instruments": [ { "id": 7, "name": "Unknown AirGradient Sensor" } ], "sensors": [ { "id": 12394261, "name": "pm1 µg/m³", "parameter": { "id": 19, "name": "pm1", "units": "µg/m³", "displayName": "PM1" } }, { "id": 12394262, "name": "pm25 µg/m³", "parameter": { "id": 2, "name": "pm25", "units": "µg/m³", "displayName": "PM2.5" } }, { "id": 12394263, "name": "relativehumidity %", "parameter": { "id": 98, "name": "relativehumidity", "units": "%", "displayName": "RH" } }, { "id": 12394264, "name": "temperature c", "parameter": { "id": 100, "name": "temperature", "units": "c", "displayName": "Temperature (C)" } }, { "id": 12394265, "name": "um003 particles/cm³", "parameter": { "id": 125, "name": "um003", "units": "particles/cm³", "displayName": "PM0.3 count" } } ], "licenses": "[{'id': 41, 'name': 'CC BY 4.0', 'attribution': {'name': 'Unknown Person', 'url': None}, 'dateFrom': '2023-07-15', 'dateTo': None}]", "bounds": [ 101.973769, 20.282849, 101.973769, 20.282849 ], "distance": null, "country.id": 68, "country.code": "LA", "country.name": "Lao PDR", "owner.id": 11509, "owner.name": "Unknown Person", "provider.id": 66, "provider.name": "AirGradient", "coordinates.latitude": 20.282849, "coordinates.longitude": 101.973769, "datetimeFirst.utc": "2025-03-06T10:00:00Z", "datetimeFirst.local": "2025-03-06T17:00:00+07:00", "datetimeLast.utc": "2025-10-05T12:00:00Z", "datetimeLast.local": "2025-10-05T19:00:00+07:00", "name_right": "Laos", "code": "LAO", "group": "Countries" }, "geometry": { "type": "Point", "coordinates": [ 101.973769, 20.282849 ] } },
{ "type": "Feature", "properties": { "id": 3602359, "name": "Nonghed - Xiengkhouang", "locality": null, "timezone": "Asia/Vientiane", "isMobile": false, "isMonitor": false, "instruments": [ { "id": 7, "name": "Unknown AirGradient Sensor" } ], "sensors": [ { "id": 12394266, "name": "pm1 µg/m³", "parameter": { "id": 19, "name": "pm1", "units": "µg/m³", "displayName": "PM1" } }, { "id": 12394267, "name": "pm25 µg/m³", "parameter": { "id": 2, "name": "pm25", "units": "µg/m³", "displayName": "PM2.5" } }, { "id": 12394268, "name": "relativehumidity %", "parameter": { "id": 98, "name": "relativehumidity", "units": "%", "displayName": "RH" } }, { "id": 12394269, "name": "temperature c", "parameter": { "id": 100, "name": "temperature", "units": "c", "displayName": "Temperature (C)" } }, { "id": 12394270, "name": "um003 particles/cm³", "parameter": { "id": 125, "name": "um003", "units": "particles/cm³", "displayName": "PM0.3 count" } } ], "licenses": "[{'id': 41, 'name': 'CC BY 4.0', 'attribution': {'name': 'UNICEF', 'url': None}, 'dateFrom': '2023-07-15', 'dateTo': None}]", "bounds": [ 103.986121, 19.49661, 103.986121, 19.49661 ], "distance": null, "country.id": 68, "country.code": "LA", "country.name": "Lao PDR", "owner.id": 11271, "owner.name": "UNICEF", "provider.id": 66, "provider.name": "AirGradient", "coordinates.latitude": 19.49661, "coordinates.longitude": 103.986121, "datetimeFirst.utc": "2025-03-06T10:00:00Z", "datetimeFirst.local": "2025-03-06T17:00:00+07:00", "datetimeLast.utc": "2026-07-07T03:00:00Z", "datetimeLast.local": "2026-07-07T10:00:00+07:00", "name_right": "Laos", "code": "LAO", "group": "Countries" }, "geometry": { "type": "Point", "coordinates": [ 103.986121, 19.49661 ] } },
{ "type": "Feature", "properties": { "id": 3602360, "name": "Meun - Vientiane", "locality": null, "timezone": "Asia/Vientiane", "isMobile": false, "isMonitor": false, "instruments": [ { "id": 7, "name": "Unknown AirGradient Sensor" } ], "sensors": [ { "id": 12394271, "name": "pm1 µg/m³", "parameter": { "id": 19, "name": "pm1", "units": "µg/m³", "displayName": "PM1" } }, { "id": 12394272, "name": "pm25 µg/m³", "parameter": { "id": 2, "name": "pm25", "units": "µg/m³", "displayName": "PM2.5" } }, { "id": 12394273, "name": "relativehumidity %", "parameter": { "id": 98, "name": "relativehumidity", "units": "%", "displayName": "RH" } }, { "id": 12394274, "name": "temperature c", "parameter": { "id": 100, "name": "temperature", "units": "c", "displayName": "Temperature (C)" } }, { "id": 12394275, "name": "um003 particles/cm³", "parameter": { "id": 125, "name": "um003", "units": "particles/cm³", "displayName": "PM0.3 count" } } ], "licenses": "[{'id': 41, 'name': 'CC BY 4.0', 'attribution': {'name': 'UNICEF', 'url': None}, 'dateFrom': '2023-07-15', 'dateTo': None}]", "bounds": [ 101.941138, 18.28379, 101.941138, 18.28379 ], "distance": null, "country.id": 68, "country.code": "LA", "country.name": "Lao PDR", "owner.id": 11271, "owner.name": "UNICEF", "provider.id": 66, "provider.name": "AirGradient", "coordinates.latitude": 18.28379, "coordinates.longitude": 101.941138, "datetimeFirst.utc": "2025-03-06T11:00:00Z", "datetimeFirst.local": "2025-03-06T18:00:00+07:00", "datetimeLast.utc": "2025-06-20T03:00:00Z", "datetimeLast.local": "2025-06-20T10:00:00+07:00", "name_right": "Laos", "code": "LAO", "group": "Countries" }, "geometry": { "type": "Point", "coordinates": [ 101.941138, 18.28379 ] } },
{ "type": "Feature", "properties": { "id": 3612960, "name": "Naxaithong Secondary School - Naxaithong, Vientiane Capital ມັດທະຍົມ ນາຊາຍທອງ", "locality": null, "timezone": "Asia/Vientiane", "isMobile": false, "isMonitor": false, "instruments": [ { "id": 7, "name": "Unknown AirGradient Sensor" } ], "sensors": [ { "id": 12402653, "name": "pm1 µg/m³", "parameter": { "id": 19, "name": "pm1", "units": "µg/m³", "displayName": "PM1" } }, { "id": 12402654, "name": "pm25 µg/m³", "parameter": { "id": 2, "name": "pm25", "units": "µg/m³", "displayName": "PM2.5" } }, { "id": 12402655, "name": "relativehumidity %", "parameter": { "id": 98, "name": "relativehumidity", "units": "%", "displayName": "RH" } }, { "id": 12402656, "name": "temperature c", "parameter": { "id": 100, "name": "temperature", "units": "c", "displayName": "Temperature (C)" } }, { "id": 12402657, "name": "um003 particles/cm³", "parameter": { "id": 125, "name": "um003", "units": "particles/cm³", "displayName": "PM0.3 count" } } ], "licenses": "[{'id': 41, 'name': 'CC BY 4.0', 'attribution': {'name': 'UNICEF', 'url': None}, 'dateFrom': '2023-07-15', 'dateTo': None}]", "bounds": [ 102.535866, 18.068595, 102.535866, 18.068595 ], "distance": null, "country.id": 68, "country.code": "LA", "country.name": "Lao PDR", "owner.id": 11271, "owner.name": "UNICEF", "provider.id": 66, "provider.name": "AirGradient", "coordinates.latitude": 18.068595, "coordinates.longitude": 102.535866, "datetimeFirst.utc": "2025-03-07T06:00:00Z", "datetimeFirst.local": "2025-03-07T13:00:00+07:00", "datetimeLast.utc": "2026-06-19T03:00:00Z", "datetimeLast.local": "2026-06-19T10:00:00+07:00", "name_right": "Laos", "code": "LAO", "group": "Countries" }, "geometry": { "type": "Point", "coordinates": [ 102.535866, 18.068595 ] } },
{ "type": "Feature", "properties": { "id": 3612961, "name": "Long Secondary School - Long, LuangNamtha ມັດທະຍົມສົມບູນ ເມືອງລອງ", "locality": null, "timezone": "Asia/Vientiane", "isMobile": false, "isMonitor": false, "instruments": [ { "id": 7, "name": "Unknown AirGradient Sensor" } ], "sensors": [ { "id": 12402658, "name": "pm1 µg/m³", "parameter": { "id": 19, "name": "pm1", "units": "µg/m³", "displayName": "PM1" } }, { "id": 12402659, "name": "pm25 µg/m³", "parameter": { "id": 2, "name": "pm25", "units": "µg/m³", "displayName": "PM2.5" } }, { "id": 12402660, "name": "relativehumidity %", "parameter": { "id": 98, "name": "relativehumidity", "units": "%", "displayName": "RH" } }, { "id": 12402661, "name": "temperature c", "parameter": { "id": 100, "name": "temperature", "units": "c", "displayName": "Temperature (C)" } }, { "id": 12402662, "name": "um003 particles/cm³", "parameter": { "id": 125, "name": "um003", "units": "particles/cm³", "displayName": "PM0.3 count" } } ], "licenses": "[{'id': 41, 'name': 'CC BY 4.0', 'attribution': {'name': 'UNICEF', 'url': None}, 'dateFrom': '2023-07-15', 'dateTo': None}]", "bounds": [ 100.82109, 20.962029, 100.82109, 20.962029 ], "distance": null, "country.id": 68, "country.code": "LA", "country.name": "Lao PDR", "owner.id": 11271, "owner.name": "UNICEF", "provider.id": 66, "provider.name": "AirGradient", "coordinates.latitude": 20.962029, "coordinates.longitude": 100.82109, "datetimeFirst.utc": "2025-03-07T06:00:00Z", "datetimeFirst.local": "2025-03-07T13:00:00+07:00", "datetimeLast.utc": "2026-06-02T09:00:00Z", "datetimeLast.local": "2026-06-02T16:00:00+07:00", "name_right": "Laos", "code": "LAO", "group": "Countries" }, "geometry": { "type": "Point", "coordinates": [ 100.82109, 20.962029 ] } },
{ "type": "Feature", "properties": { "id": 3612962, "name": "Sing Secondary School - Sing, LuangNamtha ມັດທະຍົມສົມບູນ ເມືອງສິງ", "locality": null, "timezone": "Asia/Vientiane", "isMobile": false, "isMonitor": false, "instruments": [ { "id": 7, "name": "Unknown AirGradient Sensor" } ], "sensors": [ { "id": 12402663, "name": "pm1 µg/m³", "parameter": { "id": 19, "name": "pm1", "units": "µg/m³", "displayName": "PM1" } }, { "id": 12402664, "name": "pm25 µg/m³", "parameter": { "id": 2, "name": "pm25", "units": "µg/m³", "displayName": "PM2.5" } }, { "id": 12402665, "name": "relativehumidity %", "parameter": { "id": 98, "name": "relativehumidity", "units": "%", "displayName": "RH" } }, { "id": 12402666, "name": "temperature c", "parameter": { "id": 100, "name": "temperature", "units": "c", "displayName": "Temperature (C)" } }, { "id": 12402667, "name": "um003 particles/cm³", "parameter": { "id": 125, "name": "um003", "units": "particles/cm³", "displayName": "PM0.3 count" } } ], "licenses": "[{'id': 41, 'name': 'CC BY 4.0', 'attribution': {'name': 'UNICEF', 'url': None}, 'dateFrom': '2023-07-15', 'dateTo': None}]", "bounds": [ 101.144937, 21.190223, 101.144937, 21.190223 ], "distance": null, "country.id": 68, "country.code": "LA", "country.name": "Lao PDR", "owner.id": 11271, "owner.name": "UNICEF", "provider.id": 66, "provider.name": "AirGradient", "coordinates.latitude": 21.190223, "coordinates.longitude": 101.144937, "datetimeFirst.utc": "2025-03-07T06:00:00Z", "datetimeFirst.local": "2025-03-07T13:00:00+07:00", "datetimeLast.utc": "2026-07-07T03:00:00Z", "datetimeLast.local": "2026-07-07T10:00:00+07:00", "name_right": "Laos", "code": "LAO", "group": "Countries" }, "geometry": { "type": "Point", "coordinates": [ 101.144937, 21.190223 ] } },
{ "type": "Feature", "properties": { "id": 3612963, "name": "Nongtang Secondary School - Phookood, Xiengkhuang ມັດທະຍົມ ໜອງຕັ່ງ", "locality": null, "timezone": "Asia/Vientiane", "isMobile": false, "isMonitor": false, "instruments": [ { "id": 7, "name": "Unknown AirGradient Sensor" } ], "sensors": [ { "id": 12402668, "name": "pm1 µg/m³", "parameter": { "id": 19, "name": "pm1", "units": "µg/m³", "displayName": "PM1" } }, { "id": 12402669, "name": "pm25 µg/m³", "parameter": { "id": 2, "name": "pm25", "units": "µg/m³", "displayName": "PM2.5" } }, { "id": 12402670, "name": "relativehumidity %", "parameter": { "id": 98, "name": "relativehumidity", "units": "%", "displayName": "RH" } }, { "id": 12402671, "name": "temperature c", "parameter": { "id": 100, "name": "temperature", "units": "c", "displayName": "Temperature (C)" } }, { "id": 12402672, "name": "um003 particles/cm³", "parameter": { "id": 125, "name": "um003", "units": "particles/cm³", "displayName": "PM0.3 count" } } ], "licenses": "[{'id': 41, 'name': 'CC BY 4.0', 'attribution': {'name': 'UNICEF', 'url': None}, 'dateFrom': '2023-07-15', 'dateTo': None}]", "bounds": [ 102.884798, 19.520634, 102.884798, 19.520634 ], "distance": null, "country.id": 68, "country.code": "LA", "country.name": "Lao PDR", "owner.id": 11271, "owner.name": "UNICEF", "provider.id": 66, "provider.name": "AirGradient", "coordinates.latitude": 19.520634, "coordinates.longitude": 102.884798, "datetimeFirst.utc": "2025-03-07T08:00:00Z", "datetimeFirst.local": "2025-03-07T15:00:00+07:00", "datetimeLast.utc": "2026-07-07T03:00:00Z", "datetimeLast.local": "2026-07-07T10:00:00+07:00", "name_right": "Laos", "code": "LAO", "group": "Countries" }, "geometry": { "type": "Point", "coordinates": [ 102.884798, 19.520634 ] } },
{ "type": "Feature", "properties": { "id": 3612964, "name": "Xanakharm Secondary School - Xanakharm, Vieniane Province ມັດທະຍົມສົບຸນ ຊະນະຄາມ", "locality": null, "timezone": "Asia/Vientiane", "isMobile": false, "isMonitor": false, "instruments": [ { "id": 7, "name": "Unknown AirGradient Sensor" } ], "sensors": [ { "id": 12402673, "name": "pm1 µg/m³", "parameter": { "id": 19, "name": "pm1", "units": "µg/m³", "displayName": "PM1" } }, { "id": 12402674, "name": "pm25 µg/m³", "parameter": { "id": 2, "name": "pm25", "units": "µg/m³", "displayName": "PM2.5" } }, { "id": 12402675, "name": "relativehumidity %", "parameter": { "id": 98, "name": "relativehumidity", "units": "%", "displayName": "RH" } }, { "id": 12402676, "name": "temperature c", "parameter": { "id": 100, "name": "temperature", "units": "c", "displayName": "Temperature (C)" } }, { "id": 12402677, "name": "um003 particles/cm³", "parameter": { "id": 125, "name": "um003", "units": "particles/cm³", "displayName": "PM0.3 count" } } ], "licenses": "[{'id': 41, 'name': 'CC BY 4.0', 'attribution': {'name': 'UNICEF', 'url': None}, 'dateFrom': '2023-07-15', 'dateTo': None}]", "bounds": [ 101.670662, 17.910218, 101.670662, 17.910218 ], "distance": null, "country.id": 68, "country.code": "LA", "country.name": "Lao PDR", "owner.id": 11271, "owner.name": "UNICEF", "provider.id": 66, "provider.name": "AirGradient", "coordinates.latitude": 17.910218, "coordinates.longitude": 101.670662, "datetimeFirst.utc": "2025-03-07T06:00:00Z", "datetimeFirst.local": "2025-03-07T13:00:00+07:00", "datetimeLast.utc": "2026-06-25T16:00:00Z", "datetimeLast.local": "2026-06-25T23:00:00+07:00", "name_right": "Laos", "code": "LAO", "group": "Countries" }, "geometry": { "type": "Point", "coordinates": [ 101.670662, 17.910218 ] } },
{ "type": "Feature", "properties": { "id": 3612965, "name": "Phonmi Secondary School - Viengkham, Vientiane Province ມັດທະຍົມສົມບຸນ ໂພນໝີ", "locality": null, "timezone": "Asia/Vientiane", "isMobile": false, "isMonitor": false, "instruments": [ { "id": 7, "name": "Unknown AirGradient Sensor" } ], "sensors": [ { "id": 12402678, "name": "pm1 µg/m³", "parameter": { "id": 19, "name": "pm1", "units": "µg/m³", "displayName": "PM1" } }, { "id": 12402679, "name": "pm25 µg/m³", "parameter": { "id": 2, "name": "pm25", "units": "µg/m³", "displayName": "PM2.5" } }, { "id": 12402680, "name": "relativehumidity %", "parameter": { "id": 98, "name": "relativehumidity", "units": "%", "displayName": "RH" } }, { "id": 12402681, "name": "temperature c", "parameter": { "id": 100, "name": "temperature", "units": "c", "displayName": "Temperature (C)" } }, { "id": 12402682, "name": "um003 particles/cm³", "parameter": { "id": 125, "name": "um003", "units": "particles/cm³", "displayName": "PM0.3 count" } } ], "licenses": "[{'id': 41, 'name': 'CC BY 4.0', 'attribution': {'name': 'UNICEF', 'url': None}, 'dateFrom': '2023-07-15', 'dateTo': None}]", "bounds": [ 102.485942, 18.48451, 102.485942, 18.48451 ], "distance": null, "country.id": 68, "country.code": "LA", "country.name": "Lao PDR", "owner.id": 11271, "owner.name": "UNICEF", "provider.id": 66, "provider.name": "AirGradient", "coordinates.latitude": 18.48451, "coordinates.longitude": 102.485942, "datetimeFirst.utc": "2025-03-07T06:00:00Z", "datetimeFirst.local": "2025-03-07T13:00:00+07:00", "datetimeLast.utc": "2026-06-29T05:00:00Z", "datetimeLast.local": "2026-06-29T12:00:00+07:00", "name_right": "Laos", "code": "LAO", "group": "Countries" }, "geometry": { "type": "Point", "coordinates": [ 102.485942, 18.48451 ] } },
{ "type": "Feature", "properties": { "id": 3612966, "name": "Phoummachedy Secondary School - Xayphouthong, Savannakhet ມັດທະຍົມ ພູມມະເຈດີ", "locality": null, "timezone": "Asia/Vientiane", "isMobile": false, "isMonitor": false, "instruments": [ { "id": 7, "name": "Unknown AirGradient Sensor" } ], "sensors": [ { "id": 12402683, "name": "pm1 µg/m³", "parameter": { "id": 19, "name": "pm1", "units": "µg/m³", "displayName": "PM1" } }, { "id": 12402684, "name": "pm25 µg/m³", "parameter": { "id": 2, "name": "pm25", "units": "µg/m³", "displayName": "PM2.5" } }, { "id": 12402685, "name": "relativehumidity %", "parameter": { "id": 98, "name": "relativehumidity", "units": "%", "displayName": "RH" } }, { "id": 12402686, "name": "temperature c", "parameter": { "id": 100, "name": "temperature", "units": "c", "displayName": "Temperature (C)" } }, { "id": 12402687, "name": "um003 particles/cm³", "parameter": { "id": 125, "name": "um003", "units": "particles/cm³", "displayName": "PM0.3 count" } } ], "licenses": "[{'id': 41, 'name': 'CC BY 4.0', 'attribution': {'name': 'UNICEF', 'url': None}, 'dateFrom': '2023-07-15', 'dateTo': None}]", "bounds": [ 105.005653, 16.367044, 105.005653, 16.367044 ], "distance": null, "country.id": 68, "country.code": "LA", "country.name": "Lao PDR", "owner.id": 11271, "owner.name": "UNICEF", "provider.id": 66, "provider.name": "AirGradient", "coordinates.latitude": 16.367044, "coordinates.longitude": 105.005653, "datetimeFirst.utc": "2025-03-07T07:00:00Z", "datetimeFirst.local": "2025-03-07T14:00:00+07:00", "datetimeLast.utc": "2026-07-07T03:00:00Z", "datetimeLast.local": "2026-07-07T10:00:00+07:00", "name_right": "Laos", "code": "LAO", "group": "Countries" }, "geometry": { "type": "Point", "coordinates": [ 105.005653, 16.367044 ] } },
{ "type": "Feature", "properties": { "id": 3624137, "name": "Kaleum Secondary School - Kaleum, Sekong ມັດທະຍົມ ກະລຶມ", "locality": null, "timezone": "Asia/Vientiane", "isMobile": false, "isMonitor": false, "instruments": [ { "id": 7, "name": "Unknown AirGradient Sensor" } ], "sensors": [ { "id": 12411286, "name": "pm1 µg/m³", "parameter": { "id": 19, "name": "pm1", "units": "µg/m³", "displayName": "PM1" } }, { "id": 12411287, "name": "pm25 µg/m³", "parameter": { "id": 2, "name": "pm25", "units": "µg/m³", "displayName": "PM2.5" } }, { "id": 12411288, "name": "relativehumidity %", "parameter": { "id": 98, "name": "relativehumidity", "units": "%", "displayName": "RH" } }, { "id": 12411289, "name": "temperature c", "parameter": { "id": 100, "name": "temperature", "units": "c", "displayName": "Temperature (C)" } }, { "id": 12411290, "name": "um003 particles/cm³", "parameter": { "id": 125, "name": "um003", "units": "particles/cm³", "displayName": "PM0.3 count" } } ], "licenses": "[{'id': 41, 'name': 'CC BY 4.0', 'attribution': {'name': 'UNICEF', 'url': None}, 'dateFrom': '2023-07-15', 'dateTo': None}]", "bounds": [ 106.906754, 15.784384, 106.906754, 15.784384 ], "distance": null, "country.id": 68, "country.code": "LA", "country.name": "Lao PDR", "owner.id": 11271, "owner.name": "UNICEF", "provider.id": 66, "provider.name": "AirGradient", "coordinates.latitude": 15.784384, "coordinates.longitude": 106.906754, "datetimeFirst.utc": "2025-03-08T03:00:00Z", "datetimeFirst.local": "2025-03-08T10:00:00+07:00", "datetimeLast.utc": "2026-06-23T02:00:00Z", "datetimeLast.local": "2026-06-23T09:00:00+07:00", "name_right": "Laos", "code": "LAO", "group": "Countries" }, "geometry": { "type": "Point", "coordinates": [ 106.906754, 15.784384 ] } },
{ "type": "Feature", "properties": { "id": 3624655, "name": "Sivilay Secondary School - Xaybouathong, Khammouane ມັດທະຍົມສົມບູນ ສີວິໄລ", "locality": null, "timezone": "Asia/Vientiane", "isMobile": false, "isMonitor": false, "instruments": [ { "id": 7, "name": "Unknown AirGradient Sensor" } ], "sensors": [ { "id": 12411605, "name": "pm1 µg/m³", "parameter": { "id": 19, "name": "pm1", "units": "µg/m³", "displayName": "PM1" } }, { "id": 12411606, "name": "pm25 µg/m³", "parameter": { "id": 2, "name": "pm25", "units": "µg/m³", "displayName": "PM2.5" } }, { "id": 12411607, "name": "relativehumidity %", "parameter": { "id": 98, "name": "relativehumidity", "units": "%", "displayName": "RH" } }, { "id": 12411608, "name": "temperature c", "parameter": { "id": 100, "name": "temperature", "units": "c", "displayName": "Temperature (C)" } }, { "id": 12411609, "name": "um003 particles/cm³", "parameter": { "id": 125, "name": "um003", "units": "particles/cm³", "displayName": "PM0.3 count" } } ], "licenses": "[{'id': 41, 'name': 'CC BY 4.0', 'attribution': {'name': 'UNICEF', 'url': None}, 'dateFrom': '2023-07-15', 'dateTo': None}]", "bounds": [ 105.4273, 17.171532, 105.4273, 17.171532 ], "distance": null, "country.id": 68, "country.code": "LA", "country.name": "Lao PDR", "owner.id": 11271, "owner.name": "UNICEF", "provider.id": 66, "provider.name": "AirGradient", "coordinates.latitude": 17.171532, "coordinates.longitude": 105.4273, "datetimeFirst.utc": "2025-03-08T06:00:00Z", "datetimeFirst.local": "2025-03-08T13:00:00+07:00", "datetimeLast.utc": "2025-11-06T06:00:00Z", "datetimeLast.local": "2025-11-06T13:00:00+07:00", "name_right": "Laos", "code": "LAO", "group": "Countries" }, "geometry": { "type": "Point", "coordinates": [ 105.4273, 17.171532 ] } },
{ "type": "Feature", "properties": { "id": 3658671, "name": "Chansavang Secondary School - Sikhottabong, Vientiane Capital ມັດທະຍົມ ຈັນສະຫວ່າງ", "locality": null, "timezone": "Asia/Vientiane", "isMobile": false, "isMonitor": false, "instruments": [ { "id": 7, "name": "Unknown AirGradient Sensor" } ], "sensors": [ { "id": 12438783, "name": "pm1 µg/m³", "parameter": { "id": 19, "name": "pm1", "units": "µg/m³", "displayName": "PM1" } }, { "id": 12438784, "name": "pm25 µg/m³", "parameter": { "id": 2, "name": "pm25", "units": "µg/m³", "displayName": "PM2.5" } }, { "id": 12438785, "name": "relativehumidity %", "parameter": { "id": 98, "name": "relativehumidity", "units": "%", "displayName": "RH" } }, { "id": 12438786, "name": "temperature c", "parameter": { "id": 100, "name": "temperature", "units": "c", "displayName": "Temperature (C)" } }, { "id": 12438787, "name": "um003 particles/cm³", "parameter": { "id": 125, "name": "um003", "units": "particles/cm³", "displayName": "PM0.3 count" } } ], "licenses": "[{'id': 41, 'name': 'CC BY 4.0', 'attribution': {'name': 'UNICEF', 'url': None}, 'dateFrom': '2023-07-15', 'dateTo': None}]", "bounds": [ 102.520739, 18.024146, 102.520739, 18.024146 ], "distance": null, "country.id": 68, "country.code": "LA", "country.name": "Lao PDR", "owner.id": 11271, "owner.name": "UNICEF", "provider.id": 66, "provider.name": "AirGradient", "coordinates.latitude": 18.024146, "coordinates.longitude": 102.520739, "datetimeFirst.utc": "2025-03-11T01:00:00Z", "datetimeFirst.local": "2025-03-11T08:00:00+07:00", "datetimeLast.utc": "2026-07-07T03:00:00Z", "datetimeLast.local": "2026-07-07T10:00:00+07:00", "name_right": "Laos", "code": "LAO", "group": "Countries" }, "geometry": { "type": "Point", "coordinates": [ 102.520739, 18.024146 ] } },
{ "type": "Feature", "properties": { "id": 3663294, "name": "Lakhonesy Secondary School - Lakhonepheng, Saravane ມັດທະຍົມສົມບູນ ລະຄອນສີ", "locality": null, "timezone": "Asia/Vientiane", "isMobile": false, "isMonitor": false, "instruments": [ { "id": 7, "name": "Unknown AirGradient Sensor" } ], "sensors": [ { "id": 12442512, "name": "pm1 µg/m³", "parameter": { "id": 19, "name": "pm1", "units": "µg/m³", "displayName": "PM1" } }, { "id": 12442513, "name": "pm25 µg/m³", "parameter": { "id": 2, "name": "pm25", "units": "µg/m³", "displayName": "PM2.5" } }, { "id": 12442514, "name": "relativehumidity %", "parameter": { "id": 98, "name": "relativehumidity", "units": "%", "displayName": "RH" } }, { "id": 12442515, "name": "temperature c", "parameter": { "id": 100, "name": "temperature", "units": "c", "displayName": "Temperature (C)" } }, { "id": 12442516, "name": "um003 particles/cm³", "parameter": { "id": 125, "name": "um003", "units": "particles/cm³", "displayName": "PM0.3 count" } } ], "licenses": "[{'id': 41, 'name': 'CC BY 4.0', 'attribution': {'name': 'UNICEF', 'url': None}, 'dateFrom': '2023-07-15', 'dateTo': None}]", "bounds": [ 105.567119, 15.891245, 105.567119, 15.891245 ], "distance": null, "country.id": 68, "country.code": "LA", "country.name": "Lao PDR", "owner.id": 11271, "owner.name": "UNICEF", "provider.id": 66, "provider.name": "AirGradient", "coordinates.latitude": 15.891245, "coordinates.longitude": 105.567119, "datetimeFirst.utc": "2025-03-11T09:00:00Z", "datetimeFirst.local": "2025-03-11T16:00:00+07:00", "datetimeLast.utc": "2026-07-07T03:00:00Z", "datetimeLast.local": "2026-07-07T10:00:00+07:00", "name_right": "Laos", "code": "LAO", "group": "Countries" }, "geometry": { "type": "Point", "coordinates": [ 105.567119, 15.891245 ] } },
{ "type": "Feature", "properties": { "id": 3683630, "name": "TaOi Secondary School - TaOi, Saravane ມັດທະຍົມສົມບູນ ຕະໂອ້ຍ", "locality": null, "timezone": "Asia/Vientiane", "isMobile": false, "isMonitor": false, "instruments": [ { "id": 7, "name": "Unknown AirGradient Sensor" } ], "sensors": [ { "id": 12459027, "name": "pm1 µg/m³", "parameter": { "id": 19, "name": "pm1", "units": "µg/m³", "displayName": "PM1" } }, { "id": 12459028, "name": "pm25 µg/m³", "parameter": { "id": 2, "name": "pm25", "units": "µg/m³", "displayName": "PM2.5" } }, { "id": 12459029, "name": "relativehumidity %", "parameter": { "id": 98, "name": "relativehumidity", "units": "%", "displayName": "RH" } }, { "id": 12459030, "name": "temperature c", "parameter": { "id": 100, "name": "temperature", "units": "c", "displayName": "Temperature (C)" } }, { "id": 12459031, "name": "um003 particles/cm³", "parameter": { "id": 125, "name": "um003", "units": "particles/cm³", "displayName": "PM0.3 count" } } ], "licenses": "[{'id': 41, 'name': 'CC BY 4.0', 'attribution': {'name': 'UNICEF', 'url': None}, 'dateFrom': '2023-07-15', 'dateTo': None}]", "bounds": [ 106.621363, 16.07679, 106.621363, 16.07679 ], "distance": null, "country.id": 68, "country.code": "LA", "country.name": "Lao PDR", "owner.id": 11271, "owner.name": "UNICEF", "provider.id": 66, "provider.name": "AirGradient", "coordinates.latitude": 16.07679, "coordinates.longitude": 106.621363, "datetimeFirst.utc": "2025-03-13T00:00:00Z", "datetimeFirst.local": "2025-03-13T07:00:00+07:00", "datetimeLast.utc": "2026-06-08T02:00:00Z", "datetimeLast.local": "2026-06-08T09:00:00+07:00", "name_right": "Laos", "code": "LAO", "group": "Countries" }, "geometry": { "type": "Point", "coordinates": [ 106.621363, 16.07679 ] } },
{ "type": "Feature", "properties": { "id": 3684608, "name": "Sathit Secondary School - Xaythani, Vientiane Capital ມັດທະຍົມ ສາທິດ", "locality": null, "timezone": "Asia/Vientiane", "isMobile": false, "isMonitor": false, "instruments": [ { "id": 7, "name": "Unknown AirGradient Sensor" } ], "sensors": [ { "id": 12459634, "name": "pm1 µg/m³", "parameter": { "id": 19, "name": "pm1", "units": "µg/m³", "displayName": "PM1" } }, { "id": 12459635, "name": "pm25 µg/m³", "parameter": { "id": 2, "name": "pm25", "units": "µg/m³", "displayName": "PM2.5" } }, { "id": 12459636, "name": "relativehumidity %", "parameter": { "id": 98, "name": "relativehumidity", "units": "%", "displayName": "RH" } }, { "id": 12459637, "name": "temperature c", "parameter": { "id": 100, "name": "temperature", "units": "c", "displayName": "Temperature (C)" } }, { "id": 12459638, "name": "um003 particles/cm³", "parameter": { "id": 125, "name": "um003", "units": "particles/cm³", "displayName": "PM0.3 count" } } ], "licenses": "[{'id': 41, 'name': 'CC BY 4.0', 'attribution': {'name': 'UNICEF', 'url': None}, 'dateFrom': '2023-07-15', 'dateTo': None}]", "bounds": [ 102.63994, 18.035248, 102.63994, 18.035248 ], "distance": null, "country.id": 68, "country.code": "LA", "country.name": "Lao PDR", "owner.id": 11271, "owner.name": "UNICEF", "provider.id": 66, "provider.name": "AirGradient", "coordinates.latitude": 18.035248, "coordinates.longitude": 102.63994, "datetimeFirst.utc": "2025-03-13T02:00:00Z", "datetimeFirst.local": "2025-03-13T09:00:00+07:00", "datetimeLast.utc": "2026-07-07T03:00:00Z", "datetimeLast.local": "2026-07-07T10:00:00+07:00", "name_right": "Laos", "code": "LAO", "group": "Countries" }, "geometry": { "type": "Point", "coordinates": [ 102.63994, 18.035248 ] } },
{ "type": "Feature", "properties": { "id": 3684609, "name": "Naxay Secondary School - Samphanh, Phongsaly ມັດທະຍົມສົມບູນ ນາໄຊ", "locality": null, "timezone": "Asia/Vientiane", "isMobile": false, "isMonitor": false, "instruments": [ { "id": 7, "name": "Unknown AirGradient Sensor" } ], "sensors": [ { "id": 12459639, "name": "pm1 µg/m³", "parameter": { "id": 19, "name": "pm1", "units": "µg/m³", "displayName": "PM1" } }, { "id": 12459640, "name": "pm25 µg/m³", "parameter": { "id": 2, "name": "pm25", "units": "µg/m³", "displayName": "PM2.5" } }, { "id": 12459641, "name": "relativehumidity %", "parameter": { "id": 98, "name": "relativehumidity", "units": "%", "displayName": "RH" } }, { "id": 12459642, "name": "temperature c", "parameter": { "id": 100, "name": "temperature", "units": "c", "displayName": "Temperature (C)" } }, { "id": 12459643, "name": "um003 particles/cm³", "parameter": { "id": 125, "name": "um003", "units": "particles/cm³", "displayName": "PM0.3 count" } } ], "licenses": "[{'id': 41, 'name': 'CC BY 4.0', 'attribution': {'name': 'UNICEF', 'url': None}, 'dateFrom': '2023-07-15', 'dateTo': None}]", "bounds": [ 102.349329, 21.346014, 102.349329, 21.346014 ], "distance": null, "country.id": 68, "country.code": "LA", "country.name": "Lao PDR", "owner.id": 11271, "owner.name": "UNICEF", "provider.id": 66, "provider.name": "AirGradient", "coordinates.latitude": 21.346014, "coordinates.longitude": 102.349329, "datetimeFirst.utc": "2025-03-13T03:00:00Z", "datetimeFirst.local": "2025-03-13T10:00:00+07:00", "datetimeLast.utc": "2026-07-07T03:00:00Z", "datetimeLast.local": "2026-07-07T10:00:00+07:00", "name_right": "Laos", "code": "LAO", "group": "Countries" }, "geometry": { "type": "Point", "coordinates": [ 102.349329, 21.346014 ] } },
{ "type": "Feature", "properties": { "id": 3684611, "name": "Phin Secondary School - Phin, Savannakhet ມັດທະຍົມ ພີນ", "locality": null, "timezone": "Asia/Vientiane", "isMobile": false, "isMonitor": false, "instruments": [ { "id": 7, "name": "Unknown AirGradient Sensor" } ], "sensors": [ { "id": 12459649, "name": "pm1 µg/m³", "parameter": { "id": 19, "name": "pm1", "units": "µg/m³", "displayName": "PM1" } }, { "id": 12459650, "name": "pm25 µg/m³", "parameter": { "id": 2, "name": "pm25", "units": "µg/m³", "displayName": "PM2.5" } }, { "id": 12459651, "name": "relativehumidity %", "parameter": { "id": 98, "name": "relativehumidity", "units": "%", "displayName": "RH" } }, { "id": 12459652, "name": "temperature c", "parameter": { "id": 100, "name": "temperature", "units": "c", "displayName": "Temperature (C)" } }, { "id": 12459653, "name": "um003 particles/cm³", "parameter": { "id": 125, "name": "um003", "units": "particles/cm³", "displayName": "PM0.3 count" } } ], "licenses": "[{'id': 41, 'name': 'CC BY 4.0', 'attribution': {'name': 'UNICEF', 'url': None}, 'dateFrom': '2023-07-15', 'dateTo': None}]", "bounds": [ 106.021922, 16.527879, 106.021922, 16.527879 ], "distance": null, "country.id": 68, "country.code": "LA", "country.name": "Lao PDR", "owner.id": 11271, "owner.name": "UNICEF", "provider.id": 66, "provider.name": "AirGradient", "coordinates.latitude": 16.527879, "coordinates.longitude": 106.021922, "datetimeFirst.utc": "2025-03-13T02:00:00Z", "datetimeFirst.local": "2025-03-13T09:00:00+07:00", "datetimeLast.utc": "2026-07-07T03:00:00Z", "datetimeLast.local": "2026-07-07T10:00:00+07:00", "name_right": "Laos", "code": "LAO", "group": "Countries" }, "geometry": { "type": "Point", "coordinates": [ 106.021922, 16.527879 ] } },
{ "type": "Feature", "properties": { "id": 3685146, "name": "Namor Secondary School - Namor, Oudomxay ມັດທະຍົມ ເມືອງນາໝໍ້", "locality": null, "timezone": "Asia/Vientiane", "isMobile": false, "isMonitor": false, "instruments": [ { "id": 7, "name": "Unknown AirGradient Sensor" } ], "sensors": [ { "id": 12460284, "name": "pm1 µg/m³", "parameter": { "id": 19, "name": "pm1", "units": "µg/m³", "displayName": "PM1" } }, { "id": 12460285, "name": "pm25 µg/m³", "parameter": { "id": 2, "name": "pm25", "units": "µg/m³", "displayName": "PM2.5" } }, { "id": 12460286, "name": "relativehumidity %", "parameter": { "id": 98, "name": "relativehumidity", "units": "%", "displayName": "RH" } }, { "id": 12460287, "name": "temperature c", "parameter": { "id": 100, "name": "temperature", "units": "c", "displayName": "Temperature (C)" } }, { "id": 12460288, "name": "um003 particles/cm³", "parameter": { "id": 125, "name": "um003", "units": "particles/cm³", "displayName": "PM0.3 count" } } ], "licenses": "[{'id': 41, 'name': 'CC BY 4.0', 'attribution': {'name': 'UNICEF', 'url': None}, 'dateFrom': '2023-07-15', 'dateTo': None}]", "bounds": [ 101.764456, 20.914061, 101.764456, 20.914061 ], "distance": null, "country.id": 68, "country.code": "LA", "country.name": "Lao PDR", "owner.id": 11271, "owner.name": "UNICEF", "provider.id": 66, "provider.name": "AirGradient", "coordinates.latitude": 20.914061, "coordinates.longitude": 101.764456, "datetimeFirst.utc": "2025-03-13T03:00:00Z", "datetimeFirst.local": "2025-03-13T10:00:00+07:00", "datetimeLast.utc": "2026-07-07T03:00:00Z", "datetimeLast.local": "2026-07-07T10:00:00+07:00", "name_right": "Laos", "code": "LAO", "group": "Countries" }, "geometry": { "type": "Point", "coordinates": [ 101.764456, 20.914061 ] } },
{ "type": "Feature", "properties": { "id": 3685147, "name": "Hoon Secondary School - Hoon, Oudomxay ມັດທະຍົມ ເມືອງຮຸນ", "locality": null, "timezone": "Asia/Vientiane", "isMobile": false, "isMonitor": false, "instruments": [ { "id": 7, "name": "Unknown AirGradient Sensor" } ], "sensors": [ { "id": 12460289, "name": "pm1 µg/m³", "parameter": { "id": 19, "name": "pm1", "units": "µg/m³", "displayName": "PM1" } }, { "id": 12460290, "name": "pm25 µg/m³", "parameter": { "id": 2, "name": "pm25", "units": "µg/m³", "displayName": "PM2.5" } }, { "id": 12460291, "name": "relativehumidity %", "parameter": { "id": 98, "name": "relativehumidity", "units": "%", "displayName": "RH" } }, { "id": 12460292, "name": "temperature c", "parameter": { "id": 100, "name": "temperature", "units": "c", "displayName": "Temperature (C)" } }, { "id": 12460293, "name": "um003 particles/cm³", "parameter": { "id": 125, "name": "um003", "units": "particles/cm³", "displayName": "PM0.3 count" } } ], "licenses": "[{'id': 41, 'name': 'CC BY 4.0', 'attribution': {'name': 'UNICEF', 'url': None}, 'dateFrom': '2023-07-15', 'dateTo': None}]", "bounds": [ 101.467765, 20.146431, 101.467765, 20.146431 ], "distance": null, "country.id": 68, "country.code": "LA", "country.name": "Lao PDR", "owner.id": 11271, "owner.name": "UNICEF", "provider.id": 66, "provider.name": "AirGradient", "coordinates.latitude": 20.146431, "coordinates.longitude": 101.467765, "datetimeFirst.utc": "2025-03-13T03:00:00Z", "datetimeFirst.local": "2025-03-13T10:00:00+07:00", "datetimeLast.utc": "2026-07-07T03:00:00Z", "datetimeLast.local": "2026-07-07T10:00:00+07:00", "name_right": "Laos", "code": "LAO", "group": "Countries" }, "geometry": { "type": "Point", "coordinates": [ 101.467765, 20.146431 ] } },
{ "type": "Feature", "properties": { "id": 3685148, "name": "Beungxang Secondary School - Xonbuly, Savannakhet ມັດທະຍົມ ບຶງຊ້າງ", "locality": null, "timezone": "Asia/Vientiane", "isMobile": false, "isMonitor": false, "instruments": [ { "id": 7, "name": "Unknown AirGradient Sensor" } ], "sensors": [ { "id": 12460294, "name": "pm1 µg/m³", "parameter": { "id": 19, "name": "pm1", "units": "µg/m³", "displayName": "PM1" } }, { "id": 12460295, "name": "pm25 µg/m³", "parameter": { "id": 2, "name": "pm25", "units": "µg/m³", "displayName": "PM2.5" } }, { "id": 12460296, "name": "relativehumidity %", "parameter": { "id": 98, "name": "relativehumidity", "units": "%", "displayName": "RH" } }, { "id": 12460297, "name": "temperature c", "parameter": { "id": 100, "name": "temperature", "units": "c", "displayName": "Temperature (C)" } }, { "id": 12460298, "name": "um003 particles/cm³", "parameter": { "id": 125, "name": "um003", "units": "particles/cm³", "displayName": "PM0.3 count" } } ], "licenses": "[{'id': 41, 'name': 'CC BY 4.0', 'attribution': {'name': 'UNICEF', 'url': None}, 'dateFrom': '2023-07-15', 'dateTo': None}]", "bounds": [ 105.375363, 16.388527, 105.375363, 16.388527 ], "distance": null, "country.id": 68, "country.code": "LA", "country.name": "Lao PDR", "owner.id": 11271, "owner.name": "UNICEF", "provider.id": 66, "provider.name": "AirGradient", "coordinates.latitude": 16.388527, "coordinates.longitude": 105.375363, "datetimeFirst.utc": "2025-03-13T03:00:00Z", "datetimeFirst.local": "2025-03-13T10:00:00+07:00", "datetimeLast.utc": "2026-05-27T02:00:00Z", "datetimeLast.local": "2026-05-27T09:00:00+07:00", "name_right": "Laos", "code": "LAO", "group": "Countries" }, "geometry": { "type": "Point", "coordinates": [ 105.375363, 16.388527 ] } },
{ "type": "Feature", "properties": { "id": 3685149, "name": "Saphai Secondary School - Sanasomboun, Champasack ມັດທະຍົມ ສະຜ່າຍ", "locality": null, "timezone": "Asia/Vientiane", "isMobile": false, "isMonitor": false, "instruments": [ { "id": 7, "name": "Unknown AirGradient Sensor" } ], "sensors": [ { "id": 12460299, "name": "pm1 µg/m³", "parameter": { "id": 19, "name": "pm1", "units": "µg/m³", "displayName": "PM1" } }, { "id": 12460300, "name": "pm25 µg/m³", "parameter": { "id": 2, "name": "pm25", "units": "µg/m³", "displayName": "PM2.5" } }, { "id": 12460301, "name": "relativehumidity %", "parameter": { "id": 98, "name": "relativehumidity", "units": "%", "displayName": "RH" } }, { "id": 12460302, "name": "temperature c", "parameter": { "id": 100, "name": "temperature", "units": "c", "displayName": "Temperature (C)" } }, { "id": 12460303, "name": "um003 particles/cm³", "parameter": { "id": 125, "name": "um003", "units": "particles/cm³", "displayName": "PM0.3 count" } } ], "licenses": "[{'id': 41, 'name': 'CC BY 4.0', 'attribution': {'name': 'UNICEF', 'url': None}, 'dateFrom': '2023-07-15', 'dateTo': None}]", "bounds": [ 105.720683, 15.202177, 105.720683, 15.202177 ], "distance": null, "country.id": 68, "country.code": "LA", "country.name": "Lao PDR", "owner.id": 11271, "owner.name": "UNICEF", "provider.id": 66, "provider.name": "AirGradient", "coordinates.latitude": 15.202177, "coordinates.longitude": 105.720683, "datetimeFirst.utc": "2025-03-13T03:00:00Z", "datetimeFirst.local": "2025-03-13T10:00:00+07:00", "datetimeLast.utc": "2026-07-07T03:00:00Z", "datetimeLast.local": "2026-07-07T10:00:00+07:00", "name_right": "Laos", "code": "LAO", "group": "Countries" }, "geometry": { "type": "Point", "coordinates": [ 105.720683, 15.202177 ] } },
{ "type": "Feature", "properties": { "id": 3685150, "name": "Dorntalath Secondary School - Champasack, Champasack ມັດທະຍົມ ດອນຕະລາດ", "locality": null, "timezone": "Asia/Vientiane", "isMobile": false, "isMonitor": false, "instruments": [ { "id": 7, "name": "Unknown AirGradient Sensor" } ], "sensors": [ { "id": 12460269, "name": "pm1 µg/m³", "parameter": { "id": 19, "name": "pm1", "units": "µg/m³", "displayName": "PM1" } }, { "id": 12460270, "name": "pm25 µg/m³", "parameter": { "id": 2, "name": "pm25", "units": "µg/m³", "displayName": "PM2.5" } }, { "id": 12460271, "name": "relativehumidity %", "parameter": { "id": 98, "name": "relativehumidity", "units": "%", "displayName": "RH" } }, { "id": 12460272, "name": "temperature c", "parameter": { "id": 100, "name": "temperature", "units": "c", "displayName": "Temperature (C)" } }, { "id": 12460273, "name": "um003 particles/cm³", "parameter": { "id": 125, "name": "um003", "units": "particles/cm³", "displayName": "PM0.3 count" } } ], "licenses": "[{'id': 41, 'name': 'CC BY 4.0', 'attribution': {'name': 'UNICEF', 'url': None}, 'dateFrom': '2023-07-15', 'dateTo': None}]", "bounds": [ 105.819789, 14.784126, 105.819789, 14.784126 ], "distance": null, "country.id": 68, "country.code": "LA", "country.name": "Lao PDR", "owner.id": 11271, "owner.name": "UNICEF", "provider.id": 66, "provider.name": "AirGradient", "coordinates.latitude": 14.784126, "coordinates.longitude": 105.819789, "datetimeFirst.utc": "2025-03-13T04:00:00Z", "datetimeFirst.local": "2025-03-13T11:00:00+07:00", "datetimeLast.utc": "2026-07-07T03:00:00Z", "datetimeLast.local": "2026-07-07T10:00:00+07:00", "name_right": "Laos", "code": "LAO", "group": "Countries" }, "geometry": { "type": "Point", "coordinates": [ 105.819789, 14.784126 ] } },
{ "type": "Feature", "properties": { "id": 3685151, "name": "Kaokerng Secondary School - Phonthong, Champasack ມັດທະຍົມ ເກົ່າເກີງ", "locality": null, "timezone": "Asia/Vientiane", "isMobile": false, "isMonitor": false, "instruments": [ { "id": 7, "name": "Unknown AirGradient Sensor" } ], "sensors": [ { "id": 12460274, "name": "pm1 µg/m³", "parameter": { "id": 19, "name": "pm1", "units": "µg/m³", "displayName": "PM1" } }, { "id": 12460275, "name": "pm25 µg/m³", "parameter": { "id": 2, "name": "pm25", "units": "µg/m³", "displayName": "PM2.5" } }, { "id": 12460276, "name": "relativehumidity %", "parameter": { "id": 98, "name": "relativehumidity", "units": "%", "displayName": "RH" } }, { "id": 12460277, "name": "temperature c", "parameter": { "id": 100, "name": "temperature", "units": "c", "displayName": "Temperature (C)" } }, { "id": 12460278, "name": "um003 particles/cm³", "parameter": { "id": 125, "name": "um003", "units": "particles/cm³", "displayName": "PM0.3 count" } } ], "licenses": "[{'id': 41, 'name': 'CC BY 4.0', 'attribution': {'name': 'UNICEF', 'url': None}, 'dateFrom': '2023-07-15', 'dateTo': None}]", "bounds": [ 105.772051, 15.107035, 105.772051, 15.107035 ], "distance": null, "country.id": 68, "country.code": "LA", "country.name": "Lao PDR", "owner.id": 11271, "owner.name": "UNICEF", "provider.id": 66, "provider.name": "AirGradient", "coordinates.latitude": 15.107035, "coordinates.longitude": 105.772051, "datetimeFirst.utc": "2025-03-13T03:00:00Z", "datetimeFirst.local": "2025-03-13T10:00:00+07:00", "datetimeLast.utc": "2026-07-07T03:00:00Z", "datetimeLast.local": "2026-07-07T10:00:00+07:00", "name_right": "Laos", "code": "LAO", "group": "Countries" }, "geometry": { "type": "Point", "coordinates": [ 105.772051, 15.107035 ] } },
{ "type": "Feature", "properties": { "id": 3685152, "name": "Sukhuma Secondary School - Sukhuma, Champasack ມັດທະຍົມ ສຸຂຸມາ", "locality": null, "timezone": "Asia/Vientiane", "isMobile": false, "isMonitor": false, "instruments": [ { "id": 7, "name": "Unknown AirGradient Sensor" } ], "sensors": [ { "id": 12460279, "name": "pm1 µg/m³", "parameter": { "id": 19, "name": "pm1", "units": "µg/m³", "displayName": "PM1" } }, { "id": 12460280, "name": "pm25 µg/m³", "parameter": { "id": 2, "name": "pm25", "units": "µg/m³", "displayName": "PM2.5" } }, { "id": 12460281, "name": "relativehumidity %", "parameter": { "id": 98, "name": "relativehumidity", "units": "%", "displayName": "RH" } }, { "id": 12460282, "name": "temperature c", "parameter": { "id": 100, "name": "temperature", "units": "c", "displayName": "Temperature (C)" } }, { "id": 12460283, "name": "um003 particles/cm³", "parameter": { "id": 125, "name": "um003", "units": "particles/cm³", "displayName": "PM0.3 count" } } ], "licenses": "[{'id': 41, 'name': 'CC BY 4.0', 'attribution': {'name': 'UNICEF', 'url': None}, 'dateFrom': '2023-07-15', 'dateTo': None}]", "bounds": [ 105.804529, 14.649459, 105.804529, 14.649459 ], "distance": null, "country.id": 68, "country.code": "LA", "country.name": "Lao PDR", "owner.id": 11271, "owner.name": "UNICEF", "provider.id": 66, "provider.name": "AirGradient", "coordinates.latitude": 14.649459, "coordinates.longitude": 105.804529, "datetimeFirst.utc": "2025-03-13T03:00:00Z", "datetimeFirst.local": "2025-03-13T10:00:00+07:00", "datetimeLast.utc": "2026-07-07T03:00:00Z", "datetimeLast.local": "2026-07-07T10:00:00+07:00", "name_right": "Laos", "code": "LAO", "group": "Countries" }, "geometry": { "type": "Point", "coordinates": [ 105.804529, 14.649459 ] } },
{ "type": "Feature", "properties": { "id": 3714636, "name": "Beng - Oudomxai", "locality": null, "timezone": "Asia/Vientiane", "isMobile": false, "isMonitor": false, "instruments": [ { "id": 7, "name": "Unknown AirGradient Sensor" } ], "sensors": [ { "id": 12483887, "name": "pm1 µg/m³", "parameter": { "id": 19, "name": "pm1", "units": "µg/m³", "displayName": "PM1" } }, { "id": 12483888, "name": "pm25 µg/m³", "parameter": { "id": 2, "name": "pm25", "units": "µg/m³", "displayName": "PM2.5" } }, { "id": 12483889, "name": "relativehumidity %", "parameter": { "id": 98, "name": "relativehumidity", "units": "%", "displayName": "RH" } }, { "id": 12483890, "name": "temperature c", "parameter": { "id": 100, "name": "temperature", "units": "c", "displayName": "Temperature (C)" } }, { "id": 12483891, "name": "um003 particles/cm³", "parameter": { "id": 125, "name": "um003", "units": "particles/cm³", "displayName": "PM0.3 count" } } ], "licenses": "[{'id': 41, 'name': 'CC BY 4.0', 'attribution': {'name': 'UNICEF', 'url': None}, 'dateFrom': '2023-07-15', 'dateTo': None}]", "bounds": [ 101.639666, 20.296295, 101.639666, 20.296295 ], "distance": null, "country.id": 68, "country.code": "LA", "country.name": "Lao PDR", "owner.id": 11271, "owner.name": "UNICEF", "provider.id": 66, "provider.name": "AirGradient", "coordinates.latitude": 20.296295, "coordinates.longitude": 101.639666, "datetimeFirst.utc": "2025-03-15T13:00:00Z", "datetimeFirst.local": "2025-03-15T20:00:00+07:00", "datetimeLast.utc": "2026-07-07T03:00:00Z", "datetimeLast.local": "2026-07-07T10:00:00+07:00", "name_right": "Laos", "code": "LAO", "group": "Countries" }, "geometry": { "type": "Point", "coordinates": [ 101.639666, 20.296295 ] } },
{ "type": "Feature", "properties": { "id": 3714637, "name": "Pakbeng - Oudomxai", "locality": null, "timezone": "Asia/Vientiane", "isMobile": false, "isMonitor": false, "instruments": [ { "id": 7, "name": "Unknown AirGradient Sensor" } ], "sensors": [ { "id": 12483892, "name": "pm1 µg/m³", "parameter": { "id": 19, "name": "pm1", "units": "µg/m³", "displayName": "PM1" } }, { "id": 12483893, "name": "pm25 µg/m³", "parameter": { "id": 2, "name": "pm25", "units": "µg/m³", "displayName": "PM2.5" } }, { "id": 12483894, "name": "relativehumidity %", "parameter": { "id": 98, "name": "relativehumidity", "units": "%", "displayName": "RH" } }, { "id": 12483895, "name": "temperature c", "parameter": { "id": 100, "name": "temperature", "units": "c", "displayName": "Temperature (C)" } }, { "id": 12483896, "name": "um003 particles/cm³", "parameter": { "id": 125, "name": "um003", "units": "particles/cm³", "displayName": "PM0.3 count" } } ], "licenses": "[{'id': 41, 'name': 'CC BY 4.0', 'attribution': {'name': 'UNICEF', 'url': None}, 'dateFrom': '2023-07-15', 'dateTo': None}]", "bounds": [ 101.155815, 19.910426, 101.155815, 19.910426 ], "distance": null, "country.id": 68, "country.code": "LA", "country.name": "Lao PDR", "owner.id": 11271, "owner.name": "UNICEF", "provider.id": 66, "provider.name": "AirGradient", "coordinates.latitude": 19.910426, "coordinates.longitude": 101.155815, "datetimeFirst.utc": "2025-03-15T13:00:00Z", "datetimeFirst.local": "2025-03-15T20:00:00+07:00", "datetimeLast.utc": "2026-07-07T03:00:00Z", "datetimeLast.local": "2026-07-07T10:00:00+07:00", "name_right": "Laos", "code": "LAO", "group": "Countries" }, "geometry": { "type": "Point", "coordinates": [ 101.155815, 19.910426 ] } },
{ "type": "Feature", "properties": { "id": 3714638, "name": "Phiang - Xaignabouly", "locality": null, "timezone": "Asia/Vientiane", "isMobile": false, "isMonitor": false, "instruments": [ { "id": 7, "name": "Unknown AirGradient Sensor" } ], "sensors": [ { "id": 12483897, "name": "pm1 µg/m³", "parameter": { "id": 19, "name": "pm1", "units": "µg/m³", "displayName": "PM1" } }, { "id": 12483898, "name": "pm25 µg/m³", "parameter": { "id": 2, "name": "pm25", "units": "µg/m³", "displayName": "PM2.5" } }, { "id": 12483899, "name": "relativehumidity %", "parameter": { "id": 98, "name": "relativehumidity", "units": "%", "displayName": "RH" } }, { "id": 12483900, "name": "temperature c", "parameter": { "id": 100, "name": "temperature", "units": "c", "displayName": "Temperature (C)" } }, { "id": 12483901, "name": "um003 particles/cm³", "parameter": { "id": 125, "name": "um003", "units": "particles/cm³", "displayName": "PM0.3 count" } } ], "licenses": "[{'id': 41, 'name': 'CC BY 4.0', 'attribution': {'name': 'UNICEF', 'url': None}, 'dateFrom': '2023-07-15', 'dateTo': None}]", "bounds": [ 101.529558, 19.094645, 101.529558, 19.094645 ], "distance": null, "country.id": 68, "country.code": "LA", "country.name": "Lao PDR", "owner.id": 11271, "owner.name": "UNICEF", "provider.id": 66, "provider.name": "AirGradient", "coordinates.latitude": 19.094645, "coordinates.longitude": 101.529558, "datetimeFirst.utc": "2025-03-15T13:00:00Z", "datetimeFirst.local": "2025-03-15T20:00:00+07:00", "datetimeLast.utc": "2026-07-07T03:00:00Z", "datetimeLast.local": "2026-07-07T10:00:00+07:00", "name_right": "Laos", "code": "LAO", "group": "Countries" }, "geometry": { "type": "Point", "coordinates": [ 101.529558, 19.094645 ] } },
{ "type": "Feature", "properties": { "id": 3714639, "name": "Xaysathan - Xaignabouly", "locality": null, "timezone": "Asia/Vientiane", "isMobile": false, "isMonitor": false, "instruments": [ { "id": 7, "name": "Unknown AirGradient Sensor" } ], "sensors": [ { "id": 12483902, "name": "pm1 µg/m³", "parameter": { "id": 19, "name": "pm1", "units": "µg/m³", "displayName": "PM1" } }, { "id": 12483903, "name": "pm25 µg/m³", "parameter": { "id": 2, "name": "pm25", "units": "µg/m³", "displayName": "PM2.5" } }, { "id": 12483904, "name": "relativehumidity %", "parameter": { "id": 98, "name": "relativehumidity", "units": "%", "displayName": "RH" } }, { "id": 12483905, "name": "temperature c", "parameter": { "id": 100, "name": "temperature", "units": "c", "displayName": "Temperature (C)" } }, { "id": 12483906, "name": "um003 particles/cm³", "parameter": { "id": 125, "name": "um003", "units": "particles/cm³", "displayName": "PM0.3 count" } } ], "licenses": "[{'id': 41, 'name': 'CC BY 4.0', 'attribution': {'name': 'UNICEF', 'url': None}, 'dateFrom': '2023-07-15', 'dateTo': None}]", "bounds": [ 101.325032, 19.414884, 101.325032, 19.414884 ], "distance": null, "country.id": 68, "country.code": "LA", "country.name": "Lao PDR", "owner.id": 11271, "owner.name": "UNICEF", "provider.id": 66, "provider.name": "AirGradient", "coordinates.latitude": 19.414884, "coordinates.longitude": 101.325032, "datetimeFirst.utc": "2025-03-15T13:00:00Z", "datetimeFirst.local": "2025-03-15T20:00:00+07:00", "datetimeLast.utc": "2026-07-07T03:00:00Z", "datetimeLast.local": "2026-07-07T10:00:00+07:00", "name_right": "Laos", "code": "LAO", "group": "Countries" }, "geometry": { "type": "Point", "coordinates": [ 101.325032, 19.414884 ] } },
{ "type": "Feature", "properties": { "id": 3714640, "name": "Botene - Xaignabouly", "locality": null, "timezone": "Asia/Vientiane", "isMobile": false, "isMonitor": false, "instruments": [ { "id": 7, "name": "Unknown AirGradient Sensor" } ], "sensors": [ { "id": 12483907, "name": "pm1 µg/m³", "parameter": { "id": 19, "name": "pm1", "units": "µg/m³", "displayName": "PM1" } }, { "id": 12483908, "name": "pm25 µg/m³", "parameter": { "id": 2, "name": "pm25", "units": "µg/m³", "displayName": "PM2.5" } }, { "id": 12483909, "name": "relativehumidity %", "parameter": { "id": 98, "name": "relativehumidity", "units": "%", "displayName": "RH" } }, { "id": 12483910, "name": "temperature c", "parameter": { "id": 100, "name": "temperature", "units": "c", "displayName": "Temperature (C)" } }, { "id": 12483911, "name": "um003 particles/cm³", "parameter": { "id": 125, "name": "um003", "units": "particles/cm³", "displayName": "PM0.3 count" } } ], "licenses": "[{'id': 41, 'name': 'CC BY 4.0', 'attribution': {'name': 'UNICEF', 'url': None}, 'dateFrom': '2023-07-15', 'dateTo': None}]", "bounds": [ 101.135079, 17.827229, 101.135079, 17.827229 ], "distance": null, "country.id": 68, "country.code": "LA", "country.name": "Lao PDR", "owner.id": 11271, "owner.name": "UNICEF", "provider.id": 66, "provider.name": "AirGradient", "coordinates.latitude": 17.827229, "coordinates.longitude": 101.135079, "datetimeFirst.utc": "2025-03-15T13:00:00Z", "datetimeFirst.local": "2025-03-15T20:00:00+07:00", "datetimeLast.utc": "2026-05-27T05:00:00Z", "datetimeLast.local": "2026-05-27T12:00:00+07:00", "name_right": "Laos", "code": "LAO", "group": "Countries" }, "geometry": { "type": "Point", "coordinates": [ 101.135079, 17.827229 ] } },
{ "type": "Feature", "properties": { "id": 3714641, "name": "Thapangthong - Savannakhet", "locality": null, "timezone": "Asia/Vientiane", "isMobile": false, "isMonitor": false, "instruments": [ { "id": 7, "name": "Unknown AirGradient Sensor" } ], "sensors": [ { "id": 12483912, "name": "pm1 µg/m³", "parameter": { "id": 19, "name": "pm1", "units": "µg/m³", "displayName": "PM1" } }, { "id": 12483913, "name": "pm25 µg/m³", "parameter": { "id": 2, "name": "pm25", "units": "µg/m³", "displayName": "PM2.5" } }, { "id": 12483914, "name": "relativehumidity %", "parameter": { "id": 98, "name": "relativehumidity", "units": "%", "displayName": "RH" } }, { "id": 12483915, "name": "temperature c", "parameter": { "id": 100, "name": "temperature", "units": "c", "displayName": "Temperature (C)" } }, { "id": 12483916, "name": "um003 particles/cm³", "parameter": { "id": 125, "name": "um003", "units": "particles/cm³", "displayName": "PM0.3 count" } } ], "licenses": "[{'id': 41, 'name': 'CC BY 4.0', 'attribution': {'name': 'UNICEF', 'url': None}, 'dateFrom': '2023-07-15', 'dateTo': None}]", "bounds": [ 105.745889, 15.994818, 105.745889, 15.994818 ], "distance": null, "country.id": 68, "country.code": "LA", "country.name": "Lao PDR", "owner.id": 11271, "owner.name": "UNICEF", "provider.id": 66, "provider.name": "AirGradient", "coordinates.latitude": 15.994818, "coordinates.longitude": 105.745889, "datetimeFirst.utc": "2025-03-15T13:00:00Z", "datetimeFirst.local": "2025-03-15T20:00:00+07:00", "datetimeLast.utc": "2026-07-07T03:00:00Z", "datetimeLast.local": "2026-07-07T10:00:00+07:00", "name_right": "Laos", "code": "LAO", "group": "Countries" }, "geometry": { "type": "Point", "coordinates": [ 105.745889, 15.994818 ] } },
{ "type": "Feature", "properties": { "id": 3714642, "name": "Pakse - Champasack", "locality": null, "timezone": "Asia/Vientiane", "isMobile": false, "isMonitor": false, "instruments": [ { "id": 7, "name": "Unknown AirGradient Sensor" } ], "sensors": [ { "id": 12483917, "name": "pm1 µg/m³", "parameter": { "id": 19, "name": "pm1", "units": "µg/m³", "displayName": "PM1" } }, { "id": 12483918, "name": "pm25 µg/m³", "parameter": { "id": 2, "name": "pm25", "units": "µg/m³", "displayName": "PM2.5" } }, { "id": 12483919, "name": "relativehumidity %", "parameter": { "id": 98, "name": "relativehumidity", "units": "%", "displayName": "RH" } }, { "id": 12483920, "name": "temperature c", "parameter": { "id": 100, "name": "temperature", "units": "c", "displayName": "Temperature (C)" } }, { "id": 12483921, "name": "um003 particles/cm³", "parameter": { "id": 125, "name": "um003", "units": "particles/cm³", "displayName": "PM0.3 count" } } ], "licenses": "[{'id': 41, 'name': 'CC BY 4.0', 'attribution': {'name': 'UNICEF', 'url': None}, 'dateFrom': '2023-07-15', 'dateTo': None}]", "bounds": [ 105.80211, 15.12006, 105.80211, 15.12006 ], "distance": null, "country.id": 68, "country.code": "LA", "country.name": "Lao PDR", "owner.id": 11271, "owner.name": "UNICEF", "provider.id": 66, "provider.name": "AirGradient", "coordinates.latitude": 15.12006, "coordinates.longitude": 105.80211, "datetimeFirst.utc": "2025-03-15T13:00:00Z", "datetimeFirst.local": "2025-03-15T20:00:00+07:00", "datetimeLast.utc": "2026-07-07T03:00:00Z", "datetimeLast.local": "2026-07-07T10:00:00+07:00", "name_right": "Laos", "code": "LAO", "group": "Countries" }, "geometry": { "type": "Point", "coordinates": [ 105.80211, 15.12006 ] } },
{ "type": "Feature", "properties": { "id": 3714643, "name": "Paksxong - Champasack", "locality": null, "timezone": "Asia/Vientiane", "isMobile": false, "isMonitor": false, "instruments": [ { "id": 7, "name": "Unknown AirGradient Sensor" } ], "sensors": [ { "id": 12483867, "name": "pm1 µg/m³", "parameter": { "id": 19, "name": "pm1", "units": "µg/m³", "displayName": "PM1" } }, { "id": 12483868, "name": "pm25 µg/m³", "parameter": { "id": 2, "name": "pm25", "units": "µg/m³", "displayName": "PM2.5" } }, { "id": 12483869, "name": "relativehumidity %", "parameter": { "id": 98, "name": "relativehumidity", "units": "%", "displayName": "RH" } }, { "id": 12483870, "name": "temperature c", "parameter": { "id": 100, "name": "temperature", "units": "c", "displayName": "Temperature (C)" } }, { "id": 12483871, "name": "um003 particles/cm³", "parameter": { "id": 125, "name": "um003", "units": "particles/cm³", "displayName": "PM0.3 count" } } ], "licenses": "[{'id': 41, 'name': 'CC BY 4.0', 'attribution': {'name': 'UNICEF', 'url': None}, 'dateFrom': '2023-07-15', 'dateTo': None}]", "bounds": [ 106.217852, 15.181714, 106.217852, 15.181714 ], "distance": null, "country.id": 68, "country.code": "LA", "country.name": "Lao PDR", "owner.id": 11271, "owner.name": "UNICEF", "provider.id": 66, "provider.name": "AirGradient", "coordinates.latitude": 15.181714, "coordinates.longitude": 106.217852, "datetimeFirst.utc": "2025-03-15T13:00:00Z", "datetimeFirst.local": "2025-03-15T20:00:00+07:00", "datetimeLast.utc": "2026-07-07T03:00:00Z", "datetimeLast.local": "2026-07-07T10:00:00+07:00", "name_right": "Laos", "code": "LAO", "group": "Countries" }, "geometry": { "type": "Point", "coordinates": [ 106.217852, 15.181714 ] } },
{ "type": "Feature", "properties": { "id": 3714644, "name": "Pathoomphone - Champasack", "locality": null, "timezone": "Asia/Vientiane", "isMobile": false, "isMonitor": false, "instruments": [ { "id": 7, "name": "Unknown AirGradient Sensor" } ], "sensors": [ { "id": 12483872, "name": "pm1 µg/m³", "parameter": { "id": 19, "name": "pm1", "units": "µg/m³", "displayName": "PM1" } }, { "id": 12483873, "name": "pm25 µg/m³", "parameter": { "id": 2, "name": "pm25", "units": "µg/m³", "displayName": "PM2.5" } }, { "id": 12483874, "name": "relativehumidity %", "parameter": { "id": 98, "name": "relativehumidity", "units": "%", "displayName": "RH" } }, { "id": 12483875, "name": "temperature c", "parameter": { "id": 100, "name": "temperature", "units": "c", "displayName": "Temperature (C)" } }, { "id": 12483876, "name": "um003 particles/cm³", "parameter": { "id": 125, "name": "um003", "units": "particles/cm³", "displayName": "PM0.3 count" } } ], "licenses": "[{'id': 41, 'name': 'CC BY 4.0', 'attribution': {'name': 'UNICEF', 'url': None}, 'dateFrom': '2023-07-15', 'dateTo': None}]", "bounds": [ 105.946714, 14.843454, 105.946714, 14.843454 ], "distance": null, "country.id": 68, "country.code": "LA", "country.name": "Lao PDR", "owner.id": 11271, "owner.name": "UNICEF", "provider.id": 66, "provider.name": "AirGradient", "coordinates.latitude": 14.843454, "coordinates.longitude": 105.946714, "datetimeFirst.utc": "2025-03-15T13:00:00Z", "datetimeFirst.local": "2025-03-15T20:00:00+07:00", "datetimeLast.utc": "2026-07-07T03:00:00Z", "datetimeLast.local": "2026-07-07T10:00:00+07:00", "name_right": "Laos", "code": "LAO", "group": "Countries" }, "geometry": { "type": "Point", "coordinates": [ 105.946714, 14.843454 ] } },
{ "type": "Feature", "properties": { "id": 3714645, "name": "Phouvong - Attapeu", "locality": null, "timezone": "Asia/Vientiane", "isMobile": false, "isMonitor": false, "instruments": [ { "id": 7, "name": "Unknown AirGradient Sensor" } ], "sensors": [ { "id": 12483877, "name": "pm1 µg/m³", "parameter": { "id": 19, "name": "pm1", "units": "µg/m³", "displayName": "PM1" } }, { "id": 12483878, "name": "pm25 µg/m³", "parameter": { "id": 2, "name": "pm25", "units": "µg/m³", "displayName": "PM2.5" } }, { "id": 12483879, "name": "relativehumidity %", "parameter": { "id": 98, "name": "relativehumidity", "units": "%", "displayName": "RH" } }, { "id": 12483880, "name": "temperature c", "parameter": { "id": 100, "name": "temperature", "units": "c", "displayName": "Temperature (C)" } }, { "id": 12483881, "name": "um003 particles/cm³", "parameter": { "id": 125, "name": "um003", "units": "particles/cm³", "displayName": "PM0.3 count" } } ], "licenses": "[{'id': 41, 'name': 'CC BY 4.0', 'attribution': {'name': 'Unknown Person', 'url': None}, 'dateFrom': '2023-07-15', 'dateTo': None}]", "bounds": [ 106.841975, 14.689272, 106.841975, 14.689272 ], "distance": null, "country.id": 68, "country.code": "LA", "country.name": "Lao PDR", "owner.id": 11509, "owner.name": "Unknown Person", "provider.id": 66, "provider.name": "AirGradient", "coordinates.latitude": 14.689272, "coordinates.longitude": 106.841975, "datetimeFirst.utc": "2025-03-15T13:00:00Z", "datetimeFirst.local": "2025-03-15T20:00:00+07:00", "datetimeLast.utc": "2025-09-18T04:00:00Z", "datetimeLast.local": "2025-09-18T11:00:00+07:00", "name_right": "Laos", "code": "LAO", "group": "Countries" }, "geometry": { "type": "Point", "coordinates": [ 106.841975, 14.689272 ] } },
{ "type": "Feature", "properties": { "id": 3714646, "name": "Samakkhixay - Attapeu", "locality": null, "timezone": "Asia/Vientiane", "isMobile": false, "isMonitor": false, "instruments": [ { "id": 7, "name": "Unknown AirGradient Sensor" } ], "sensors": [ { "id": 12483882, "name": "pm1 µg/m³", "parameter": { "id": 19, "name": "pm1", "units": "µg/m³", "displayName": "PM1" } }, { "id": 12483883, "name": "pm25 µg/m³", "parameter": { "id": 2, "name": "pm25", "units": "µg/m³", "displayName": "PM2.5" } }, { "id": 12483884, "name": "relativehumidity %", "parameter": { "id": 98, "name": "relativehumidity", "units": "%", "displayName": "RH" } }, { "id": 12483885, "name": "temperature c", "parameter": { "id": 100, "name": "temperature", "units": "c", "displayName": "Temperature (C)" } }, { "id": 12483886, "name": "um003 particles/cm³", "parameter": { "id": 125, "name": "um003", "units": "particles/cm³", "displayName": "PM0.3 count" } } ], "licenses": "[{'id': 41, 'name': 'CC BY 4.0', 'attribution': {'name': 'UNICEF', 'url': None}, 'dateFrom': '2023-07-15', 'dateTo': None}]", "bounds": [ 106.829211, 14.812678, 106.829211, 14.812678 ], "distance": null, "country.id": 68, "country.code": "LA", "country.name": "Lao PDR", "owner.id": 11271, "owner.name": "UNICEF", "provider.id": 66, "provider.name": "AirGradient", "coordinates.latitude": 14.812678, "coordinates.longitude": 106.829211, "datetimeFirst.utc": "2025-03-15T13:00:00Z", "datetimeFirst.local": "2025-03-15T20:00:00+07:00", "datetimeLast.utc": "2026-07-07T03:00:00Z", "datetimeLast.local": "2026-07-07T10:00:00+07:00", "name_right": "Laos", "code": "LAO", "group": "Countries" }, "geometry": { "type": "Point", "coordinates": [ 106.829211, 14.812678 ] } },
{ "type": "Feature", "properties": { "id": 3733063, "name": "Bachiangchaleunsook - Champasack", "locality": null, "timezone": "Asia/Vientiane", "isMobile": false, "isMonitor": false, "instruments": [ { "id": 7, "name": "Unknown AirGradient Sensor" } ], "sensors": [ { "id": 12499582, "name": "pm1 µg/m³", "parameter": { "id": 19, "name": "pm1", "units": "µg/m³", "displayName": "PM1" } }, { "id": 12499583, "name": "pm25 µg/m³", "parameter": { "id": 2, "name": "pm25", "units": "µg/m³", "displayName": "PM2.5" } }, { "id": 12499584, "name": "relativehumidity %", "parameter": { "id": 98, "name": "relativehumidity", "units": "%", "displayName": "RH" } }, { "id": 12499585, "name": "temperature c", "parameter": { "id": 100, "name": "temperature", "units": "c", "displayName": "Temperature (C)" } }, { "id": 12499586, "name": "um003 particles/cm³", "parameter": { "id": 125, "name": "um003", "units": "particles/cm³", "displayName": "PM0.3 count" } } ], "licenses": "[{'id': 41, 'name': 'CC BY 4.0', 'attribution': {'name': 'UNICEF', 'url': None}, 'dateFrom': '2023-07-15', 'dateTo': None}]", "bounds": [ 105.897898, 15.060355, 105.897898, 15.060355 ], "distance": null, "country.id": 68, "country.code": "LA", "country.name": "Lao PDR", "owner.id": 11271, "owner.name": "UNICEF", "provider.id": 66, "provider.name": "AirGradient", "coordinates.latitude": 15.060355, "coordinates.longitude": 105.897898, "datetimeFirst.utc": "2025-03-17T03:00:00Z", "datetimeFirst.local": "2025-03-17T10:00:00+07:00", "datetimeLast.utc": "2026-07-07T03:00:00Z", "datetimeLast.local": "2026-07-07T10:00:00+07:00", "name_right": "Laos", "code": "LAO", "group": "Countries" }, "geometry": { "type": "Point", "coordinates": [ 105.897898, 15.060355 ] } },
{ "type": "Feature", "properties": { "id": 3733064, "name": "Moonlapamok - Champasack", "locality": null, "timezone": "Asia/Vientiane", "isMobile": false, "isMonitor": false, "instruments": [ { "id": 7, "name": "Unknown AirGradient Sensor" } ], "sensors": [ { "id": 12499587, "name": "pm1 µg/m³", "parameter": { "id": 19, "name": "pm1", "units": "µg/m³", "displayName": "PM1" } }, { "id": 12499588, "name": "pm25 µg/m³", "parameter": { "id": 2, "name": "pm25", "units": "µg/m³", "displayName": "PM2.5" } }, { "id": 12499589, "name": "relativehumidity %", "parameter": { "id": 98, "name": "relativehumidity", "units": "%", "displayName": "RH" } }, { "id": 12499590, "name": "temperature c", "parameter": { "id": 100, "name": "temperature", "units": "c", "displayName": "Temperature (C)" } }, { "id": 12499591, "name": "um003 particles/cm³", "parameter": { "id": 125, "name": "um003", "units": "particles/cm³", "displayName": "PM0.3 count" } } ], "licenses": "[{'id': 41, 'name': 'CC BY 4.0', 'attribution': {'name': 'Unknown Person', 'url': None}, 'dateFrom': '2023-07-15', 'dateTo': None}]", "bounds": [ 105.850766, 14.366831, 105.850766, 14.366831 ], "distance": null, "country.id": 68, "country.code": "LA", "country.name": "Lao PDR", "owner.id": 11509, "owner.name": "Unknown Person", "provider.id": 66, "provider.name": "AirGradient", "coordinates.latitude": 14.366831, "coordinates.longitude": 105.850766, "datetimeFirst.utc": "2025-03-17T03:00:00Z", "datetimeFirst.local": "2025-03-17T10:00:00+07:00", "datetimeLast.utc": "2025-05-12T08:00:00Z", "datetimeLast.local": "2025-05-12T15:00:00+07:00", "name_right": "Laos", "code": "LAO", "group": "Countries" }, "geometry": { "type": "Point", "coordinates": [ 105.850766, 14.366831 ] } },
{ "type": "Feature", "properties": { "id": 3733065, "name": "Khong - Champasack", "locality": null, "timezone": "Asia/Vientiane", "isMobile": false, "isMonitor": false, "instruments": [ { "id": 7, "name": "Unknown AirGradient Sensor" } ], "sensors": [ { "id": 12499592, "name": "pm1 µg/m³", "parameter": { "id": 19, "name": "pm1", "units": "µg/m³", "displayName": "PM1" } }, { "id": 12499593, "name": "pm25 µg/m³", "parameter": { "id": 2, "name": "pm25", "units": "µg/m³", "displayName": "PM2.5" } }, { "id": 12499594, "name": "relativehumidity %", "parameter": { "id": 98, "name": "relativehumidity", "units": "%", "displayName": "RH" } }, { "id": 12499595, "name": "temperature c", "parameter": { "id": 100, "name": "temperature", "units": "c", "displayName": "Temperature (C)" } }, { "id": 12499596, "name": "um003 particles/cm³", "parameter": { "id": 125, "name": "um003", "units": "particles/cm³", "displayName": "PM0.3 count" } } ], "licenses": "[{'id': 41, 'name': 'CC BY 4.0', 'attribution': {'name': 'UNICEF', 'url': None}, 'dateFrom': '2023-07-15', 'dateTo': None}]", "bounds": [ 105.896012, 14.048226, 105.896012, 14.048226 ], "distance": null, "country.id": 68, "country.code": "LA", "country.name": "Lao PDR", "owner.id": 11271, "owner.name": "UNICEF", "provider.id": 66, "provider.name": "AirGradient", "coordinates.latitude": 14.048226, "coordinates.longitude": 105.896012, "datetimeFirst.utc": "2025-03-17T03:00:00Z", "datetimeFirst.local": "2025-03-17T10:00:00+07:00", "datetimeLast.utc": "2026-07-07T03:00:00Z", "datetimeLast.local": "2026-07-07T10:00:00+07:00", "name_right": "Laos", "code": "LAO", "group": "Countries" }, "geometry": { "type": "Point", "coordinates": [ 105.896012, 14.048226 ] } },
{ "type": "Feature", "properties": { "id": 3783738, "name": "Artsaphone Secondary School - Artsaphone, Savannakhet ມັດທະຍົມສົມບູນ ອາດສະພອນ", "locality": null, "timezone": "Asia/Vientiane", "isMobile": false, "isMonitor": false, "instruments": [ { "id": 7, "name": "Unknown AirGradient Sensor" } ], "sensors": [ { "id": 12540518, "name": "pm1 µg/m³", "parameter": { "id": 19, "name": "pm1", "units": "µg/m³", "displayName": "PM1" } }, { "id": 12540519, "name": "pm25 µg/m³", "parameter": { "id": 2, "name": "pm25", "units": "µg/m³", "displayName": "PM2.5" } }, { "id": 12540520, "name": "relativehumidity %", "parameter": { "id": 98, "name": "relativehumidity", "units": "%", "displayName": "RH" } }, { "id": 12540521, "name": "temperature c", "parameter": { "id": 100, "name": "temperature", "units": "c", "displayName": "Temperature (C)" } }, { "id": 12540522, "name": "um003 particles/cm³", "parameter": { "id": 125, "name": "um003", "units": "particles/cm³", "displayName": "PM0.3 count" } } ], "licenses": "[{'id': 41, 'name': 'CC BY 4.0', 'attribution': {'name': 'UNICEF', 'url': None}, 'dateFrom': '2023-07-15', 'dateTo': None}]", "bounds": [ 105.33638, 16.844674, 105.33638, 16.844674 ], "distance": null, "country.id": 68, "country.code": "LA", "country.name": "Lao PDR", "owner.id": 11271, "owner.name": "UNICEF", "provider.id": 66, "provider.name": "AirGradient", "coordinates.latitude": 16.844674, "coordinates.longitude": 105.33638, "datetimeFirst.utc": "2025-03-21T08:00:00Z", "datetimeFirst.local": "2025-03-21T15:00:00+07:00", "datetimeLast.utc": "2026-07-07T03:00:00Z", "datetimeLast.local": "2026-07-07T10:00:00+07:00", "name_right": "Laos", "code": "LAO", "group": "Countries" }, "geometry": { "type": "Point", "coordinates": [ 105.33638, 16.844674 ] } },
{ "type": "Feature", "properties": { "id": 3792617, "name": "Lianxay Secondary School - Artsaphangthong, Savannakhet ມັດທະຍົມ ຫລຽນໄຊ", "locality": null, "timezone": "Asia/Vientiane", "isMobile": false, "isMonitor": false, "instruments": [ { "id": 7, "name": "Unknown AirGradient Sensor" } ], "sensors": [ { "id": 12547533, "name": "pm1 µg/m³", "parameter": { "id": 19, "name": "pm1", "units": "µg/m³", "displayName": "PM1" } }, { "id": 12547534, "name": "pm25 µg/m³", "parameter": { "id": 2, "name": "pm25", "units": "µg/m³", "displayName": "PM2.5" } }, { "id": 12547535, "name": "relativehumidity %", "parameter": { "id": 98, "name": "relativehumidity", "units": "%", "displayName": "RH" } }, { "id": 12547536, "name": "temperature c", "parameter": { "id": 100, "name": "temperature", "units": "c", "displayName": "Temperature (C)" } }, { "id": 12547537, "name": "um003 particles/cm³", "parameter": { "id": 125, "name": "um003", "units": "particles/cm³", "displayName": "PM0.3 count" } } ], "licenses": "[{'id': 41, 'name': 'CC BY 4.0', 'attribution': {'name': 'UNICEF', 'url': None}, 'dateFrom': '2023-07-15', 'dateTo': None}]", "bounds": [ 105.409764, 16.692124, 105.409764, 16.692124 ], "distance": null, "country.id": 68, "country.code": "LA", "country.name": "Lao PDR", "owner.id": 11271, "owner.name": "UNICEF", "provider.id": 66, "provider.name": "AirGradient", "coordinates.latitude": 16.692124, "coordinates.longitude": 105.409764, "datetimeFirst.utc": "2025-03-22T01:00:00Z", "datetimeFirst.local": "2025-03-22T08:00:00+07:00", "datetimeLast.utc": "2026-05-09T09:00:00Z", "datetimeLast.local": "2026-05-09T16:00:00+07:00", "name_right": "Laos", "code": "LAO", "group": "Countries" }, "geometry": { "type": "Point", "coordinates": [ 105.409764, 16.692124 ] } },
{ "type": "Feature", "properties": { "id": 4143000, "name": "d83bda1bc98c Phongsaly - Phongsaly", "locality": null, "timezone": "Asia/Vientiane", "isMobile": false, "isMonitor": false, "instruments": [ { "id": 7, "name": "Unknown AirGradient Sensor" } ], "sensors": [ { "id": 12860109, "name": "pm1 µg/m³", "parameter": { "id": 19, "name": "pm1", "units": "µg/m³", "displayName": "PM1" } }, { "id": 12860110, "name": "pm25 µg/m³", "parameter": { "id": 2, "name": "pm25", "units": "µg/m³", "displayName": "PM2.5" } }, { "id": 12860111, "name": "relativehumidity %", "parameter": { "id": 98, "name": "relativehumidity", "units": "%", "displayName": "RH" } }, { "id": 12860112, "name": "temperature c", "parameter": { "id": 100, "name": "temperature", "units": "c", "displayName": "Temperature (C)" } }, { "id": 12860113, "name": "um003 particles/cm³", "parameter": { "id": 125, "name": "um003", "units": "particles/cm³", "displayName": "PM0.3 count" } } ], "licenses": "[{'id': 41, 'name': 'CC BY 4.0', 'attribution': {'name': 'UNICEF', 'url': None}, 'dateFrom': '2023-07-15', 'dateTo': None}]", "bounds": [ 102.085, 21.695, 102.085, 21.695 ], "distance": null, "country.id": 68, "country.code": "LA", "country.name": "Lao PDR", "owner.id": 11271, "owner.name": "UNICEF", "provider.id": 66, "provider.name": "AirGradient", "coordinates.latitude": 21.695, "coordinates.longitude": 102.085, "datetimeFirst.utc": "2025-04-23T01:00:00Z", "datetimeFirst.local": "2025-04-23T08:00:00+07:00", "datetimeLast.utc": "2026-06-29T02:00:00Z", "datetimeLast.local": "2026-06-29T09:00:00+07:00", "name_right": "Laos", "code": "LAO", "group": "Countries" }, "geometry": { "type": "Point", "coordinates": [ 102.085, 21.695 ] } },
{ "type": "Feature", "properties": { "id": 4143979, "name": "Boon Neua - Phongsaly", "locality": null, "timezone": "Asia/Vientiane", "isMobile": false, "isMonitor": false, "instruments": [ { "id": 7, "name": "Unknown AirGradient Sensor" } ], "sensors": [ { "id": 12860754, "name": "pm1 µg/m³", "parameter": { "id": 19, "name": "pm1", "units": "µg/m³", "displayName": "PM1" } }, { "id": 12860755, "name": "pm25 µg/m³", "parameter": { "id": 2, "name": "pm25", "units": "µg/m³", "displayName": "PM2.5" } }, { "id": 12860756, "name": "relativehumidity %", "parameter": { "id": 98, "name": "relativehumidity", "units": "%", "displayName": "RH" } }, { "id": 12860757, "name": "temperature c", "parameter": { "id": 100, "name": "temperature", "units": "c", "displayName": "Temperature (C)" } }, { "id": 12860758, "name": "um003 particles/cm³", "parameter": { "id": 125, "name": "um003", "units": "particles/cm³", "displayName": "PM0.3 count" } } ], "licenses": "[{'id': 41, 'name': 'CC BY 4.0', 'attribution': {'name': 'UNICEF', 'url': None}, 'dateFrom': '2023-07-15', 'dateTo': None}]", "bounds": [ 101.907985, 21.656203, 101.907985, 21.656203 ], "distance": null, "country.id": 68, "country.code": "LA", "country.name": "Lao PDR", "owner.id": 11271, "owner.name": "UNICEF", "provider.id": 66, "provider.name": "AirGradient", "coordinates.latitude": 21.656203, "coordinates.longitude": 101.907985, "datetimeFirst.utc": "2025-04-23T02:00:00Z", "datetimeFirst.local": "2025-04-23T09:00:00+07:00", "datetimeLast.utc": "2026-06-19T11:00:00Z", "datetimeLast.local": "2026-06-19T18:00:00+07:00", "name_right": "Laos", "code": "LAO", "group": "Countries" }, "geometry": { "type": "Point", "coordinates": [ 101.907985, 21.656203 ] } },
{ "type": "Feature", "properties": { "id": 4143980, "name": "Xienghone - Xaignabouly ", "locality": null, "timezone": "Asia/Vientiane", "isMobile": false, "isMonitor": false, "instruments": [ { "id": 7, "name": "Unknown AirGradient Sensor" } ], "sensors": [ { "id": 12860769, "name": "pm1 µg/m³", "parameter": { "id": 19, "name": "pm1", "units": "µg/m³", "displayName": "PM1" } }, { "id": 12860770, "name": "pm25 µg/m³", "parameter": { "id": 2, "name": "pm25", "units": "µg/m³", "displayName": "PM2.5" } }, { "id": 12860771, "name": "relativehumidity %", "parameter": { "id": 98, "name": "relativehumidity", "units": "%", "displayName": "RH" } }, { "id": 12860772, "name": "temperature c", "parameter": { "id": 100, "name": "temperature", "units": "c", "displayName": "Temperature (C)" } }, { "id": 12860773, "name": "um003 particles/cm³", "parameter": { "id": 125, "name": "um003", "units": "particles/cm³", "displayName": "PM0.3 count" } } ], "licenses": "[{'id': 41, 'name': 'CC BY 4.0', 'attribution': {'name': 'UNICEF', 'url': None}, 'dateFrom': '2023-07-15', 'dateTo': None}]", "bounds": [ 100.814901, 19.631763, 100.814901, 19.631763 ], "distance": null, "country.id": 68, "country.code": "LA", "country.name": "Lao PDR", "owner.id": 11271, "owner.name": "UNICEF", "provider.id": 66, "provider.name": "AirGradient", "coordinates.latitude": 19.631763, "coordinates.longitude": 100.814901, "datetimeFirst.utc": "2025-04-23T02:00:00Z", "datetimeFirst.local": "2025-04-23T09:00:00+07:00", "datetimeLast.utc": "2026-06-08T09:00:00Z", "datetimeLast.local": "2026-06-08T16:00:00+07:00", "name_right": "Laos", "code": "LAO", "group": "Countries" }, "geometry": { "type": "Point", "coordinates": [ 100.814901, 19.631763 ] } },
{ "type": "Feature", "properties": { "id": 4143982, "name": "Sepone - Savannakhet", "locality": null, "timezone": "Asia/Vientiane", "isMobile": false, "isMonitor": false, "instruments": [ { "id": 7, "name": "Unknown AirGradient Sensor" } ], "sensors": [ { "id": 12860789, "name": "pm1 µg/m³", "parameter": { "id": 19, "name": "pm1", "units": "µg/m³", "displayName": "PM1" } }, { "id": 12860790, "name": "pm25 µg/m³", "parameter": { "id": 2, "name": "pm25", "units": "µg/m³", "displayName": "PM2.5" } }, { "id": 12860791, "name": "relativehumidity %", "parameter": { "id": 98, "name": "relativehumidity", "units": "%", "displayName": "RH" } }, { "id": 12860792, "name": "temperature c", "parameter": { "id": 100, "name": "temperature", "units": "c", "displayName": "Temperature (C)" } }, { "id": 12860793, "name": "um003 particles/cm³", "parameter": { "id": 125, "name": "um003", "units": "particles/cm³", "displayName": "PM0.3 count" } } ], "licenses": "[{'id': 41, 'name': 'CC BY 4.0', 'attribution': {'name': 'UNICEF', 'url': None}, 'dateFrom': '2023-07-15', 'dateTo': None}]", "bounds": [ 106.209138, 16.696651, 106.209138, 16.696651 ], "distance": null, "country.id": 68, "country.code": "LA", "country.name": "Lao PDR", "owner.id": 11271, "owner.name": "UNICEF", "provider.id": 66, "provider.name": "AirGradient", "coordinates.latitude": 16.696651, "coordinates.longitude": 106.209138, "datetimeFirst.utc": "2025-04-23T02:00:00Z", "datetimeFirst.local": "2025-04-23T09:00:00+07:00", "datetimeLast.utc": "2026-07-07T03:00:00Z", "datetimeLast.local": "2026-07-07T10:00:00+07:00", "name_right": "Laos", "code": "LAO", "group": "Countries" }, "geometry": { "type": "Point", "coordinates": [ 106.209138, 16.696651 ] } },
{ "type": "Feature", "properties": { "id": 4143983, "name": "Champhone - SAVA", "locality": null, "timezone": "Asia/Vientiane", "isMobile": false, "isMonitor": false, "instruments": [ { "id": 7, "name": "Unknown AirGradient Sensor" } ], "sensors": [ { "id": 12860794, "name": "pm1 µg/m³", "parameter": { "id": 19, "name": "pm1", "units": "µg/m³", "displayName": "PM1" } }, { "id": 12860795, "name": "pm25 µg/m³", "parameter": { "id": 2, "name": "pm25", "units": "µg/m³", "displayName": "PM2.5" } }, { "id": 12860796, "name": "relativehumidity %", "parameter": { "id": 98, "name": "relativehumidity", "units": "%", "displayName": "RH" } }, { "id": 12860797, "name": "temperature c", "parameter": { "id": 100, "name": "temperature", "units": "c", "displayName": "Temperature (C)" } }, { "id": 12860798, "name": "um003 particles/cm³", "parameter": { "id": 125, "name": "um003", "units": "particles/cm³", "displayName": "PM0.3 count" } } ], "licenses": "[{'id': 41, 'name': 'CC BY 4.0', 'attribution': {'name': 'UNICEF', 'url': None}, 'dateFrom': '2023-07-15', 'dateTo': None}]", "bounds": [ 105.031659, 16.489147, 105.031659, 16.489147 ], "distance": null, "country.id": 68, "country.code": "LA", "country.name": "Lao PDR", "owner.id": 11271, "owner.name": "UNICEF", "provider.id": 66, "provider.name": "AirGradient", "coordinates.latitude": 16.489147, "coordinates.longitude": 105.031659, "datetimeFirst.utc": "2025-04-23T02:00:00Z", "datetimeFirst.local": "2025-04-23T09:00:00+07:00", "datetimeLast.utc": "2026-07-07T03:00:00Z", "datetimeLast.local": "2026-07-07T10:00:00+07:00", "name_right": "Laos", "code": "LAO", "group": "Countries" }, "geometry": { "type": "Point", "coordinates": [ 105.031659, 16.489147 ] } },
{ "type": "Feature", "properties": { "id": 4143984, "name": "Vilabuly - Savannakhet", "locality": null, "timezone": "Asia/Vientiane", "isMobile": false, "isMonitor": false, "instruments": [ { "id": 7, "name": "Unknown AirGradient Sensor" } ], "sensors": [ { "id": 12860799, "name": "pm1 µg/m³", "parameter": { "id": 19, "name": "pm1", "units": "µg/m³", "displayName": "PM1" } }, { "id": 12860800, "name": "pm25 µg/m³", "parameter": { "id": 2, "name": "pm25", "units": "µg/m³", "displayName": "PM2.5" } }, { "id": 12860801, "name": "relativehumidity %", "parameter": { "id": 98, "name": "relativehumidity", "units": "%", "displayName": "RH" } }, { "id": 12860802, "name": "temperature c", "parameter": { "id": 100, "name": "temperature", "units": "c", "displayName": "Temperature (C)" } }, { "id": 12860803, "name": "um003 particles/cm³", "parameter": { "id": 125, "name": "um003", "units": "particles/cm³", "displayName": "PM0.3 count" } } ], "licenses": "[{'id': 41, 'name': 'CC BY 4.0', 'attribution': {'name': 'UNICEF', 'url': None}, 'dateFrom': '2023-07-15', 'dateTo': None}]", "bounds": [ 105.944661, 16.971649, 105.944661, 16.971649 ], "distance": null, "country.id": 68, "country.code": "LA", "country.name": "Lao PDR", "owner.id": 11271, "owner.name": "UNICEF", "provider.id": 66, "provider.name": "AirGradient", "coordinates.latitude": 16.971649, "coordinates.longitude": 105.944661, "datetimeFirst.utc": "2025-04-23T02:00:00Z", "datetimeFirst.local": "2025-04-23T09:00:00+07:00", "datetimeLast.utc": "2026-07-07T03:00:00Z", "datetimeLast.local": "2026-07-07T10:00:00+07:00", "name_right": "Laos", "code": "LAO", "group": "Countries" }, "geometry": { "type": "Point", "coordinates": [ 105.944661, 16.971649 ] } },
{ "type": "Feature", "properties": { "id": 4143985, "name": "Phalanxay - Savannakhet", "locality": null, "timezone": "Asia/Vientiane", "isMobile": false, "isMonitor": false, "instruments": [ { "id": 7, "name": "Unknown AirGradient Sensor" } ], "sensors": [ { "id": 12860804, "name": "pm1 µg/m³", "parameter": { "id": 19, "name": "pm1", "units": "µg/m³", "displayName": "PM1" } }, { "id": 12860805, "name": "pm25 µg/m³", "parameter": { "id": 2, "name": "pm25", "units": "µg/m³", "displayName": "PM2.5" } }, { "id": 12860806, "name": "relativehumidity %", "parameter": { "id": 98, "name": "relativehumidity", "units": "%", "displayName": "RH" } }, { "id": 12860807, "name": "temperature c", "parameter": { "id": 100, "name": "temperature", "units": "c", "displayName": "Temperature (C)" } }, { "id": 12860808, "name": "um003 particles/cm³", "parameter": { "id": 125, "name": "um003", "units": "particles/cm³", "displayName": "PM0.3 count" } } ], "licenses": "[{'id': 41, 'name': 'CC BY 4.0', 'attribution': {'name': 'UNICEF', 'url': None}, 'dateFrom': '2023-07-15', 'dateTo': None}]", "bounds": [ 105.58791, 16.661353, 105.58791, 16.661353 ], "distance": null, "country.id": 68, "country.code": "LA", "country.name": "Lao PDR", "owner.id": 11271, "owner.name": "UNICEF", "provider.id": 66, "provider.name": "AirGradient", "coordinates.latitude": 16.661353, "coordinates.longitude": 105.58791, "datetimeFirst.utc": "2025-04-23T02:00:00Z", "datetimeFirst.local": "2025-04-23T09:00:00+07:00", "datetimeLast.utc": "2026-07-07T03:00:00Z", "datetimeLast.local": "2026-07-07T10:00:00+07:00", "name_right": "Laos", "code": "LAO", "group": "Countries" }, "geometry": { "type": "Point", "coordinates": [ 105.58791, 16.661353 ] } },
{ "type": "Feature", "properties": { "id": 4143986, "name": "Khongxedone - Salavan", "locality": null, "timezone": "Asia/Vientiane", "isMobile": false, "isMonitor": false, "instruments": [ { "id": 7, "name": "Unknown AirGradient Sensor" } ], "sensors": [ { "id": 12860809, "name": "pm1 µg/m³", "parameter": { "id": 19, "name": "pm1", "units": "µg/m³", "displayName": "PM1" } }, { "id": 12860810, "name": "pm25 µg/m³", "parameter": { "id": 2, "name": "pm25", "units": "µg/m³", "displayName": "PM2.5" } }, { "id": 12860811, "name": "relativehumidity %", "parameter": { "id": 98, "name": "relativehumidity", "units": "%", "displayName": "RH" } }, { "id": 12860812, "name": "temperature c", "parameter": { "id": 100, "name": "temperature", "units": "c", "displayName": "Temperature (C)" } }, { "id": 12860813, "name": "um003 particles/cm³", "parameter": { "id": 125, "name": "um003", "units": "particles/cm³", "displayName": "PM0.3 count" } } ], "licenses": "[{'id': 41, 'name': 'CC BY 4.0', 'attribution': {'name': 'UNICEF', 'url': None}, 'dateFrom': '2023-07-15', 'dateTo': None}]", "bounds": [ 105.804115, 15.59088, 105.804115, 15.59088 ], "distance": null, "country.id": 68, "country.code": "LA", "country.name": "Lao PDR", "owner.id": 11271, "owner.name": "UNICEF", "provider.id": 66, "provider.name": "AirGradient", "coordinates.latitude": 15.59088, "coordinates.longitude": 105.804115, "datetimeFirst.utc": "2025-04-23T02:00:00Z", "datetimeFirst.local": "2025-04-23T09:00:00+07:00", "datetimeLast.utc": "2026-07-07T03:00:00Z", "datetimeLast.local": "2026-07-07T10:00:00+07:00", "name_right": "Laos", "code": "LAO", "group": "Countries" }, "geometry": { "type": "Point", "coordinates": [ 105.804115, 15.59088 ] } },
{ "type": "Feature", "properties": { "id": 4143987, "name": "Samuoi - Salavan", "locality": null, "timezone": "Asia/Vientiane", "isMobile": false, "isMonitor": false, "instruments": [ { "id": 7, "name": "Unknown AirGradient Sensor" } ], "sensors": [ { "id": 12860814, "name": "pm1 µg/m³", "parameter": { "id": 19, "name": "pm1", "units": "µg/m³", "displayName": "PM1" } }, { "id": 12860815, "name": "pm25 µg/m³", "parameter": { "id": 2, "name": "pm25", "units": "µg/m³", "displayName": "PM2.5" } }, { "id": 12860816, "name": "relativehumidity %", "parameter": { "id": 98, "name": "relativehumidity", "units": "%", "displayName": "RH" } }, { "id": 12860817, "name": "temperature c", "parameter": { "id": 100, "name": "temperature", "units": "c", "displayName": "Temperature (C)" } }, { "id": 12860818, "name": "um003 particles/cm³", "parameter": { "id": 125, "name": "um003", "units": "particles/cm³", "displayName": "PM0.3 count" } } ], "licenses": "[{'id': 41, 'name': 'CC BY 4.0', 'attribution': {'name': 'UNICEF', 'url': None}, 'dateFrom': '2023-07-15', 'dateTo': None}]", "bounds": [ 106.889224, 16.293856, 106.889224, 16.293856 ], "distance": null, "country.id": 68, "country.code": "LA", "country.name": "Lao PDR", "owner.id": 11271, "owner.name": "UNICEF", "provider.id": 66, "provider.name": "AirGradient", "coordinates.latitude": 16.293856, "coordinates.longitude": 106.889224, "datetimeFirst.utc": "2025-04-23T02:00:00Z", "datetimeFirst.local": "2025-04-23T09:00:00+07:00", "datetimeLast.utc": "2026-07-06T10:00:00Z", "datetimeLast.local": "2026-07-06T17:00:00+07:00", "name_right": "Laos", "code": "LAO", "group": "Countries" }, "geometry": { "type": "Point", "coordinates": [ 106.889224, 16.293856 ] } },
{ "type": "Feature", "properties": { "id": 4143988, "name": "Xaysetha - Attapeu", "locality": null, "timezone": "Asia/Vientiane", "isMobile": false, "isMonitor": false, "instruments": [ { "id": 7, "name": "Unknown AirGradient Sensor" } ], "sensors": [ { "id": 12860749, "name": "pm1 µg/m³", "parameter": { "id": 19, "name": "pm1", "units": "µg/m³", "displayName": "PM1" } }, { "id": 12860750, "name": "pm25 µg/m³", "parameter": { "id": 2, "name": "pm25", "units": "µg/m³", "displayName": "PM2.5" } }, { "id": 12860751, "name": "relativehumidity %", "parameter": { "id": 98, "name": "relativehumidity", "units": "%", "displayName": "RH" } }, { "id": 12860752, "name": "temperature c", "parameter": { "id": 100, "name": "temperature", "units": "c", "displayName": "Temperature (C)" } }, { "id": 12860753, "name": "um003 particles/cm³", "parameter": { "id": 125, "name": "um003", "units": "particles/cm³", "displayName": "PM0.3 count" } } ], "licenses": "[{'id': 41, 'name': 'CC BY 4.0', 'attribution': {'name': 'UNICEF', 'url': None}, 'dateFrom': '2023-07-15', 'dateTo': None}]", "bounds": [ 106.930954, 14.816824, 106.930954, 14.816824 ], "distance": null, "country.id": 68, "country.code": "LA", "country.name": "Lao PDR", "owner.id": 11271, "owner.name": "UNICEF", "provider.id": 66, "provider.name": "AirGradient", "coordinates.latitude": 14.816824, "coordinates.longitude": 106.930954, "datetimeFirst.utc": "2025-04-23T02:00:00Z", "datetimeFirst.local": "2025-04-23T09:00:00+07:00", "datetimeLast.utc": "2026-07-07T03:00:00Z", "datetimeLast.local": "2026-07-07T10:00:00+07:00", "name_right": "Laos", "code": "LAO", "group": "Countries" }, "geometry": { "type": "Point", "coordinates": [ 106.930954, 14.816824 ] } },
{ "type": "Feature", "properties": { "id": 4321722, "name": "Nong - Savannakhet", "locality": null, "timezone": "Asia/Vientiane", "isMobile": false, "isMonitor": false, "instruments": [ { "id": 7, "name": "Unknown AirGradient Sensor" } ], "sensors": [ { "id": 12981002, "name": "pm1 µg/m³", "parameter": { "id": 19, "name": "pm1", "units": "µg/m³", "displayName": "PM1" } }, { "id": 12981003, "name": "pm25 µg/m³", "parameter": { "id": 2, "name": "pm25", "units": "µg/m³", "displayName": "PM2.5" } }, { "id": 12981004, "name": "relativehumidity %", "parameter": { "id": 98, "name": "relativehumidity", "units": "%", "displayName": "RH" } }, { "id": 12981005, "name": "temperature c", "parameter": { "id": 100, "name": "temperature", "units": "c", "displayName": "Temperature (C)" } }, { "id": 12981006, "name": "um003 particles/cm³", "parameter": { "id": 125, "name": "um003", "units": "particles/cm³", "displayName": "PM0.3 count" } } ], "licenses": "[{'id': 41, 'name': 'CC BY 4.0', 'attribution': {'name': 'UNICEF', 'url': None}, 'dateFrom': '2023-07-15', 'dateTo': None}]", "bounds": [ 106.495685, 16.373875, 106.495685, 16.373875 ], "distance": null, "country.id": 68, "country.code": "LA", "country.name": "Lao PDR", "owner.id": 11271, "owner.name": "UNICEF", "provider.id": 66, "provider.name": "AirGradient", "coordinates.latitude": 16.373875, "coordinates.longitude": 106.495685, "datetimeFirst.utc": "2025-05-08T11:00:00Z", "datetimeFirst.local": "2025-05-08T18:00:00+07:00", "datetimeLast.utc": "2026-07-07T03:00:00Z", "datetimeLast.local": "2026-07-07T10:00:00+07:00", "name_right": "Laos", "code": "LAO", "group": "Countries" }, "geometry": { "type": "Point", "coordinates": [ 106.495685, 16.373875 ] } },
{ "type": "Feature", "properties": { "id": 5103390, "name": "ໂຮງໝໍມະໂຫສົດ Mahosot Hospital", "locality": null, "timezone": "Asia/Vientiane", "isMobile": false, "isMonitor": false, "instruments": [ { "id": 25, "name": "AirGradient Open Air (O-1PPT-CE)" } ], "sensors": [ { "id": 13621708, "name": "pm1 µg/m³", "parameter": { "id": 19, "name": "pm1", "units": "µg/m³", "displayName": "PM1" } }, { "id": 13621709, "name": "pm25 µg/m³", "parameter": { "id": 2, "name": "pm25", "units": "µg/m³", "displayName": "PM2.5" } }, { "id": 13621710, "name": "relativehumidity %", "parameter": { "id": 98, "name": "relativehumidity", "units": "%", "displayName": "RH" } }, { "id": 13621711, "name": "temperature c", "parameter": { "id": 100, "name": "temperature", "units": "c", "displayName": "Temperature (C)" } }, { "id": 13621712, "name": "um003 particles/cm³", "parameter": { "id": 125, "name": "um003", "units": "particles/cm³", "displayName": "PM0.3 count" } } ], "licenses": "[{'id': 41, 'name': 'CC BY 4.0', 'attribution': {'name': 'UNICEF', 'url': None}, 'dateFrom': '2023-07-15', 'dateTo': None}]", "bounds": [ 102.61366511686585, 17.95944785330261, 102.61366511686585, 17.95944785330261 ], "distance": null, "country.id": 68, "country.code": "LA", "country.name": "Lao PDR", "owner.id": 11271, "owner.name": "UNICEF", "provider.id": 66, "provider.name": "AirGradient", "coordinates.latitude": 17.95944785330261, "coordinates.longitude": 102.61366511686585, "datetimeFirst.utc": "2025-07-17T05:00:00Z", "datetimeFirst.local": "2025-07-17T12:00:00+07:00", "datetimeLast.utc": "2026-07-07T03:00:00Z", "datetimeLast.local": "2026-07-07T10:00:00+07:00", "name_right": "Laos", "code": "LAO", "group": "Countries" }, "geometry": { "type": "Point", "coordinates": [ 102.613665116865846, 17.95944785330261 ] } },
{ "type": "Feature", "properties": { "id": 5497794, "name": "MoNRE - Ministry of Natural Resources and Environment", "locality": null, "timezone": "Asia/Vientiane", "isMobile": false, "isMonitor": false, "instruments": [ { "id": 7, "name": "Unknown AirGradient Sensor" } ], "sensors": [ { "id": 13909799, "name": "pm1 µg/m³", "parameter": { "id": 19, "name": "pm1", "units": "µg/m³", "displayName": "PM1" } }, { "id": 13909800, "name": "pm25 µg/m³", "parameter": { "id": 2, "name": "pm25", "units": "µg/m³", "displayName": "PM2.5" } }, { "id": 13909801, "name": "relativehumidity %", "parameter": { "id": 98, "name": "relativehumidity", "units": "%", "displayName": "RH" } }, { "id": 13909802, "name": "temperature c", "parameter": { "id": 100, "name": "temperature", "units": "c", "displayName": "Temperature (C)" } }, { "id": 13909803, "name": "um003 particles/cm³", "parameter": { "id": 125, "name": "um003", "units": "particles/cm³", "displayName": "PM0.3 count" } } ], "licenses": "[{'id': 41, 'name': 'CC BY 4.0', 'attribution': {'name': 'AirGradient', 'url': None}, 'dateFrom': '2023-07-15', 'dateTo': None}]", "bounds": [ 102.58220083962827, 17.998179200703355, 102.58220083962827, 17.998179200703355 ], "distance": null, "country.id": 68, "country.code": "LA", "country.name": "Lao PDR", "owner.id": 12, "owner.name": "AirGradient", "provider.id": 66, "provider.name": "AirGradient", "coordinates.latitude": 17.998179200703355, "coordinates.longitude": 102.58220083962829, "datetimeFirst.utc": "2025-08-20T12:00:00Z", "datetimeFirst.local": "2025-08-20T19:00:00+07:00", "datetimeLast.utc": "2026-07-07T00:00:00Z", "datetimeLast.local": "2026-07-07T07:00:00+07:00", "name_right": "Laos", "code": "LAO", "group": "Countries" }, "geometry": { "type": "Point", "coordinates": [ 102.582200839628285, 17.998179200703355 ] } },
{ "type": "Feature", "properties": { "id": 5497795, "name": "MoNRE - Ministry of Natural Resources and Environment", "locality": null, "timezone": "Asia/Vientiane", "isMobile": false, "isMonitor": false, "instruments": [ { "id": 7, "name": "Unknown AirGradient Sensor" } ], "sensors": [ { "id": 13909804, "name": "pm1 µg/m³", "parameter": { "id": 19, "name": "pm1", "units": "µg/m³", "displayName": "PM1" } }, { "id": 13909805, "name": "pm25 µg/m³", "parameter": { "id": 2, "name": "pm25", "units": "µg/m³", "displayName": "PM2.5" } }, { "id": 13909806, "name": "relativehumidity %", "parameter": { "id": 98, "name": "relativehumidity", "units": "%", "displayName": "RH" } }, { "id": 13909807, "name": "temperature c", "parameter": { "id": 100, "name": "temperature", "units": "c", "displayName": "Temperature (C)" } }, { "id": 13909808, "name": "um003 particles/cm³", "parameter": { "id": 125, "name": "um003", "units": "particles/cm³", "displayName": "PM0.3 count" } } ], "licenses": "[{'id': 41, 'name': 'CC BY 4.0', 'attribution': {'name': 'UNICEF', 'url': None}, 'dateFrom': '2023-07-15', 'dateTo': None}]", "bounds": [ 102.5821626429113, 17.998144871444236, 102.5821626429113, 17.998144871444236 ], "distance": null, "country.id": 68, "country.code": "LA", "country.name": "Lao PDR", "owner.id": 11271, "owner.name": "UNICEF", "provider.id": 66, "provider.name": "AirGradient", "coordinates.latitude": 17.998144871444236, "coordinates.longitude": 102.5821626429113, "datetimeFirst.utc": "2025-08-20T12:00:00Z", "datetimeFirst.local": "2025-08-20T19:00:00+07:00", "datetimeLast.utc": "2026-07-07T03:00:00Z", "datetimeLast.local": "2026-07-07T10:00:00+07:00", "name_right": "Laos", "code": "LAO", "group": "Countries" }, "geometry": { "type": "Point", "coordinates": [ 102.5821626429113, 17.998144871444236 ] } },
{ "type": "Feature", "properties": { "id": 6123252, "name": "OnTheMoveAQM", "locality": null, "timezone": "Asia/Vientiane", "isMobile": false, "isMonitor": false, "instruments": [ { "id": 7, "name": "Unknown AirGradient Sensor" } ], "sensors": [ { "id": 14581639, "name": "pm1 µg/m³", "parameter": { "id": 19, "name": "pm1", "units": "µg/m³", "displayName": "PM1" } }, { "id": 14581640, "name": "pm25 µg/m³", "parameter": { "id": 2, "name": "pm25", "units": "µg/m³", "displayName": "PM2.5" } }, { "id": 14581641, "name": "relativehumidity %", "parameter": { "id": 98, "name": "relativehumidity", "units": "%", "displayName": "RH" } }, { "id": 14581642, "name": "temperature c", "parameter": { "id": 100, "name": "temperature", "units": "c", "displayName": "Temperature (C)" } }, { "id": 14581643, "name": "um003 particles/cm³", "parameter": { "id": 125, "name": "um003", "units": "particles/cm³", "displayName": "PM0.3 count" } } ], "licenses": "[{'id': 41, 'name': 'CC BY 4.0', 'attribution': {'name': 'AirGradient', 'url': None}, 'dateFrom': '2023-07-15', 'dateTo': None}]", "bounds": [ 102.1402362, 19.8797826, 102.1402362, 19.8797826 ], "distance": null, "country.id": 68, "country.code": "LA", "country.name": "Lao PDR", "owner.id": 12, "owner.name": "AirGradient", "provider.id": 66, "provider.name": "AirGradient", "coordinates.latitude": 19.8797826, "coordinates.longitude": 102.1402362, "datetimeFirst.utc": "2025-11-08T07:00:00Z", "datetimeFirst.local": "2025-11-08T14:00:00+07:00", "datetimeLast.utc": "2025-11-08T10:00:00Z", "datetimeLast.local": "2025-11-08T17:00:00+07:00", "name_right": "Laos", "code": "LAO", "group": "Countries" }, "geometry": { "type": "Point", "coordinates": [ 102.1402362, 19.8797826 ] } },
{ "type": "Feature", "properties": { "id": 6125288, "name": "Souphanouvong University - ມະຫາວິທະຍາໄລສຸພານຸວົງ LBP", "locality": null, "timezone": "Asia/Vientiane", "isMobile": false, "isMonitor": false, "instruments": [ { "id": 7, "name": "Unknown AirGradient Sensor" } ], "sensors": [ { "id": 14597241, "name": "pm1 µg/m³", "parameter": { "id": 19, "name": "pm1", "units": "µg/m³", "displayName": "PM1" } }, { "id": 14597242, "name": "pm25 µg/m³", "parameter": { "id": 2, "name": "pm25", "units": "µg/m³", "displayName": "PM2.5" } }, { "id": 14597243, "name": "relativehumidity %", "parameter": { "id": 98, "name": "relativehumidity", "units": "%", "displayName": "RH" } }, { "id": 14597244, "name": "temperature c", "parameter": { "id": 100, "name": "temperature", "units": "c", "displayName": "Temperature (C)" } }, { "id": 14597245, "name": "um003 particles/cm³", "parameter": { "id": 125, "name": "um003", "units": "particles/cm³", "displayName": "PM0.3 count" } } ], "licenses": "[{'id': 41, 'name': 'CC BY 4.0', 'attribution': {'name': 'UNICEF', 'url': None}, 'dateFrom': '2023-07-15', 'dateTo': None}]", "bounds": [ 102.18736, 19.92212, 102.18736, 19.92212 ], "distance": null, "country.id": 68, "country.code": "LA", "country.name": "Lao PDR", "owner.id": 11271, "owner.name": "UNICEF", "provider.id": 66, "provider.name": "AirGradient", "coordinates.latitude": 19.92212, "coordinates.longitude": 102.18736, "datetimeFirst.utc": "2025-11-10T04:00:00Z", "datetimeFirst.local": "2025-11-10T11:00:00+07:00", "datetimeLast.utc": "2026-05-16T05:00:00Z", "datetimeLast.local": "2026-05-16T12:00:00+07:00", "name_right": "Laos", "code": "LAO", "group": "Countries" }, "geometry": { "type": "Point", "coordinates": [ 102.18736, 19.92212 ] } },
{ "type": "Feature", "properties": { "id": 6151749, "name": "ໂຮງໝໍແຂວງວຽງຈັນ Vientiane Provincial Hospital", "locality": null, "timezone": "Asia/Vientiane", "isMobile": false, "isMonitor": false, "instruments": [ { "id": 25, "name": "AirGradient Open Air (O-1PPT-CE)" } ], "sensors": [ { "id": 14792683, "name": "pm1 µg/m³", "parameter": { "id": 19, "name": "pm1", "units": "µg/m³", "displayName": "PM1" } }, { "id": 14792684, "name": "pm25 µg/m³", "parameter": { "id": 2, "name": "pm25", "units": "µg/m³", "displayName": "PM2.5" } }, { "id": 14792685, "name": "relativehumidity %", "parameter": { "id": 98, "name": "relativehumidity", "units": "%", "displayName": "RH" } }, { "id": 14792686, "name": "temperature c", "parameter": { "id": 100, "name": "temperature", "units": "c", "displayName": "Temperature (C)" } }, { "id": 14792687, "name": "um003 particles/cm³", "parameter": { "id": 125, "name": "um003", "units": "particles/cm³", "displayName": "PM0.3 count" } } ], "licenses": "[{'id': 41, 'name': 'CC BY 4.0', 'attribution': {'name': 'UNICEF', 'url': None}, 'dateFrom': '2023-07-15', 'dateTo': None}]", "bounds": [ 102.484980242299, 18.4737631116375, 102.484980242299, 18.4737631116375 ], "distance": null, "country.id": 68, "country.code": "LA", "country.name": "Lao PDR", "owner.id": 11271, "owner.name": "UNICEF", "provider.id": 66, "provider.name": "AirGradient", "coordinates.latitude": 18.473763111637499, "coordinates.longitude": 102.484980242299, "datetimeFirst.utc": "2025-12-04T05:00:00Z", "datetimeFirst.local": "2025-12-04T12:00:00+07:00", "datetimeLast.utc": "2026-07-07T03:00:00Z", "datetimeLast.local": "2026-07-07T10:00:00+07:00", "name_right": "Laos", "code": "LAO", "group": "Countries" }, "geometry": { "type": "Point", "coordinates": [ 102.484980242299002, 18.473763111637499 ] } },
{ "type": "Feature", "properties": { "id": 6157903, "name": "ໂຮງໝໍແຂວງຊຽງຂວາງ Xieng Khuang Provincial Hospital", "locality": null, "timezone": "Asia/Vientiane", "isMobile": false, "isMonitor": false, "instruments": [ { "id": 25, "name": "AirGradient Open Air (O-1PPT-CE)" } ], "sensors": [ { "id": 14839058, "name": "pm1 µg/m³", "parameter": { "id": 19, "name": "pm1", "units": "µg/m³", "displayName": "PM1" } }, { "id": 14839059, "name": "pm25 µg/m³", "parameter": { "id": 2, "name": "pm25", "units": "µg/m³", "displayName": "PM2.5" } }, { "id": 14839060, "name": "relativehumidity %", "parameter": { "id": 98, "name": "relativehumidity", "units": "%", "displayName": "RH" } }, { "id": 14839061, "name": "temperature c", "parameter": { "id": 100, "name": "temperature", "units": "c", "displayName": "Temperature (C)" } }, { "id": 14839062, "name": "um003 particles/cm³", "parameter": { "id": 125, "name": "um003", "units": "particles/cm³", "displayName": "PM0.3 count" } } ], "licenses": "[{'id': 41, 'name': 'CC BY 4.0', 'attribution': {'name': 'UNICEF', 'url': None}, 'dateFrom': '2023-07-15', 'dateTo': None}]", "bounds": [ 103.201835579611, 19.4459594091436, 103.201835579611, 19.4459594091436 ], "distance": null, "country.id": 68, "country.code": "LA", "country.name": "Lao PDR", "owner.id": 11271, "owner.name": "UNICEF", "provider.id": 66, "provider.name": "AirGradient", "coordinates.latitude": 19.445959409143601, "coordinates.longitude": 103.201835579611, "datetimeFirst.utc": "2025-12-09T10:00:00Z", "datetimeFirst.local": "2025-12-09T17:00:00+07:00", "datetimeLast.utc": "2026-07-07T03:00:00Z", "datetimeLast.local": "2026-07-07T10:00:00+07:00", "name_right": "Laos", "code": "LAO", "group": "Countries" }, "geometry": { "type": "Point", "coordinates": [ 103.201835579611, 19.445959409143601 ] } },
{ "type": "Feature", "properties": { "id": 6166036, "name": "ໂຮງໝໍແຂວງສາລະວັນ Salavan Provincial Hospital", "locality": null, "timezone": "Asia/Vientiane", "isMobile": false, "isMonitor": false, "instruments": [ { "id": 25, "name": "AirGradient Open Air (O-1PPT-CE)" } ], "sensors": [ { "id": 14900009, "name": "pm1 µg/m³", "parameter": { "id": 19, "name": "pm1", "units": "µg/m³", "displayName": "PM1" } }, { "id": 14900010, "name": "pm25 µg/m³", "parameter": { "id": 2, "name": "pm25", "units": "µg/m³", "displayName": "PM2.5" } }, { "id": 14900011, "name": "relativehumidity %", "parameter": { "id": 98, "name": "relativehumidity", "units": "%", "displayName": "RH" } }, { "id": 14900012, "name": "temperature c", "parameter": { "id": 100, "name": "temperature", "units": "c", "displayName": "Temperature (C)" } }, { "id": 14900013, "name": "um003 particles/cm³", "parameter": { "id": 125, "name": "um003", "units": "particles/cm³", "displayName": "PM0.3 count" } } ], "licenses": "[{'id': 41, 'name': 'CC BY 4.0', 'attribution': {'name': 'UNICEF', 'url': None}, 'dateFrom': '2023-07-15', 'dateTo': None}]", "bounds": [ 106.423783352312, 15.7211674428591, 106.423783352312, 15.7211674428591 ], "distance": null, "country.id": 68, "country.code": "LA", "country.name": "Lao PDR", "owner.id": 11271, "owner.name": "UNICEF", "provider.id": 66, "provider.name": "AirGradient", "coordinates.latitude": 15.7211674428591, "coordinates.longitude": 106.423783352312, "datetimeFirst.utc": "2025-12-15T09:00:00Z", "datetimeFirst.local": "2025-12-15T16:00:00+07:00", "datetimeLast.utc": "2026-07-07T03:00:00Z", "datetimeLast.local": "2026-07-07T10:00:00+07:00", "name_right": "Laos", "code": "LAO", "group": "Countries" }, "geometry": { "type": "Point", "coordinates": [ 106.423783352312, 15.7211674428591 ] } },
{ "type": "Feature", "properties": { "id": 6182459, "name": "ໂຮງໝໍແຂວງຫຼວງນ້ຳທາ Luang Namtha Provincial Hospital", "locality": null, "timezone": "Asia/Vientiane", "isMobile": false, "isMonitor": false, "instruments": [ { "id": 25, "name": "AirGradient Open Air (O-1PPT-CE)" } ], "sensors": [ { "id": 15021810, "name": "pm1 µg/m³", "parameter": { "id": 19, "name": "pm1", "units": "µg/m³", "displayName": "PM1" } }, { "id": 15021811, "name": "pm25 µg/m³", "parameter": { "id": 2, "name": "pm25", "units": "µg/m³", "displayName": "PM2.5" } }, { "id": 15021812, "name": "relativehumidity %", "parameter": { "id": 98, "name": "relativehumidity", "units": "%", "displayName": "RH" } }, { "id": 15021813, "name": "temperature c", "parameter": { "id": 100, "name": "temperature", "units": "c", "displayName": "Temperature (C)" } }, { "id": 15021814, "name": "um003 particles/cm³", "parameter": { "id": 125, "name": "um003", "units": "particles/cm³", "displayName": "PM0.3 count" } } ], "licenses": "[{'id': 41, 'name': 'CC BY 4.0', 'attribution': {'name': 'UNICEF', 'url': None}, 'dateFrom': '2023-07-15', 'dateTo': None}]", "bounds": [ 101.411686089614, 20.9970996718406, 101.411686089614, 20.9970996718406 ], "distance": null, "country.id": 68, "country.code": "LA", "country.name": "Lao PDR", "owner.id": 11271, "owner.name": "UNICEF", "provider.id": 66, "provider.name": "AirGradient", "coordinates.latitude": 20.997099671840601, "coordinates.longitude": 101.41168608961399, "datetimeFirst.utc": "2025-12-29T16:00:00Z", "datetimeFirst.local": "2025-12-29T23:00:00+07:00", "datetimeLast.utc": "2026-07-07T03:00:00Z", "datetimeLast.local": "2026-07-07T10:00:00+07:00", "name_right": "Laos", "code": "LAO", "group": "Countries" }, "geometry": { "type": "Point", "coordinates": [ 101.411686089613994, 20.997099671840601 ] } },
{ "type": "Feature", "properties": { "id": 6206920, "name": "ໂຮງໝໍເມືອງສະໝ້ວຍ Samoui District Hospital", "locality": null, "timezone": "Asia/Vientiane", "isMobile": false, "isMonitor": false, "instruments": [ { "id": 7, "name": "Unknown AirGradient Sensor" } ], "sensors": [ { "id": 15203549, "name": "pm1 µg/m³", "parameter": { "id": 19, "name": "pm1", "units": "µg/m³", "displayName": "PM1" } }, { "id": 15203550, "name": "pm25 µg/m³", "parameter": { "id": 2, "name": "pm25", "units": "µg/m³", "displayName": "PM2.5" } }, { "id": 15203551, "name": "relativehumidity %", "parameter": { "id": 98, "name": "relativehumidity", "units": "%", "displayName": "RH" } }, { "id": 15203552, "name": "temperature c", "parameter": { "id": 100, "name": "temperature", "units": "c", "displayName": "Temperature (C)" } }, { "id": 15203553, "name": "um003 particles/cm³", "parameter": { "id": 125, "name": "um003", "units": "particles/cm³", "displayName": "PM0.3 count" } } ], "licenses": "[{'id': 41, 'name': 'CC BY 4.0', 'attribution': {'name': 'UNICEF', 'url': None}, 'dateFrom': '2023-07-15', 'dateTo': None}]", "bounds": [ 106.88828045127252, 16.29863243676354, 106.88828045127252, 16.29863243676354 ], "distance": null, "country.id": 68, "country.code": "LA", "country.name": "Lao PDR", "owner.id": 11271, "owner.name": "UNICEF", "provider.id": 66, "provider.name": "AirGradient", "coordinates.latitude": 16.29863243676354, "coordinates.longitude": 106.88828045127252, "datetimeFirst.utc": "2026-01-19T11:00:00Z", "datetimeFirst.local": "2026-01-19T18:00:00+07:00", "datetimeLast.utc": "2026-07-07T03:00:00Z", "datetimeLast.local": "2026-07-07T10:00:00+07:00", "name_right": "Laos", "code": "LAO", "group": "Countries" }, "geometry": { "type": "Point", "coordinates": [ 106.888280451272522, 16.29863243676354 ] } },
{ "type": "Feature", "properties": { "id": 6237068, "name": "ໂຮງໝໍແຂວງອັດຕະປື Attapeu Provincial Hospital", "locality": null, "timezone": "Asia/Vientiane", "isMobile": false, "isMonitor": false, "instruments": [ { "id": 7, "name": "Unknown AirGradient Sensor" } ], "sensors": [ { "id": 15423687, "name": "pm1 µg/m³", "parameter": { "id": 19, "name": "pm1", "units": "µg/m³", "displayName": "PM1" } }, { "id": 15423688, "name": "pm25 µg/m³", "parameter": { "id": 2, "name": "pm25", "units": "µg/m³", "displayName": "PM2.5" } }, { "id": 15423689, "name": "relativehumidity %", "parameter": { "id": 98, "name": "relativehumidity", "units": "%", "displayName": "RH" } }, { "id": 15423690, "name": "temperature c", "parameter": { "id": 100, "name": "temperature", "units": "c", "displayName": "Temperature (C)" } }, { "id": 15423691, "name": "um003 particles/cm³", "parameter": { "id": 125, "name": "um003", "units": "particles/cm³", "displayName": "PM0.3 count" } } ], "licenses": "[{'id': 41, 'name': 'CC BY 4.0', 'attribution': {'name': 'UNICEF', 'url': None}, 'dateFrom': '2023-07-15', 'dateTo': None}]", "bounds": [ 106.8122199490303, 14.819082115520345, 106.8122199490303, 14.819082115520345 ], "distance": null, "country.id": 68, "country.code": "LA", "country.name": "Lao PDR", "owner.id": 11271, "owner.name": "UNICEF", "provider.id": 66, "provider.name": "AirGradient", "coordinates.latitude": 14.819082115520343, "coordinates.longitude": 106.81221994903029, "datetimeFirst.utc": "2026-02-12T03:00:00Z", "datetimeFirst.local": "2026-02-12T10:00:00+07:00", "datetimeLast.utc": "2026-05-30T16:00:00Z", "datetimeLast.local": "2026-05-30T23:00:00+07:00", "name_right": "Laos", "code": "LAO", "group": "Countries" }, "geometry": { "type": "Point", "coordinates": [ 106.812219949030293, 14.819082115520343 ] } },
{ "type": "Feature", "properties": { "id": 6267732, "name": "ບ້ານສະພານທອງໃຕ້ Saphanthong Village", "locality": null, "timezone": "Asia/Vientiane", "isMobile": false, "isMonitor": false, "instruments": [ { "id": 7, "name": "Unknown AirGradient Sensor" } ], "sensors": [ { "id": 15652530, "name": "pm1 µg/m³", "parameter": { "id": 19, "name": "pm1", "units": "µg/m³", "displayName": "PM1" } }, { "id": 15652531, "name": "pm25 µg/m³", "parameter": { "id": 2, "name": "pm25", "units": "µg/m³", "displayName": "PM2.5" } }, { "id": 15652532, "name": "relativehumidity %", "parameter": { "id": 98, "name": "relativehumidity", "units": "%", "displayName": "RH" } }, { "id": 15652533, "name": "temperature c", "parameter": { "id": 100, "name": "temperature", "units": "c", "displayName": "Temperature (C)" } }, { "id": 15652534, "name": "um003 particles/cm³", "parameter": { "id": 125, "name": "um003", "units": "particles/cm³", "displayName": "PM0.3 count" } } ], "licenses": "[{'id': 41, 'name': 'CC BY 4.0', 'attribution': {'name': 'UNICEF', 'url': None}, 'dateFrom': '2023-07-15', 'dateTo': None}]", "bounds": [ 102.62943163558216, 17.948879100315352, 102.62943163558216, 17.948879100315352 ], "distance": null, "country.id": 68, "country.code": "LA", "country.name": "Lao PDR", "owner.id": 11271, "owner.name": "UNICEF", "provider.id": 66, "provider.name": "AirGradient", "coordinates.latitude": 17.948879100315352, "coordinates.longitude": 102.62943163558216, "datetimeFirst.utc": "2026-03-11T06:00:00Z", "datetimeFirst.local": "2026-03-11T13:00:00+07:00", "datetimeLast.utc": "2026-07-07T03:00:00Z", "datetimeLast.local": "2026-07-07T10:00:00+07:00", "name_right": "Laos", "code": "LAO", "group": "Countries" }, "geometry": { "type": "Point", "coordinates": [ 102.629431635582165, 17.948879100315352 ] } },
{ "type": "Feature", "properties": { "id": 6278274, "name": "SEACAI LA", "locality": null, "timezone": "Asia/Vientiane", "isMobile": false, "isMonitor": false, "instruments": [ { "id": 7, "name": "Unknown AirGradient Sensor" } ], "sensors": [ { "id": 15730599, "name": "pm1 µg/m³", "parameter": { "id": 19, "name": "pm1", "units": "µg/m³", "displayName": "PM1" } }, { "id": 15730600, "name": "pm25 µg/m³", "parameter": { "id": 2, "name": "pm25", "units": "µg/m³", "displayName": "PM2.5" } }, { "id": 15730601, "name": "relativehumidity %", "parameter": { "id": 98, "name": "relativehumidity", "units": "%", "displayName": "RH" } }, { "id": 15730602, "name": "temperature c", "parameter": { "id": 100, "name": "temperature", "units": "c", "displayName": "Temperature (C)" } }, { "id": 15730603, "name": "um003 particles/cm³", "parameter": { "id": 125, "name": "um003", "units": "particles/cm³", "displayName": "PM0.3 count" } } ], "licenses": "[{'id': 41, 'name': 'CC BY 4.0', 'attribution': {'name': 'AirGradient', 'url': None}, 'dateFrom': '2023-07-15', 'dateTo': None}]", "bounds": [ 102.61789998653029, 17.971741795605784, 102.61789998653029, 17.971741795605784 ], "distance": null, "country.id": 68, "country.code": "LA", "country.name": "Lao PDR", "owner.id": 12, "owner.name": "AirGradient", "provider.id": 66, "provider.name": "AirGradient", "coordinates.latitude": 17.971741795605784, "coordinates.longitude": 102.61789998653028, "datetimeFirst.utc": "2026-03-20T03:00:00Z", "datetimeFirst.local": "2026-03-20T10:00:00+07:00", "datetimeLast.utc": "2026-07-07T03:00:00Z", "datetimeLast.local": "2026-07-07T10:00:00+07:00", "name_right": "Laos", "code": "LAO", "group": "Countries" }, "geometry": { "type": "Point", "coordinates": [ 102.617899986530276, 17.971741795605784 ] } },
{ "type": "Feature", "properties": { "id": 6416291, "name": "Vientiane", "locality": null, "timezone": "Asia/Vientiane", "isMobile": false, "isMonitor": false, "instruments": [ { "id": 7, "name": "Unknown AirGradient Sensor" } ], "sensors": [ { "id": 16716408, "name": "pm1 µg/m³", "parameter": { "id": 19, "name": "pm1", "units": "µg/m³", "displayName": "PM1" } }, { "id": 16716409, "name": "pm25 µg/m³", "parameter": { "id": 2, "name": "pm25", "units": "µg/m³", "displayName": "PM2.5" } }, { "id": 16716410, "name": "relativehumidity %", "parameter": { "id": 98, "name": "relativehumidity", "units": "%", "displayName": "RH" } }, { "id": 16716411, "name": "temperature c", "parameter": { "id": 100, "name": "temperature", "units": "c", "displayName": "Temperature (C)" } }, { "id": 16716412, "name": "um003 particles/cm³", "parameter": { "id": 125, "name": "um003", "units": "particles/cm³", "displayName": "PM0.3 count" } } ], "licenses": "[{'id': 41, 'name': 'CC BY 4.0', 'attribution': {'name': 'AirGradient', 'url': None}, 'dateFrom': '2023-07-15', 'dateTo': None}]", "bounds": [ 102.6151401, 17.9684207, 102.6151401, 17.9684207 ], "distance": null, "country.id": 68, "country.code": "LA", "country.name": "Lao PDR", "owner.id": 12, "owner.name": "AirGradient", "provider.id": 66, "provider.name": "AirGradient", "coordinates.latitude": 17.9684207, "coordinates.longitude": 102.6151401, "datetimeFirst.utc": "2026-06-24T05:00:00Z", "datetimeFirst.local": "2026-06-24T12:00:00+07:00", "datetimeLast.utc": "2026-06-25T07:00:00Z", "datetimeLast.local": "2026-06-25T14:00:00+07:00", "name_right": "Laos", "code": "LAO", "group": "Countries" }, "geometry": { "type": "Point", "coordinates": [ 102.6151401, 17.9684207 ] } }
]
}
