id,name,locality,timezone,isMobile,isMonitor,instruments,sensors,licenses,bounds,distance,country.id,country.code,country.name,owner.id,owner.name,provider.id,provider.name,coordinates.latitude,coordinates.longitude,datetimeFirst.utc,datetimeFirst.local,datetimeLast.utc,datetimeLast.local
8893,Vientiane,N/A,Asia/Vientiane,False,True,"[{'id': 2, 'name': 'Government Monitor'}]","[{'id': 25947, 'name': 'pm25 µg/m³', 'parameter': {'id': 2, 'name': 'pm25', 'units': 'µg/m³', 'displayName': 'PM2.5'}}]","[{'id': 33, 'name': 'US Public Domain', 'attribution': {'name': 'Unknown Governmental Organization', 'url': None}, 'dateFrom': '2016-01-30', 'dateTo': None}]","[102.64, 17.896122, 102.64, 17.896122]",,68,LA,Lao PDR,4,Unknown Governmental Organization,119,AirNow,17.896122,102.64,2019-06-16T02:00:00Z,2019-06-16T09:00:00+07:00,2025-03-04T12:00:00Z,2025-03-04T19:00:00+07:00
225581,Chalermprakiet Hospital,Nan,Asia/Bangkok,False,True,"[{'id': 2, 'name': 'Government Monitor'}, {'id': 2, 'name': 'Government Monitor'}]","[{'id': 1304167, 'name': 'co ppm', 'parameter': {'id': 8, 'name': 'co', 'units': 'ppm', 'displayName': 'CO'}}, {'id': 1304131, 'name': 'no2 ppm', 'parameter': {'id': 7, 'name': 'no2', 'units': 'ppm', 'displayName': 'NO₂'}}, {'id': 16312620, 'name': 'no2 ppb', 'parameter': {'id': 15, 'name': 'no2', 'units': 'ppb', 'displayName': 'NO₂'}}, {'id': 1304296, 'name': 'o3 ppm', 'parameter': {'id': 10, 'name': 'o3', 'units': 'ppm', 'displayName': 'O₃'}}, {'id': 1304169, 'name': 'pm10 µg/m³', 'parameter': {'id': 1, 'name': 'pm10', 'units': 'µg/m³', 'displayName': 'PM10'}}, {'id': 1304415, 'name': 'pm25 µg/m³', 'parameter': {'id': 2, 'name': 'pm25', 'units': 'µg/m³', 'displayName': 'PM2.5'}}, {'id': 16312621, 'name': 'pm25 µg/m³', 'parameter': {'id': 2, 'name': 'pm25', 'units': 'µg/m³', 'displayName': 'PM2.5'}}, {'id': 16312622, 'name': 'so2 ppb', 'parameter': {'id': 101, 'name': 'so2', 'units': 'ppb', 'displayName': 'SO₂'}}, {'id': 10572344, 'name': 'so2 ppm', 'parameter': {'id': 9, 'name': 'so2', 'units': 'ppm', 'displayName': 'SO₂'}}]",,"[101.0815166, 19.5759666, 101.0815166, 19.5759666]",,68,LA,Lao PDR,4,Unknown Governmental Organization,118,Air4Thai,19.5759666,101.0815166,2021-04-29T19:00:00Z,2021-04-30T02:00:00+07:00,2026-07-02T02:00:00Z,2026-07-02T09:00:00+07:00
1236039,"Ramrachpittayakom school 1, Tha Uthen, Nakhon Phanom ",,Asia/Vientiane,False,False,"[{'id': 7, 'name': 'Unknown AirGradient Sensor'}]","[{'id': 6530260, 'name': 'pm25 µg/m³', 'parameter': {'id': 2, 'name': 'pm25', 'units': 'µg/m³', 'displayName': 'PM2.5'}}, {'id': 6530249, 'name': 'temperature c', 'parameter': {'id': 100, 'name': 'temperature', 'units': 'c', 'displayName': 'Temperature (C)'}}]","[{'id': 41, 'name': 'CC BY 4.0', 'attribution': {'name': 'Unknown Governmental Organization', 'url': None}, 'dateFrom': '2023-07-15', 'dateTo': None}]","[104.59359950739773, 17.590600899092816, 104.59359950739773, 17.590600899092816]",,68,LA,Lao PDR,4,Unknown Governmental Organization,66,AirGradient,17.590600899092816,104.59359950739773,2023-07-15T13:00:00Z,2023-07-15T20:00:00+07:00,2023-11-27T02:00:00Z,2023-11-27T09:00:00+07:00
1236360,"Bungkan School 1, Mueang, Bungkan",,Asia/Vientiane,False,True,"[{'id': 2, 'name': 'Government Monitor'}]","[{'id': 6530416, 'name': 'pm25 µg/m³', 'parameter': {'id': 2, 'name': 'pm25', 'units': 'µg/m³', 'displayName': 'PM2.5'}}, {'id': 6530414, 'name': 'temperature c', 'parameter': {'id': 100, 'name': 'temperature', 'units': 'c', 'displayName': 'Temperature (C)'}}]",,"[103.66396050996747, 18.389836926387506, 103.66396050996747, 18.389836926387506]",,68,LA,Lao PDR,4,Unknown Governmental Organization,1,N/A,18.389836926387506,103.66396050996747,2023-07-15T13:00:00Z,2023-07-15T20:00:00+07:00,2023-11-01T05:00:00Z,2023-11-01T12:00:00+07:00
3303813,"Sokpaluang Campus, Chemical Engineering, National University of Laos",,Asia/Vientiane,False,False,"[{'id': 7, 'name': 'Unknown AirGradient Sensor'}]","[{'id': 11562382, 'name': 'pm1 µg/m³', 'parameter': {'id': 19, 'name': 'pm1', 'units': 'µg/m³', 'displayName': 'PM1'}}, {'id': 11562364, 'name': 'pm10 µg/m³', 'parameter': {'id': 1, 'name': 'pm10', 'units': 'µg/m³', 'displayName': 'PM10'}}, {'id': 11562373, 'name': 'pm25 µg/m³', 'parameter': {'id': 2, 'name': 'pm25', 'units': 'µg/m³', 'displayName': 'PM2.5'}}, {'id': 11562381, 'name': 'relativehumidity %', 'parameter': {'id': 98, 'name': 'relativehumidity', 'units': '%', 'displayName': 'RH'}}, {'id': 11562388, 'name': 'temperature c', 'parameter': {'id': 100, 'name': 'temperature', 'units': 'c', 'displayName': 'Temperature (C)'}}, {'id': 11562358, 'name': 'um003 particles/cm³', 'parameter': {'id': 125, 'name': 'um003', 'units': 'particles/cm³', 'displayName': 'PM0.3 count'}}]","[{'id': 41, 'name': 'CC BY 4.0', 'attribution': {'name': 'Unknown Person', 'url': None}, 'dateFrom': '2023-07-15', 'dateTo': None}]","[102.62606, 17.94495, 102.62606, 17.94495]",,68,LA,Lao PDR,11509,Unknown Person,66,AirGradient,17.94495,102.62606,2024-12-07T09:00:00Z,2024-12-07T16:00:00+07:00,2024-12-10T12:00:00Z,2024-12-10T19:00:00+07:00
3400942,Burnadelphia ,,Asia/Vientiane,False,False,"[{'id': 24, 'name': 'AirGradient Open Air Generation 1 (O-1PST)'}]","[{'id': 12178287, 'name': 'pm1 µg/m³', 'parameter': {'id': 19, 'name': 'pm1', 'units': 'µg/m³', 'displayName': 'PM1'}}, {'id': 12178288, 'name': 'pm25 µg/m³', 'parameter': {'id': 2, 'name': 'pm25', 'units': 'µg/m³', 'displayName': 'PM2.5'}}, {'id': 12178289, 'name': 'relativehumidity %', 'parameter': {'id': 98, 'name': 'relativehumidity', 'units': '%', 'displayName': 'RH'}}, {'id': 12178290, 'name': 'temperature c', 'parameter': {'id': 100, 'name': 'temperature', 'units': 'c', 'displayName': 'Temperature (C)'}}, {'id': 12178519, 'name': 'um003 particles/cm³', 'parameter': {'id': 125, 'name': 'um003', 'units': 'particles/cm³', 'displayName': 'PM0.3 count'}}]","[{'id': 41, 'name': 'CC BY 4.0', 'attribution': {'name': 'Unknown Person', 'url': None}, 'dateFrom': '2023-07-15', 'dateTo': None}]","[102.632, 17.938, 102.632, 17.938]",,68,LA,Lao PDR,11509,Unknown Person,66,AirGradient,17.938,102.632,2025-02-11T18:00:00Z,2025-02-12T01:00:00+07:00,2026-06-05T03:00:00Z,2026-06-05T10:00:00+07:00
3400986,"Chomphet Secondary School - Sisattanak, Vientiane Capital ມັດທະຍົມສົມບູນ ຈອມເພັດ",,Asia/Vientiane,False,False,"[{'id': 7, 'name': 'Unknown AirGradient Sensor'}]","[{'id': 12311506, 'name': 'pm1 µg/m³', 'parameter': {'id': 19, 'name': 'pm1', 'units': 'µg/m³', 'displayName': 'PM1'}}, {'id': 12311507, 'name': 'pm25 µg/m³', 'parameter': {'id': 2, 'name': 'pm25', 'units': 'µg/m³', 'displayName': 'PM2.5'}}, {'id': 12311508, 'name': 'relativehumidity %', 'parameter': {'id': 98, 'name': 'relativehumidity', 'units': '%', 'displayName': 'RH'}}, {'id': 12311509, 'name': 'temperature c', 'parameter': {'id': 100, 'name': 'temperature', 'units': 'c', 'displayName': 'Temperature (C)'}}, {'id': 12311510, 'name': 'um003 particles/cm³', 'parameter': {'id': 125, 'name': 'um003', 'units': 'particles/cm³', 'displayName': 'PM0.3 count'}}]","[{'id': 41, 'name': 'CC BY 4.0', 'attribution': {'name': 'UNICEF', 'url': None}, 'dateFrom': '2023-07-15', 'dateTo': None}]","[102.622708, 17.910254, 102.622708, 17.910254]",,68,LA,Lao PDR,11271,UNICEF,66,AirGradient,17.910254,102.622708,2025-02-26T05:00:00Z,2025-02-26T12:00:00+07:00,2026-06-07T03:00:00Z,2026-06-07T10:00:00+07:00
3474952,"Salakham Secondary School - Hadxaifong District, Vientiane Capital",,Asia/Vientiane,False,False,"[{'id': 7, 'name': 'Unknown AirGradient Sensor'}]","[{'id': 12311481, 'name': 'pm1 µg/m³', 'parameter': {'id': 19, 'name': 'pm1', 'units': 'µg/m³', 'displayName': 'PM1'}}, {'id': 12311482, 'name': 'pm25 µg/m³', 'parameter': {'id': 2, 'name': 'pm25', 'units': 'µg/m³', 'displayName': 'PM2.5'}}, {'id': 12311483, 'name': 'relativehumidity %', 'parameter': {'id': 98, 'name': 'relativehumidity', 'units': '%', 'displayName': 'RH'}}, {'id': 12311484, 'name': 'temperature c', 'parameter': {'id': 100, 'name': 'temperature', 'units': 'c', 'displayName': 'Temperature (C)'}}, {'id': 12311485, 'name': 'um003 particles/cm³', 'parameter': {'id': 125, 'name': 'um003', 'units': 'particles/cm³', 'displayName': 'PM0.3 count'}}]","[{'id': 41, 'name': 'CC BY 4.0', 'attribution': {'name': 'UNICEF', 'url': None}, 'dateFrom': '2023-07-15', 'dateTo': None}]","[102.648658, 17.880817, 102.648658, 17.880817]",,68,LA,Lao PDR,11271,UNICEF,66,AirGradient,17.880817,102.648658,2025-02-26T05:00:00Z,2025-02-26T12:00:00+07:00,2026-05-27T05:00:00Z,2026-05-27T12:00:00+07:00
3478630,"Santiphab Secondary School - Luangprabang, Luangprabang ມັດທະຍົມ ສັນຕິພາບ",,Asia/Vientiane,False,False,"[{'id': 7, 'name': 'Unknown AirGradient Sensor'}]","[{'id': 12311486, 'name': 'pm1 µg/m³', 'parameter': {'id': 19, 'name': 'pm1', 'units': 'µg/m³', 'displayName': 'PM1'}}, {'id': 12311487, 'name': 'pm25 µg/m³', 'parameter': {'id': 2, 'name': 'pm25', 'units': 'µg/m³', 'displayName': 'PM2.5'}}, {'id': 12311488, 'name': 'relativehumidity %', 'parameter': {'id': 98, 'name': 'relativehumidity', 'units': '%', 'displayName': 'RH'}}, {'id': 12311489, 'name': 'temperature c', 'parameter': {'id': 100, 'name': 'temperature', 'units': 'c', 'displayName': 'Temperature (C)'}}, {'id': 12311490, 'name': 'um003 particles/cm³', 'parameter': {'id': 125, 'name': 'um003', 'units': 'particles/cm³', 'displayName': 'PM0.3 count'}}]","[{'id': 41, 'name': 'CC BY 4.0', 'attribution': {'name': 'UNICEF', 'url': None}, 'dateFrom': '2023-07-15', 'dateTo': None}]","[102.139832, 19.880332, 102.139832, 19.880332]",,68,LA,Lao PDR,11271,UNICEF,66,AirGradient,19.880332,102.139832,2025-02-26T05:00:00Z,2025-02-26T12:00:00+07:00,2026-06-30T06:00:00Z,2026-06-30T13:00:00+07:00
3478631,"Thaphabath Secondary School - Thaphabath, Bolikhamxai",,Asia/Vientiane,False,False,"[{'id': 7, 'name': 'Unknown AirGradient Sensor'}]","[{'id': 12311496, 'name': 'pm1 µg/m³', 'parameter': {'id': 19, 'name': 'pm1', 'units': 'µg/m³', 'displayName': 'PM1'}}, {'id': 12311497, 'name': 'pm25 µg/m³', 'parameter': {'id': 2, 'name': 'pm25', 'units': 'µg/m³', 'displayName': 'PM2.5'}}, {'id': 12311498, 'name': 'relativehumidity %', 'parameter': {'id': 98, 'name': 'relativehumidity', 'units': '%', 'displayName': 'RH'}}, {'id': 12311499, 'name': 'temperature c', 'parameter': {'id': 100, 'name': 'temperature', 'units': 'c', 'displayName': 'Temperature (C)'}}, {'id': 12311500, 'name': 'um003 particles/cm³', 'parameter': {'id': 125, 'name': 'um003', 'units': 'particles/cm³', 'displayName': 'PM0.3 count'}}]","[{'id': 41, 'name': 'CC BY 4.0', 'attribution': {'name': 'UNICEF', 'url': None}, 'dateFrom': '2023-07-15', 'dateTo': None}]","[103.198076, 18.356826, 103.198076, 18.356826]",,68,LA,Lao PDR,11271,UNICEF,66,AirGradient,18.356826,103.198076,2025-02-26T05:00:00Z,2025-02-26T12:00:00+07:00,2026-07-03T15:00:00Z,2026-07-03T22:00:00+07:00
3484329,"Chomphet Secondary School - Chomphet, Luangprabang ມັດທະຍົມສົມບູນ ຈອມເພັດ",,Asia/Vientiane,False,False,"[{'id': 7, 'name': 'Unknown AirGradient Sensor'}]","[{'id': 12311491, 'name': 'pm1 µg/m³', 'parameter': {'id': 19, 'name': 'pm1', 'units': 'µg/m³', 'displayName': 'PM1'}}, {'id': 12311492, 'name': 'pm25 µg/m³', 'parameter': {'id': 2, 'name': 'pm25', 'units': 'µg/m³', 'displayName': 'PM2.5'}}, {'id': 12311493, 'name': 'relativehumidity %', 'parameter': {'id': 98, 'name': 'relativehumidity', 'units': '%', 'displayName': 'RH'}}, {'id': 12311494, 'name': 'temperature c', 'parameter': {'id': 100, 'name': 'temperature', 'units': 'c', 'displayName': 'Temperature (C)'}}, {'id': 12311495, 'name': 'um003 particles/cm³', 'parameter': {'id': 125, 'name': 'um003', 'units': 'particles/cm³', 'displayName': 'PM0.3 count'}}]","[{'id': 41, 'name': 'CC BY 4.0', 'attribution': {'name': 'UNICEF', 'url': None}, 'dateFrom': '2023-07-15', 'dateTo': None}]","[102.129102, 19.908009, 102.129102, 19.908009]",,68,LA,Lao PDR,11271,UNICEF,66,AirGradient,19.908009,102.129102,2025-02-26T05:00:00Z,2025-02-26T12:00:00+07:00,2025-04-12T16:00:00Z,2025-04-12T23:00:00+07:00
3487377,"Kiwkachum Secondary School - XiengNgeun, Luangprabang ມັດທະຍົມ ກິ່ວກະຈຳ",,Asia/Vientiane,False,False,"[{'id': 7, 'name': 'Unknown AirGradient Sensor'}]","[{'id': 12305885, 'name': 'pm1 µg/m³', 'parameter': {'id': 19, 'name': 'pm1', 'units': 'µg/m³', 'displayName': 'PM1'}}, {'id': 12305886, 'name': 'pm25 µg/m³', 'parameter': {'id': 2, 'name': 'pm25', 'units': 'µg/m³', 'displayName': 'PM2.5'}}, {'id': 12305887, 'name': 'relativehumidity %', 'parameter': {'id': 98, 'name': 'relativehumidity', 'units': '%', 'displayName': 'RH'}}, {'id': 12305888, 'name': 'temperature c', 'parameter': {'id': 100, 'name': 'temperature', 'units': 'c', 'displayName': 'Temperature (C)'}}, {'id': 12305889, 'name': 'um003 particles/cm³', 'parameter': {'id': 125, 'name': 'um003', 'units': 'particles/cm³', 'displayName': 'PM0.3 count'}}]","[{'id': 41, 'name': 'CC BY 4.0', 'attribution': {'name': 'UNICEF', 'url': None}, 'dateFrom': '2023-07-15', 'dateTo': None}]","[102.234, 19.555, 102.234, 19.555]",,68,LA,Lao PDR,11271,UNICEF,66,AirGradient,19.555,102.234,2025-02-25T16:00:00Z,2025-02-25T23:00:00+07:00,2026-07-03T15:00:00Z,2026-07-03T22:00:00+07:00
3493785,"PakXeng Secondary School - PakXeng, Luangprabang ມັດທະຍົມສົມບູນ ປາກແຊງ",,Asia/Vientiane,False,False,"[{'id': 7, 'name': 'Unknown AirGradient Sensor'}]","[{'id': 12305880, 'name': 'pm1 µg/m³', 'parameter': {'id': 19, 'name': 'pm1', 'units': 'µg/m³', 'displayName': 'PM1'}}, {'id': 12305881, 'name': 'pm25 µg/m³', 'parameter': {'id': 2, 'name': 'pm25', 'units': 'µg/m³', 'displayName': 'PM2.5'}}, {'id': 12305882, 'name': 'relativehumidity %', 'parameter': {'id': 98, 'name': 'relativehumidity', 'units': '%', 'displayName': 'RH'}}, {'id': 12305883, 'name': 'temperature c', 'parameter': {'id': 100, 'name': 'temperature', 'units': 'c', 'displayName': 'Temperature (C)'}}, {'id': 12305884, 'name': 'um003 particles/cm³', 'parameter': {'id': 125, 'name': 'um003', 'units': 'particles/cm³', 'displayName': 'PM0.3 count'}}]","[{'id': 41, 'name': 'CC BY 4.0', 'attribution': {'name': 'UNICEF', 'url': None}, 'dateFrom': '2023-07-15', 'dateTo': None}]","[102.675657, 20.174492, 102.675657, 20.174492]",,68,LA,Lao PDR,11271,UNICEF,66,AirGradient,20.174492,102.675657,2025-02-25T16:00:00Z,2025-02-25T23:00:00+07:00,2026-07-03T08:00:00Z,2026-07-03T15:00:00+07:00
3493786,Thakhek - Khammouan ,,Asia/Vientiane,False,False,"[{'id': 7, 'name': 'Unknown AirGradient Sensor'}]","[{'id': 12305890, 'name': 'pm1 µg/m³', 'parameter': {'id': 19, 'name': 'pm1', 'units': 'µg/m³', 'displayName': 'PM1'}}, {'id': 12305891, 'name': 'pm25 µg/m³', 'parameter': {'id': 2, 'name': 'pm25', 'units': 'µg/m³', 'displayName': 'PM2.5'}}, {'id': 12305892, 'name': 'relativehumidity %', 'parameter': {'id': 98, 'name': 'relativehumidity', 'units': '%', 'displayName': 'RH'}}, {'id': 12305893, 'name': 'temperature c', 'parameter': {'id': 100, 'name': 'temperature', 'units': 'c', 'displayName': 'Temperature (C)'}}, {'id': 12305894, 'name': 'um003 particles/cm³', 'parameter': {'id': 125, 'name': 'um003', 'units': 'particles/cm³', 'displayName': 'PM0.3 count'}}]","[{'id': 41, 'name': 'CC BY 4.0', 'attribution': {'name': 'UNICEF', 'url': None}, 'dateFrom': '2023-07-15', 'dateTo': None}]","[104.807495, 17.392668, 104.807495, 17.392668]",,68,LA,Lao PDR,11271,UNICEF,66,AirGradient,17.392668,104.807495,2025-02-25T16:00:00Z,2025-02-25T23:00:00+07:00,2026-07-03T15:00:00Z,2026-07-03T22:00:00+07:00
3493787,"Xebangfay Secondary School - Xebangfay, Khammouane ມັດທະຍົມສົມບູນ ເຊບັ້ງໄຟ",,Asia/Vientiane,False,False,"[{'id': 7, 'name': 'Unknown AirGradient Sensor'}]","[{'id': 12311501, 'name': 'pm1 µg/m³', 'parameter': {'id': 19, 'name': 'pm1', 'units': 'µg/m³', 'displayName': 'PM1'}}, {'id': 12311502, 'name': 'pm25 µg/m³', 'parameter': {'id': 2, 'name': 'pm25', 'units': 'µg/m³', 'displayName': 'PM2.5'}}, {'id': 12311503, 'name': 'relativehumidity %', 'parameter': {'id': 98, 'name': 'relativehumidity', 'units': '%', 'displayName': 'RH'}}, {'id': 12311504, 'name': 'temperature c', 'parameter': {'id': 100, 'name': 'temperature', 'units': 'c', 'displayName': 'Temperature (C)'}}, {'id': 12311505, 'name': 'um003 particles/cm³', 'parameter': {'id': 125, 'name': 'um003', 'units': 'particles/cm³', 'displayName': 'PM0.3 count'}}]","[{'id': 41, 'name': 'CC BY 4.0', 'attribution': {'name': 'UNICEF', 'url': None}, 'dateFrom': '2023-07-15', 'dateTo': None}]","[104.981631, 17.086149, 104.981631, 17.086149]",,68,LA,Lao PDR,11271,UNICEF,66,AirGradient,17.086149,104.981631,2025-02-26T05:00:00Z,2025-02-26T12:00:00+07:00,2026-07-03T15:00:00Z,2026-07-03T22:00:00+07:00
3499026,"Phoukhoune Secondary School - Phoukhoune, Luangprabang ມັດທະຍົມ ພູຄູນ",,Asia/Vientiane,False,False,"[{'id': 7, 'name': 'Unknown AirGradient Sensor'}]","[{'id': 12310828, 'name': 'pm1 µg/m³', 'parameter': {'id': 19, 'name': 'pm1', 'units': 'µg/m³', 'displayName': 'PM1'}}, {'id': 12310829, 'name': 'pm25 µg/m³', 'parameter': {'id': 2, 'name': 'pm25', 'units': 'µg/m³', 'displayName': 'PM2.5'}}, {'id': 12310830, 'name': 'relativehumidity %', 'parameter': {'id': 98, 'name': 'relativehumidity', 'units': '%', 'displayName': 'RH'}}, {'id': 12310831, 'name': 'temperature c', 'parameter': {'id': 100, 'name': 'temperature', 'units': 'c', 'displayName': 'Temperature (C)'}}, {'id': 12310832, 'name': 'um003 particles/cm³', 'parameter': {'id': 125, 'name': 'um003', 'units': 'particles/cm³', 'displayName': 'PM0.3 count'}}]","[{'id': 41, 'name': 'CC BY 4.0', 'attribution': {'name': 'UNICEF', 'url': None}, 'dateFrom': '2023-07-15', 'dateTo': None}]","[102.428042, 19.438824, 102.428042, 19.438824]",,68,LA,Lao PDR,11271,UNICEF,66,AirGradient,19.438824,102.428042,2025-02-26T05:00:00Z,2025-02-26T12:00:00+07:00,2026-07-03T15:00:00Z,2026-07-03T22:00:00+07:00
3501135,"Tonpheung Secondary School - Tonpheung, Bokeo  ມັດທະຍົມ ຕົ້ນເຜີ້ງ",,Asia/Vientiane,False,False,"[{'id': 7, 'name': 'Unknown AirGradient Sensor'}]","[{'id': 12312478, 'name': 'pm1 µg/m³', 'parameter': {'id': 19, 'name': 'pm1', 'units': 'µg/m³', 'displayName': 'PM1'}}, {'id': 12312479, 'name': 'pm25 µg/m³', 'parameter': {'id': 2, 'name': 'pm25', 'units': 'µg/m³', 'displayName': 'PM2.5'}}, {'id': 12312480, 'name': 'relativehumidity %', 'parameter': {'id': 98, 'name': 'relativehumidity', 'units': '%', 'displayName': 'RH'}}, {'id': 12312481, 'name': 'temperature c', 'parameter': {'id': 100, 'name': 'temperature', 'units': 'c', 'displayName': 'Temperature (C)'}}, {'id': 12312482, 'name': 'um003 particles/cm³', 'parameter': {'id': 125, 'name': 'um003', 'units': 'particles/cm³', 'displayName': 'PM0.3 count'}}]","[{'id': 41, 'name': 'CC BY 4.0', 'attribution': {'name': 'UNICEF', 'url': None}, 'dateFrom': '2023-07-15', 'dateTo': None}]","[100.09858, 20.29241, 100.09858, 20.29241]",,68,LA,Lao PDR,11271,UNICEF,66,AirGradient,20.29241,100.09858,2025-02-26T07:00:00Z,2025-02-26T14:00:00+07:00,2026-07-03T15:00:00Z,2026-07-03T22:00:00+07:00
3501136,Paktha - Bokeo,,Asia/Vientiane,False,False,"[{'id': 7, 'name': 'Unknown AirGradient Sensor'}]","[{'id': 12312483, 'name': 'pm1 µg/m³', 'parameter': {'id': 19, 'name': 'pm1', 'units': 'µg/m³', 'displayName': 'PM1'}}, {'id': 12312484, 'name': 'pm25 µg/m³', 'parameter': {'id': 2, 'name': 'pm25', 'units': 'µg/m³', 'displayName': 'PM2.5'}}, {'id': 12312485, 'name': 'relativehumidity %', 'parameter': {'id': 98, 'name': 'relativehumidity', 'units': '%', 'displayName': 'RH'}}, {'id': 12312486, 'name': 'temperature c', 'parameter': {'id': 100, 'name': 'temperature', 'units': 'c', 'displayName': 'Temperature (C)'}}, {'id': 12312487, 'name': 'um003 particles/cm³', 'parameter': {'id': 125, 'name': 'um003', 'units': 'particles/cm³', 'displayName': 'PM0.3 count'}}]","[{'id': 41, 'name': 'CC BY 4.0', 'attribution': {'name': 'UNICEF', 'url': None}, 'dateFrom': '2023-07-15', 'dateTo': None}]","[100.597269, 20.105423, 100.597269, 20.105423]",,68,LA,Lao PDR,11271,UNICEF,66,AirGradient,20.105423,100.597269,2025-02-26T07:00:00Z,2025-02-26T14:00:00+07:00,2026-07-03T15:00:00Z,2026-07-03T22:00:00+07:00
3501137,"Phonxay Secpondary School - Phonxay, Luangprabang ມັດທະຍົມສົມບູນ ເມືອງໂພນໄຊ",,Asia/Vientiane,False,False,"[{'id': 7, 'name': 'Unknown AirGradient Sensor'}]","[{'id': 12312488, 'name': 'pm1 µg/m³', 'parameter': {'id': 19, 'name': 'pm1', 'units': 'µg/m³', 'displayName': 'PM1'}}, {'id': 12312489, 'name': 'pm25 µg/m³', 'parameter': {'id': 2, 'name': 'pm25', 'units': 'µg/m³', 'displayName': 'PM2.5'}}, {'id': 12312490, 'name': 'relativehumidity %', 'parameter': {'id': 98, 'name': 'relativehumidity', 'units': '%', 'displayName': 'RH'}}, {'id': 12312491, 'name': 'temperature c', 'parameter': {'id': 100, 'name': 'temperature', 'units': 'c', 'displayName': 'Temperature (C)'}}, {'id': 12312492, 'name': 'um003 particles/cm³', 'parameter': {'id': 125, 'name': 'um003', 'units': 'particles/cm³', 'displayName': 'PM0.3 count'}}]","[{'id': 41, 'name': 'CC BY 4.0', 'attribution': {'name': 'UNICEF', 'url': None}, 'dateFrom': '2023-07-15', 'dateTo': None}]","[102.572347, 19.958916, 102.572347, 19.958916]",,68,LA,Lao PDR,11271,UNICEF,66,AirGradient,19.958916,102.572347,2025-02-26T09:00:00Z,2025-02-26T16:00:00+07:00,2026-07-03T15:00:00Z,2026-07-03T22:00:00+07:00
3503721,"Vientiane Secondary School - Chanthabuly, Vientiane Capital ມັດທະຍົມ ວຽງຈັນ",,Asia/Vientiane,False,False,"[{'id': 7, 'name': 'Unknown AirGradient Sensor'}]","[{'id': 12314077, 'name': 'pm1 µg/m³', 'parameter': {'id': 19, 'name': 'pm1', 'units': 'µg/m³', 'displayName': 'PM1'}}, {'id': 12314078, 'name': 'pm25 µg/m³', 'parameter': {'id': 2, 'name': 'pm25', 'units': 'µg/m³', 'displayName': 'PM2.5'}}, {'id': 12314079, 'name': 'relativehumidity %', 'parameter': {'id': 98, 'name': 'relativehumidity', 'units': '%', 'displayName': 'RH'}}, {'id': 12314080, 'name': 'temperature c', 'parameter': {'id': 100, 'name': 'temperature', 'units': 'c', 'displayName': 'Temperature (C)'}}, {'id': 12314081, 'name': 'um003 particles/cm³', 'parameter': {'id': 125, 'name': 'um003', 'units': 'particles/cm³', 'displayName': 'PM0.3 count'}}]","[{'id': 41, 'name': 'CC BY 4.0', 'attribution': {'name': 'UNICEF', 'url': None}, 'dateFrom': '2023-07-15', 'dateTo': None}]","[102.616937, 17.970177, 102.616937, 17.970177]",,68,LA,Lao PDR,11271,UNICEF,66,AirGradient,17.970177,102.616937,2025-02-26T11:00:00Z,2025-02-26T18:00:00+07:00,2025-10-08T04:00:00Z,2025-10-08T11:00:00+07:00
3503722,"Nampook Secondary School - Huoixai, Bokeo ມັດທະຍົມສົມບູນ ນ້ຳປຸກ",,Asia/Vientiane,False,False,"[{'id': 7, 'name': 'Unknown AirGradient Sensor'}]","[{'id': 12314082, 'name': 'pm1 µg/m³', 'parameter': {'id': 19, 'name': 'pm1', 'units': 'µg/m³', 'displayName': 'PM1'}}, {'id': 12314083, 'name': 'pm25 µg/m³', 'parameter': {'id': 2, 'name': 'pm25', 'units': 'µg/m³', 'displayName': 'PM2.5'}}, {'id': 12314084, 'name': 'relativehumidity %', 'parameter': {'id': 98, 'name': 'relativehumidity', 'units': '%', 'displayName': 'RH'}}, {'id': 12314085, 'name': 'temperature c', 'parameter': {'id': 100, 'name': 'temperature', 'units': 'c', 'displayName': 'Temperature (C)'}}, {'id': 12314086, 'name': 'um003 particles/cm³', 'parameter': {'id': 125, 'name': 'um003', 'units': 'particles/cm³', 'displayName': 'PM0.3 count'}}]","[{'id': 41, 'name': 'CC BY 4.0', 'attribution': {'name': 'UNICEF', 'url': None}, 'dateFrom': '2023-07-15', 'dateTo': None}]","[100.565439, 20.217811, 100.565439, 20.217811]",,68,LA,Lao PDR,11271,UNICEF,66,AirGradient,20.217811,100.565439,2025-02-26T11:00:00Z,2025-02-26T18:00:00+07:00,2026-06-26T10:00:00Z,2026-06-26T17:00:00+07:00
3503723,Pakkading - Bolikhamxai ,,Asia/Vientiane,False,False,"[{'id': 7, 'name': 'Unknown AirGradient Sensor'}]","[{'id': 12314087, 'name': 'pm1 µg/m³', 'parameter': {'id': 19, 'name': 'pm1', 'units': 'µg/m³', 'displayName': 'PM1'}}, {'id': 12314088, 'name': 'pm25 µg/m³', 'parameter': {'id': 2, 'name': 'pm25', 'units': 'µg/m³', 'displayName': 'PM2.5'}}, {'id': 12314089, 'name': 'relativehumidity %', 'parameter': {'id': 98, 'name': 'relativehumidity', 'units': '%', 'displayName': 'RH'}}, {'id': 12314090, 'name': 'temperature c', 'parameter': {'id': 100, 'name': 'temperature', 'units': 'c', 'displayName': 'Temperature (C)'}}, {'id': 12314091, 'name': 'um003 particles/cm³', 'parameter': {'id': 125, 'name': 'um003', 'units': 'particles/cm³', 'displayName': 'PM0.3 count'}}]","[{'id': 41, 'name': 'CC BY 4.0', 'attribution': {'name': 'UNICEF', 'url': None}, 'dateFrom': '2023-07-15', 'dateTo': None}]","[104.281265, 18.109902, 104.281265, 18.109902]",,68,LA,Lao PDR,11271,UNICEF,66,AirGradient,18.109902,104.281265,2025-02-26T11:00:00Z,2025-02-26T18:00:00+07:00,2026-07-03T13:00:00Z,2026-07-03T20:00:00+07:00
3503724,"Nakhonxay Secondary School - Khamkeuth, - Borikhamxai ມັດທະຍົມ ນະຄອນໄຊ",,Asia/Vientiane,False,False,"[{'id': 7, 'name': 'Unknown AirGradient Sensor'}]","[{'id': 12314092, 'name': 'pm1 µg/m³', 'parameter': {'id': 19, 'name': 'pm1', 'units': 'µg/m³', 'displayName': 'PM1'}}, {'id': 12314093, 'name': 'pm25 µg/m³', 'parameter': {'id': 2, 'name': 'pm25', 'units': 'µg/m³', 'displayName': 'PM2.5'}}, {'id': 12314094, 'name': 'relativehumidity %', 'parameter': {'id': 98, 'name': 'relativehumidity', 'units': '%', 'displayName': 'RH'}}, {'id': 12314095, 'name': 'temperature c', 'parameter': {'id': 100, 'name': 'temperature', 'units': 'c', 'displayName': 'Temperature (C)'}}, {'id': 12314096, 'name': 'um003 particles/cm³', 'parameter': {'id': 125, 'name': 'um003', 'units': 'particles/cm³', 'displayName': 'PM0.3 count'}}]","[{'id': 41, 'name': 'CC BY 4.0', 'attribution': {'name': 'UNICEF', 'url': None}, 'dateFrom': '2023-07-15', 'dateTo': None}]","[104.983958, 18.185553, 104.983958, 18.185553]",,68,LA,Lao PDR,11271,UNICEF,66,AirGradient,18.185553,104.983958,2025-02-26T11:00:00Z,2025-02-26T18:00:00+07:00,2026-07-03T15:00:00Z,2026-07-03T22:00:00+07:00
3503725,Nhommalath - Khammouan ,,Asia/Vientiane,False,False,"[{'id': 7, 'name': 'Unknown AirGradient Sensor'}]","[{'id': 12314097, 'name': 'pm1 µg/m³', 'parameter': {'id': 19, 'name': 'pm1', 'units': 'µg/m³', 'displayName': 'PM1'}}, {'id': 12314098, 'name': 'pm25 µg/m³', 'parameter': {'id': 2, 'name': 'pm25', 'units': 'µg/m³', 'displayName': 'PM2.5'}}, {'id': 12314099, 'name': 'relativehumidity %', 'parameter': {'id': 98, 'name': 'relativehumidity', 'units': '%', 'displayName': 'RH'}}, {'id': 12314100, 'name': 'temperature c', 'parameter': {'id': 100, 'name': 'temperature', 'units': 'c', 'displayName': 'Temperature (C)'}}, {'id': 12314101, 'name': 'um003 particles/cm³', 'parameter': {'id': 125, 'name': 'um003', 'units': 'particles/cm³', 'displayName': 'PM0.3 count'}}]","[{'id': 41, 'name': 'CC BY 4.0', 'attribution': {'name': 'UNICEF', 'url': None}, 'dateFrom': '2023-07-15', 'dateTo': None}]","[105.170282, 17.614203, 105.170282, 17.614203]",,68,LA,Lao PDR,11271,UNICEF,66,AirGradient,17.614203,105.170282,2025-02-26T11:00:00Z,2025-02-26T18:00:00+07:00,2026-07-03T15:00:00Z,2026-07-03T22:00:00+07:00
3510962,Viengthong - Bolikhamxai,,Asia/Vientiane,False,False,"[{'id': 7, 'name': 'Unknown AirGradient Sensor'}]","[{'id': 12860779, 'name': 'pm1 µg/m³', 'parameter': {'id': 19, 'name': 'pm1', 'units': 'µg/m³', 'displayName': 'PM1'}}, {'id': 12860780, 'name': 'pm25 µg/m³', 'parameter': {'id': 2, 'name': 'pm25', 'units': 'µg/m³', 'displayName': 'PM2.5'}}, {'id': 12860781, 'name': 'relativehumidity %', 'parameter': {'id': 98, 'name': 'relativehumidity', 'units': '%', 'displayName': 'RH'}}, {'id': 12860782, 'name': 'temperature c', 'parameter': {'id': 100, 'name': 'temperature', 'units': 'c', 'displayName': 'Temperature (C)'}}, {'id': 12860783, 'name': 'um003 particles/cm³', 'parameter': {'id': 125, 'name': 'um003', 'units': 'particles/cm³', 'displayName': 'PM0.3 count'}}]","[{'id': 41, 'name': 'CC BY 4.0', 'attribution': {'name': 'UNICEF', 'url': None}, 'dateFrom': '2023-07-15', 'dateTo': None}]","[104.442835, 18.512354, 104.442835, 18.512354]",,68,LA,Lao PDR,11271,UNICEF,66,AirGradient,18.512354,104.442835,2025-04-23T02:00:00Z,2025-04-23T09:00:00+07:00,2026-07-03T15:00:00Z,2026-07-03T22:00:00+07:00
3510963,Nongbok - Khammouan,,Asia/Vientiane,False,False,"[{'id': 7, 'name': 'Unknown AirGradient Sensor'}]","[{'id': 12320591, 'name': 'pm1 µg/m³', 'parameter': {'id': 19, 'name': 'pm1', 'units': 'µg/m³', 'displayName': 'PM1'}}, {'id': 12320592, 'name': 'pm25 µg/m³', 'parameter': {'id': 2, 'name': 'pm25', 'units': 'µg/m³', 'displayName': 'PM2.5'}}, {'id': 12320593, 'name': 'relativehumidity %', 'parameter': {'id': 98, 'name': 'relativehumidity', 'units': '%', 'displayName': 'RH'}}, {'id': 12320594, 'name': 'temperature c', 'parameter': {'id': 100, 'name': 'temperature', 'units': 'c', 'displayName': 'Temperature (C)'}}, {'id': 12320595, 'name': 'um003 particles/cm³', 'parameter': {'id': 125, 'name': 'um003', 'units': 'particles/cm³', 'displayName': 'PM0.3 count'}}]","[{'id': 41, 'name': 'CC BY 4.0', 'attribution': {'name': 'UNICEF', 'url': None}, 'dateFrom': '2023-07-15', 'dateTo': None}]","[104.81156, 16.962416, 104.81156, 16.962416]",,68,LA,Lao PDR,11271,UNICEF,66,AirGradient,16.962416,104.81156,2025-02-27T04:00:00Z,2025-02-27T11:00:00+07:00,2026-07-03T15:00:00Z,2026-07-03T22:00:00+07:00
3510964,Lamarm - Sekong ,,Asia/Vientiane,False,False,"[{'id': 7, 'name': 'Unknown AirGradient Sensor'}]","[{'id': 12320596, 'name': 'pm1 µg/m³', 'parameter': {'id': 19, 'name': 'pm1', 'units': 'µg/m³', 'displayName': 'PM1'}}, {'id': 12320597, 'name': 'pm25 µg/m³', 'parameter': {'id': 2, 'name': 'pm25', 'units': 'µg/m³', 'displayName': 'PM2.5'}}, {'id': 12320598, 'name': 'relativehumidity %', 'parameter': {'id': 98, 'name': 'relativehumidity', 'units': '%', 'displayName': 'RH'}}, {'id': 12320599, 'name': 'temperature c', 'parameter': {'id': 100, 'name': 'temperature', 'units': 'c', 'displayName': 'Temperature (C)'}}, {'id': 12320600, 'name': 'um003 particles/cm³', 'parameter': {'id': 125, 'name': 'um003', 'units': 'particles/cm³', 'displayName': 'PM0.3 count'}}]","[{'id': 41, 'name': 'CC BY 4.0', 'attribution': {'name': 'UNICEF', 'url': None}, 'dateFrom': '2023-07-15', 'dateTo': None}]","[106.722444, 15.352494, 106.722444, 15.352494]",,68,LA,Lao PDR,11271,UNICEF,66,AirGradient,15.352494,106.722444,2025-02-27T03:00:00Z,2025-02-27T10:00:00+07:00,2026-07-03T15:00:00Z,2026-07-03T22:00:00+07:00
3510965,Pak Ou Secondary School - Luangprabang ມັດທະຍົມສົມບູນ ປາກອູ,,Asia/Vientiane,False,False,"[{'id': 7, 'name': 'Unknown AirGradient Sensor'}]","[{'id': 12331114, 'name': 'pm1 µg/m³', 'parameter': {'id': 19, 'name': 'pm1', 'units': 'µg/m³', 'displayName': 'PM1'}}, {'id': 12331115, 'name': 'pm25 µg/m³', 'parameter': {'id': 2, 'name': 'pm25', 'units': 'µg/m³', 'displayName': 'PM2.5'}}, {'id': 12331116, 'name': 'relativehumidity %', 'parameter': {'id': 98, 'name': 'relativehumidity', 'units': '%', 'displayName': 'RH'}}, {'id': 12331117, 'name': 'temperature c', 'parameter': {'id': 100, 'name': 'temperature', 'units': 'c', 'displayName': 'Temperature (C)'}}, {'id': 12331118, 'name': 'um003 particles/cm³', 'parameter': {'id': 125, 'name': 'um003', 'units': 'particles/cm³', 'displayName': 'PM0.3 count'}}]","[{'id': 41, 'name': 'CC BY 4.0', 'attribution': {'name': 'UNICEF', 'url': None}, 'dateFrom': '2023-07-15', 'dateTo': None}]","[102.256569, 20.087592, 102.256569, 20.087592]",,68,LA,Lao PDR,11271,UNICEF,66,AirGradient,20.087592,102.256569,2025-02-28T03:00:00Z,2025-02-28T10:00:00+07:00,2026-07-03T15:00:00Z,2026-07-03T22:00:00+07:00
3511463,"Ngoi Secondary School - Ngoi, Luangprabang ມັດທະຍົມ ເມືອງງອຍ",,Asia/Vientiane,False,False,"[{'id': 7, 'name': 'Unknown AirGradient Sensor'}]","[{'id': 12320919, 'name': 'pm1 µg/m³', 'parameter': {'id': 19, 'name': 'pm1', 'units': 'µg/m³', 'displayName': 'PM1'}}, {'id': 12320920, 'name': 'pm25 µg/m³', 'parameter': {'id': 2, 'name': 'pm25', 'units': 'µg/m³', 'displayName': 'PM2.5'}}, {'id': 12320921, 'name': 'relativehumidity %', 'parameter': {'id': 98, 'name': 'relativehumidity', 'units': '%', 'displayName': 'RH'}}, {'id': 12320922, 'name': 'temperature c', 'parameter': {'id': 100, 'name': 'temperature', 'units': 'c', 'displayName': 'Temperature (C)'}}, {'id': 12320923, 'name': 'um003 particles/cm³', 'parameter': {'id': 125, 'name': 'um003', 'units': 'particles/cm³', 'displayName': 'PM0.3 count'}}]","[{'id': 41, 'name': 'CC BY 4.0', 'attribution': {'name': 'UNICEF', 'url': None}, 'dateFrom': '2023-07-15', 'dateTo': None}]","[102.609436, 20.568968, 102.609436, 20.568968]",,68,LA,Lao PDR,11271,UNICEF,66,AirGradient,20.568968,102.609436,2025-02-27T05:00:00Z,2025-02-27T12:00:00+07:00,2026-07-03T15:00:00Z,2026-07-03T22:00:00+07:00
3513587,"Namthuam Secondary School - Nambark, Luangprabang ມັດທະຍົມສົມບູນ ນ້ຳຖ້ວມ",,Asia/Vientiane,False,False,"[{'id': 7, 'name': 'Unknown AirGradient Sensor'}]","[{'id': 14153970, 'name': 'pm1 µg/m³', 'parameter': {'id': 19, 'name': 'pm1', 'units': 'µg/m³', 'displayName': 'PM1'}}, {'id': 14153971, 'name': 'pm25 µg/m³', 'parameter': {'id': 2, 'name': 'pm25', 'units': 'µg/m³', 'displayName': 'PM2.5'}}, {'id': 14153972, 'name': 'relativehumidity %', 'parameter': {'id': 98, 'name': 'relativehumidity', 'units': '%', 'displayName': 'RH'}}, {'id': 14153973, 'name': 'temperature c', 'parameter': {'id': 100, 'name': 'temperature', 'units': 'c', 'displayName': 'Temperature (C)'}}, {'id': 14153974, 'name': 'um003 particles/cm³', 'parameter': {'id': 125, 'name': 'um003', 'units': 'particles/cm³', 'displayName': 'PM0.3 count'}}]","[{'id': 41, 'name': 'CC BY 4.0', 'attribution': {'name': 'UNICEF', 'url': None}, 'dateFrom': '2023-07-15', 'dateTo': None}]","[102.357481, 20.496386, 102.357481, 20.496386]",,68,LA,Lao PDR,11271,UNICEF,66,AirGradient,20.496386,102.357481,2025-09-19T00:00:00Z,2025-09-19T07:00:00+07:00,2026-07-03T15:00:00Z,2026-07-03T22:00:00+07:00
3524548,"Natoon Secondary School - Khua, Phongsaly ມັດທະຍົມສົມບູນ ນາຕູ່ນ",,Asia/Vientiane,False,False,"[{'id': 7, 'name': 'Unknown AirGradient Sensor'}]","[{'id': 12331752, 'name': 'pm1 µg/m³', 'parameter': {'id': 19, 'name': 'pm1', 'units': 'µg/m³', 'displayName': 'PM1'}}, {'id': 12331753, 'name': 'pm25 µg/m³', 'parameter': {'id': 2, 'name': 'pm25', 'units': 'µg/m³', 'displayName': 'PM2.5'}}, {'id': 12331754, 'name': 'relativehumidity %', 'parameter': {'id': 98, 'name': 'relativehumidity', 'units': '%', 'displayName': 'RH'}}, {'id': 12331755, 'name': 'temperature c', 'parameter': {'id': 100, 'name': 'temperature', 'units': 'c', 'displayName': 'Temperature (C)'}}, {'id': 12331756, 'name': 'um003 particles/cm³', 'parameter': {'id': 125, 'name': 'um003', 'units': 'particles/cm³', 'displayName': 'PM0.3 count'}}]","[{'id': 41, 'name': 'CC BY 4.0', 'attribution': {'name': 'UNICEF', 'url': None}, 'dateFrom': '2023-07-15', 'dateTo': None}]","[102.505833, 21.078865, 102.505833, 21.078865]",,68,LA,Lao PDR,11271,UNICEF,66,AirGradient,21.078865,102.505833,2025-02-28T05:00:00Z,2025-02-28T12:00:00+07:00,2026-07-03T15:00:00Z,2026-07-03T22:00:00+07:00
3524549,Pek - Xiengkhouang,,Asia/Vientiane,False,False,"[{'id': 7, 'name': 'Unknown AirGradient Sensor'}]","[{'id': 12331757, 'name': 'pm1 µg/m³', 'parameter': {'id': 19, 'name': 'pm1', 'units': 'µg/m³', 'displayName': 'PM1'}}, {'id': 12331758, 'name': 'pm25 µg/m³', 'parameter': {'id': 2, 'name': 'pm25', 'units': 'µg/m³', 'displayName': 'PM2.5'}}, {'id': 12331759, 'name': 'relativehumidity %', 'parameter': {'id': 98, 'name': 'relativehumidity', 'units': '%', 'displayName': 'RH'}}, {'id': 12331760, 'name': 'temperature c', 'parameter': {'id': 100, 'name': 'temperature', 'units': 'c', 'displayName': 'Temperature (C)'}}, {'id': 12331761, 'name': 'um003 particles/cm³', 'parameter': {'id': 125, 'name': 'um003', 'units': 'particles/cm³', 'displayName': 'PM0.3 count'}}]","[{'id': 41, 'name': 'CC BY 4.0', 'attribution': {'name': 'UNICEF', 'url': None}, 'dateFrom': '2023-07-15', 'dateTo': None}]","[103.205788, 19.444636, 103.205788, 19.444636]",,68,LA,Lao PDR,11271,UNICEF,66,AirGradient,19.444636,103.205788,2025-02-28T04:00:00Z,2025-02-28T11:00:00+07:00,2026-04-20T21:00:00Z,2026-04-21T04:00:00+07:00
3524550,"NamOn Secondary School - Xaychamphone, Borikhamxai ມັດທະຍົມ ນຳ້ອ້ອນ",,Asia/Vientiane,False,False,"[{'id': 7, 'name': 'Unknown AirGradient Sensor'}]","[{'id': 12331762, 'name': 'pm1 µg/m³', 'parameter': {'id': 19, 'name': 'pm1', 'units': 'µg/m³', 'displayName': 'PM1'}}, {'id': 12331763, 'name': 'pm25 µg/m³', 'parameter': {'id': 2, 'name': 'pm25', 'units': 'µg/m³', 'displayName': 'PM2.5'}}, {'id': 12331764, 'name': 'relativehumidity %', 'parameter': {'id': 98, 'name': 'relativehumidity', 'units': '%', 'displayName': 'RH'}}, {'id': 12331765, 'name': 'temperature c', 'parameter': {'id': 100, 'name': 'temperature', 'units': 'c', 'displayName': 'Temperature (C)'}}, {'id': 12331766, 'name': 'um003 particles/cm³', 'parameter': {'id': 125, 'name': 'um003', 'units': 'particles/cm³', 'displayName': 'PM0.3 count'}}]","[{'id': 41, 'name': 'CC BY 4.0', 'attribution': {'name': 'UNICEF', 'url': None}, 'dateFrom': '2023-07-15', 'dateTo': None}]","[104.981947, 18.577559, 104.981947, 18.577559]",,68,LA,Lao PDR,11271,UNICEF,66,AirGradient,18.577559,104.981947,2025-02-28T04:00:00Z,2025-02-28T11:00:00+07:00,2026-05-27T02:00:00Z,2026-05-27T09:00:00+07:00
3524551,Mahaxay - Khammouan,,Asia/Vientiane,False,False,"[{'id': 7, 'name': 'Unknown AirGradient Sensor'}]","[{'id': 12331767, 'name': 'pm1 µg/m³', 'parameter': {'id': 19, 'name': 'pm1', 'units': 'µg/m³', 'displayName': 'PM1'}}, {'id': 12331768, 'name': 'pm25 µg/m³', 'parameter': {'id': 2, 'name': 'pm25', 'units': 'µg/m³', 'displayName': 'PM2.5'}}, {'id': 12331769, 'name': 'relativehumidity %', 'parameter': {'id': 98, 'name': 'relativehumidity', 'units': '%', 'displayName': 'RH'}}, {'id': 12331770, 'name': 'temperature c', 'parameter': {'id': 100, 'name': 'temperature', 'units': 'c', 'displayName': 'Temperature (C)'}}, {'id': 12331771, 'name': 'um003 particles/cm³', 'parameter': {'id': 125, 'name': 'um003', 'units': 'particles/cm³', 'displayName': 'PM0.3 count'}}]","[{'id': 41, 'name': 'CC BY 4.0', 'attribution': {'name': 'UNICEF', 'url': None}, 'dateFrom': '2023-07-15', 'dateTo': None}]","[105.160169, 17.457352, 105.160169, 17.457352]",,68,LA,Lao PDR,11271,UNICEF,66,AirGradient,17.457352,105.160169,2025-02-28T04:00:00Z,2025-02-28T11:00:00+07:00,2026-07-03T15:00:00Z,2026-07-03T22:00:00+07:00
3524552,"Hinboon Secondary School - Hinboon, Khammouane ມັດທະຍົມສົມບູນ ຫີນບູນ",,Asia/Vientiane,False,False,"[{'id': 7, 'name': 'Unknown AirGradient Sensor'}]","[{'id': 12331772, 'name': 'pm1 µg/m³', 'parameter': {'id': 19, 'name': 'pm1', 'units': 'µg/m³', 'displayName': 'PM1'}}, {'id': 12331773, 'name': 'pm25 µg/m³', 'parameter': {'id': 2, 'name': 'pm25', 'units': 'µg/m³', 'displayName': 'PM2.5'}}, {'id': 12331774, 'name': 'relativehumidity %', 'parameter': {'id': 98, 'name': 'relativehumidity', 'units': '%', 'displayName': 'RH'}}, {'id': 12331775, 'name': 'temperature c', 'parameter': {'id': 100, 'name': 'temperature', 'units': 'c', 'displayName': 'Temperature (C)'}}, {'id': 12331776, 'name': 'um003 particles/cm³', 'parameter': {'id': 125, 'name': 'um003', 'units': 'particles/cm³', 'displayName': 'PM0.3 count'}}]","[{'id': 41, 'name': 'CC BY 4.0', 'attribution': {'name': 'UNICEF', 'url': None}, 'dateFrom': '2023-07-15', 'dateTo': None}]","[104.581724, 17.721875, 104.581724, 17.721875]",,68,LA,Lao PDR,11271,UNICEF,66,AirGradient,17.721875,104.581724,2025-02-28T04:00:00Z,2025-02-28T11:00:00+07:00,2026-07-03T15:00:00Z,2026-07-03T22:00:00+07:00
3524553,Thateng -Sekong,,Asia/Vientiane,False,False,"[{'id': 7, 'name': 'Unknown AirGradient Sensor'}]","[{'id': 12331777, 'name': 'pm1 µg/m³', 'parameter': {'id': 19, 'name': 'pm1', 'units': 'µg/m³', 'displayName': 'PM1'}}, {'id': 12331778, 'name': 'pm25 µg/m³', 'parameter': {'id': 2, 'name': 'pm25', 'units': 'µg/m³', 'displayName': 'PM2.5'}}, {'id': 12331779, 'name': 'relativehumidity %', 'parameter': {'id': 98, 'name': 'relativehumidity', 'units': '%', 'displayName': 'RH'}}, {'id': 12331780, 'name': 'temperature c', 'parameter': {'id': 100, 'name': 'temperature', 'units': 'c', 'displayName': 'Temperature (C)'}}, {'id': 12331781, 'name': 'um003 particles/cm³', 'parameter': {'id': 125, 'name': 'um003', 'units': 'particles/cm³', 'displayName': 'PM0.3 count'}}]","[{'id': 41, 'name': 'CC BY 4.0', 'attribution': {'name': 'UNICEF', 'url': None}, 'dateFrom': '2023-07-15', 'dateTo': None}]","[106.382399, 15.434018, 106.382399, 15.434018]",,68,LA,Lao PDR,11271,UNICEF,66,AirGradient,15.434018,106.382399,2025-02-28T04:00:00Z,2025-02-28T11:00:00+07:00,2026-07-03T15:00:00Z,2026-07-03T22:00:00+07:00
3539279,"Viengkham Secondary School - Viengkham, Luangprabang ມັດທະຍົມສົມບູນ ວຽງຄຳ",,Asia/Vientiane,False,False,"[{'id': 7, 'name': 'Unknown AirGradient Sensor'}]","[{'id': 14153975, 'name': 'pm1 µg/m³', 'parameter': {'id': 19, 'name': 'pm1', 'units': 'µg/m³', 'displayName': 'PM1'}}, {'id': 14153976, 'name': 'pm25 µg/m³', 'parameter': {'id': 2, 'name': 'pm25', 'units': 'µg/m³', 'displayName': 'PM2.5'}}, {'id': 14153977, 'name': 'relativehumidity %', 'parameter': {'id': 98, 'name': 'relativehumidity', 'units': '%', 'displayName': 'RH'}}, {'id': 14153978, 'name': 'temperature c', 'parameter': {'id': 100, 'name': 'temperature', 'units': 'c', 'displayName': 'Temperature (C)'}}, {'id': 14153979, 'name': 'um003 particles/cm³', 'parameter': {'id': 125, 'name': 'um003', 'units': 'particles/cm³', 'displayName': 'PM0.3 count'}}]","[{'id': 41, 'name': 'CC BY 4.0', 'attribution': {'name': 'Unknown Person', 'url': None}, 'dateFrom': '2023-07-15', 'dateTo': None}]","[102.881428, 20.465668, 102.881428, 20.465668]",,68,LA,Lao PDR,11509,Unknown Person,66,AirGradient,20.465668,102.881428,2025-09-19T01:00:00Z,2025-09-19T08:00:00+07:00,2026-06-26T14:00:00Z,2026-06-26T21:00:00+07:00
3539280,"Longsane Secondary School - Longsane , Xaysomboun ມັດທະຍົມສົມບຸນ ລ້ອງຊານ",,Asia/Vientiane,False,False,"[{'id': 7, 'name': 'Unknown AirGradient Sensor'}]","[{'id': 12391264, 'name': 'pm1 µg/m³', 'parameter': {'id': 19, 'name': 'pm1', 'units': 'µg/m³', 'displayName': 'PM1'}}, {'id': 12391265, 'name': 'pm25 µg/m³', 'parameter': {'id': 2, 'name': 'pm25', 'units': 'µg/m³', 'displayName': 'PM2.5'}}, {'id': 12391266, 'name': 'relativehumidity %', 'parameter': {'id': 98, 'name': 'relativehumidity', 'units': '%', 'displayName': 'RH'}}, {'id': 12391267, 'name': 'temperature c', 'parameter': {'id': 100, 'name': 'temperature', 'units': 'c', 'displayName': 'Temperature (C)'}}, {'id': 12391268, 'name': 'um003 particles/cm³', 'parameter': {'id': 125, 'name': 'um003', 'units': 'particles/cm³', 'displayName': 'PM0.3 count'}}]","[{'id': 41, 'name': 'CC BY 4.0', 'attribution': {'name': 'UNICEF', 'url': None}, 'dateFrom': '2023-07-15', 'dateTo': None}]","[103.003076, 18.550145, 103.003076, 18.550145]",,68,LA,Lao PDR,11271,UNICEF,66,AirGradient,18.550145,103.003076,2025-03-06T03:00:00Z,2025-03-06T10:00:00+07:00,2026-07-03T15:00:00Z,2026-07-03T22:00:00+07:00
3539838,"Phasang Secondary School - Fueng, Vientiane Province ມັດທະຍົມ ຜາສັງ",,Asia/Vientiane,False,False,"[{'id': 7, 'name': 'Unknown AirGradient Sensor'}]","[{'id': 14153980, 'name': 'pm1 µg/m³', 'parameter': {'id': 19, 'name': 'pm1', 'units': 'µg/m³', 'displayName': 'PM1'}}, {'id': 14153981, 'name': 'pm25 µg/m³', 'parameter': {'id': 2, 'name': 'pm25', 'units': 'µg/m³', 'displayName': 'PM2.5'}}, {'id': 14153982, 'name': 'relativehumidity %', 'parameter': {'id': 98, 'name': 'relativehumidity', 'units': '%', 'displayName': 'RH'}}, {'id': 14153983, 'name': 'temperature c', 'parameter': {'id': 100, 'name': 'temperature', 'units': 'c', 'displayName': 'Temperature (C)'}}, {'id': 14153984, 'name': 'um003 particles/cm³', 'parameter': {'id': 125, 'name': 'um003', 'units': 'particles/cm³', 'displayName': 'PM0.3 count'}}]","[{'id': 41, 'name': 'CC BY 4.0', 'attribution': {'name': 'UNICEF', 'url': None}, 'dateFrom': '2023-07-15', 'dateTo': None}]","[101.97909, 18.47336, 101.97909, 18.47336]",,68,LA,Lao PDR,11271,UNICEF,66,AirGradient,18.47336,101.97909,2025-09-19T00:00:00Z,2025-09-19T07:00:00+07:00,2026-07-03T15:00:00Z,2026-07-03T22:00:00+07:00
3553302,"Municipality Secondary School - Namtha, Luangnamtha ມັດທະຍົມສົມບູນ ເທດສະບານ",,Asia/Vientiane,False,False,"[{'id': 7, 'name': 'Unknown AirGradient Sensor'}]","[{'id': 14153960, 'name': 'pm1 µg/m³', 'parameter': {'id': 19, 'name': 'pm1', 'units': 'µg/m³', 'displayName': 'PM1'}}, {'id': 14153961, 'name': 'pm25 µg/m³', 'parameter': {'id': 2, 'name': 'pm25', 'units': 'µg/m³', 'displayName': 'PM2.5'}}, {'id': 14153962, 'name': 'relativehumidity %', 'parameter': {'id': 98, 'name': 'relativehumidity', 'units': '%', 'displayName': 'RH'}}, {'id': 14153963, 'name': 'temperature c', 'parameter': {'id': 100, 'name': 'temperature', 'units': 'c', 'displayName': 'Temperature (C)'}}, {'id': 14153964, 'name': 'um003 particles/cm³', 'parameter': {'id': 125, 'name': 'um003', 'units': 'particles/cm³', 'displayName': 'PM0.3 count'}}]","[{'id': 41, 'name': 'CC BY 4.0', 'attribution': {'name': 'UNICEF', 'url': None}, 'dateFrom': '2023-07-15', 'dateTo': None}]","[101.402989, 21.001687, 101.402989, 21.001687]",,68,LA,Lao PDR,11271,UNICEF,66,AirGradient,21.001687,101.402989,2025-09-19T00:00:00Z,2025-09-19T07:00:00+07:00,2026-07-03T15:00:00Z,2026-07-03T22:00:00+07:00
3553303,"Vangxieng Secondary School - Phonthong, Luangprabang ມັດທະຍົມ ວັງຊຽງ",,Asia/Vientiane,False,False,"[{'id': 7, 'name': 'Unknown AirGradient Sensor'}]","[{'id': 12401330, 'name': 'pm1 µg/m³', 'parameter': {'id': 19, 'name': 'pm1', 'units': 'µg/m³', 'displayName': 'PM1'}}, {'id': 12401331, 'name': 'pm25 µg/m³', 'parameter': {'id': 2, 'name': 'pm25', 'units': 'µg/m³', 'displayName': 'PM2.5'}}, {'id': 12401332, 'name': 'relativehumidity %', 'parameter': {'id': 98, 'name': 'relativehumidity', 'units': '%', 'displayName': 'RH'}}, {'id': 12401333, 'name': 'temperature c', 'parameter': {'id': 100, 'name': 'temperature', 'units': 'c', 'displayName': 'Temperature (C)'}}, {'id': 12401334, 'name': 'um003 particles/cm³', 'parameter': {'id': 125, 'name': 'um003', 'units': 'particles/cm³', 'displayName': 'PM0.3 count'}}]","[{'id': 41, 'name': 'CC BY 4.0', 'attribution': {'name': 'UNICEF', 'url': None}, 'dateFrom': '2023-07-15', 'dateTo': None}]","[103.073231, 20.737745, 103.073231, 20.737745]",,68,LA,Lao PDR,11271,UNICEF,66,AirGradient,20.737745,103.073231,2025-03-07T05:00:00Z,2025-03-07T12:00:00+07:00,2026-07-03T15:00:00Z,2026-07-03T22:00:00+07:00
3553304,"Ekaphab Secondary School - Xayabury, Xayabury ມັດທະຍົມ ເອກະພາບ",,Asia/Vientiane,False,False,"[{'id': 7, 'name': 'Unknown AirGradient Sensor'}]","[{'id': 12370642, 'name': 'pm1 µg/m³', 'parameter': {'id': 19, 'name': 'pm1', 'units': 'µg/m³', 'displayName': 'PM1'}}, {'id': 12370643, 'name': 'pm25 µg/m³', 'parameter': {'id': 2, 'name': 'pm25', 'units': 'µg/m³', 'displayName': 'PM2.5'}}, {'id': 12370644, 'name': 'relativehumidity %', 'parameter': {'id': 98, 'name': 'relativehumidity', 'units': '%', 'displayName': 'RH'}}, {'id': 12370645, 'name': 'temperature c', 'parameter': {'id': 100, 'name': 'temperature', 'units': 'c', 'displayName': 'Temperature (C)'}}, {'id': 12370646, 'name': 'um003 particles/cm³', 'parameter': {'id': 125, 'name': 'um003', 'units': 'particles/cm³', 'displayName': 'PM0.3 count'}}]","[{'id': 41, 'name': 'CC BY 4.0', 'attribution': {'name': 'UNICEF', 'url': None}, 'dateFrom': '2023-07-15', 'dateTo': None}]","[101.714751, 19.237566, 101.714751, 19.237566]",,68,LA,Lao PDR,11271,UNICEF,66,AirGradient,19.237566,101.714751,2025-03-04T03:00:00Z,2025-03-04T10:00:00+07:00,2026-07-03T15:00:00Z,2026-07-03T22:00:00+07:00
3553305,"Xaysomboun Secondary School - Anouvong, Xaysomboun ມັດທະຍົມສົມບູນ ໄຊສົມບູນ",,Asia/Vientiane,False,False,"[{'id': 7, 'name': 'Unknown AirGradient Sensor'}]","[{'id': 14152444, 'name': 'pm1 µg/m³', 'parameter': {'id': 19, 'name': 'pm1', 'units': 'µg/m³', 'displayName': 'PM1'}}, {'id': 14152445, 'name': 'pm25 µg/m³', 'parameter': {'id': 2, 'name': 'pm25', 'units': 'µg/m³', 'displayName': 'PM2.5'}}, {'id': 14152446, 'name': 'relativehumidity %', 'parameter': {'id': 98, 'name': 'relativehumidity', 'units': '%', 'displayName': 'RH'}}, {'id': 14152447, 'name': 'temperature c', 'parameter': {'id': 100, 'name': 'temperature', 'units': 'c', 'displayName': 'Temperature (C)'}}, {'id': 14152448, 'name': 'um003 particles/cm³', 'parameter': {'id': 125, 'name': 'um003', 'units': 'particles/cm³', 'displayName': 'PM0.3 count'}}]","[{'id': 41, 'name': 'CC BY 4.0', 'attribution': {'name': 'UNICEF', 'url': None}, 'dateFrom': '2023-07-15', 'dateTo': None}]","[103.09426, 18.904741, 103.09426, 18.904741]",,68,LA,Lao PDR,11271,UNICEF,66,AirGradient,18.904741,103.09426,2025-09-19T00:00:00Z,2025-09-19T07:00:00+07:00,2026-07-03T15:00:00Z,2026-07-03T22:00:00+07:00
3560430,"Parkton Secondary School - Sangthong, Vientiane Capital ມັດທະຍົມ ປາກຕອນ",,Asia/Vientiane,False,False,"[{'id': 7, 'name': 'Unknown AirGradient Sensor'}]","[{'id': 14153945, 'name': 'pm1 µg/m³', 'parameter': {'id': 19, 'name': 'pm1', 'units': 'µg/m³', 'displayName': 'PM1'}}, {'id': 14153946, 'name': 'pm25 µg/m³', 'parameter': {'id': 2, 'name': 'pm25', 'units': 'µg/m³', 'displayName': 'PM2.5'}}, {'id': 14153947, 'name': 'relativehumidity %', 'parameter': {'id': 98, 'name': 'relativehumidity', 'units': '%', 'displayName': 'RH'}}, {'id': 14153948, 'name': 'temperature c', 'parameter': {'id': 100, 'name': 'temperature', 'units': 'c', 'displayName': 'Temperature (C)'}}, {'id': 14153949, 'name': 'um003 particles/cm³', 'parameter': {'id': 125, 'name': 'um003', 'units': 'particles/cm³', 'displayName': 'PM0.3 count'}}]","[{'id': 41, 'name': 'CC BY 4.0', 'attribution': {'name': 'UNICEF', 'url': None}, 'dateFrom': '2023-07-15', 'dateTo': None}]","[102.278904, 18.094799, 102.278904, 18.094799]",,68,LA,Lao PDR,11271,UNICEF,66,AirGradient,18.094799,102.278904,2025-09-19T02:00:00Z,2025-09-19T09:00:00+07:00,2026-07-03T15:00:00Z,2026-07-03T22:00:00+07:00
3560431,"Kenethao Secondary School - Kenethao, Xayabury ມັດທະຍົມສົມບຸນ ແກ່ນທ້າວ",,Asia/Vientiane,False,False,"[{'id': 7, 'name': 'Unknown AirGradient Sensor'}]","[{'id': 12391269, 'name': 'pm1 µg/m³', 'parameter': {'id': 19, 'name': 'pm1', 'units': 'µg/m³', 'displayName': 'PM1'}}, {'id': 12391270, 'name': 'pm25 µg/m³', 'parameter': {'id': 2, 'name': 'pm25', 'units': 'µg/m³', 'displayName': 'PM2.5'}}, {'id': 12391271, 'name': 'relativehumidity %', 'parameter': {'id': 98, 'name': 'relativehumidity', 'units': '%', 'displayName': 'RH'}}, {'id': 12391272, 'name': 'temperature c', 'parameter': {'id': 100, 'name': 'temperature', 'units': 'c', 'displayName': 'Temperature (C)'}}, {'id': 12391273, 'name': 'um003 particles/cm³', 'parameter': {'id': 125, 'name': 'um003', 'units': 'particles/cm³', 'displayName': 'PM0.3 count'}}]","[{'id': 41, 'name': 'CC BY 4.0', 'attribution': {'name': 'UNICEF', 'url': None}, 'dateFrom': '2023-07-15', 'dateTo': None}]","[101.403471, 17.740569, 101.403471, 17.740569]",,68,LA,Lao PDR,11271,UNICEF,66,AirGradient,17.740569,101.403471,2025-03-06T03:00:00Z,2025-03-06T10:00:00+07:00,2026-06-20T00:00:00Z,2026-06-20T07:00:00+07:00
3560513,"Chomphet Seconbdary School - Khoune, Xiengkhuang ມັດທະຍົມ ຈອມເພັດ",,Asia/Vientiane,False,False,"[{'id': 7, 'name': 'Unknown AirGradient Sensor'}]","[{'id': 12860774, 'name': 'pm1 µg/m³', 'parameter': {'id': 19, 'name': 'pm1', 'units': 'µg/m³', 'displayName': 'PM1'}}, {'id': 12860775, 'name': 'pm25 µg/m³', 'parameter': {'id': 2, 'name': 'pm25', 'units': 'µg/m³', 'displayName': 'PM2.5'}}, {'id': 12860776, 'name': 'relativehumidity %', 'parameter': {'id': 98, 'name': 'relativehumidity', 'units': '%', 'displayName': 'RH'}}, {'id': 12860777, 'name': 'temperature c', 'parameter': {'id': 100, 'name': 'temperature', 'units': 'c', 'displayName': 'Temperature (C)'}}, {'id': 12860778, 'name': 'um003 particles/cm³', 'parameter': {'id': 125, 'name': 'um003', 'units': 'particles/cm³', 'displayName': 'PM0.3 count'}}]","[{'id': 41, 'name': 'CC BY 4.0', 'attribution': {'name': 'UNICEF', 'url': None}, 'dateFrom': '2023-07-15', 'dateTo': None}]","[103.371433, 19.340999, 103.371433, 19.340999]",,68,LA,Lao PDR,11271,UNICEF,66,AirGradient,19.340999,103.371433,2025-04-23T02:00:00Z,2025-04-23T09:00:00+07:00,2026-07-03T15:00:00Z,2026-07-03T22:00:00+07:00
3560514,"Phameuang Secondary School - Bolikhanh, Borikhamxay ມັດທະຍົມ ຜາເມືອງ",,Asia/Vientiane,False,False,"[{'id': 7, 'name': 'Unknown AirGradient Sensor'}]","[{'id': 14153990, 'name': 'pm1 µg/m³', 'parameter': {'id': 19, 'name': 'pm1', 'units': 'µg/m³', 'displayName': 'PM1'}}, {'id': 14153991, 'name': 'pm25 µg/m³', 'parameter': {'id': 2, 'name': 'pm25', 'units': 'µg/m³', 'displayName': 'PM2.5'}}, {'id': 14153992, 'name': 'relativehumidity %', 'parameter': {'id': 98, 'name': 'relativehumidity', 'units': '%', 'displayName': 'RH'}}, {'id': 14153993, 'name': 'temperature c', 'parameter': {'id': 100, 'name': 'temperature', 'units': 'c', 'displayName': 'Temperature (C)'}}, {'id': 14153994, 'name': 'um003 particles/cm³', 'parameter': {'id': 125, 'name': 'um003', 'units': 'particles/cm³', 'displayName': 'PM0.3 count'}}]","[{'id': 41, 'name': 'CC BY 4.0', 'attribution': {'name': 'UNICEF', 'url': None}, 'dateFrom': '2023-07-15', 'dateTo': None}]","[103.688187, 18.746772, 103.688187, 18.746772]",,68,LA,Lao PDR,11271,UNICEF,66,AirGradient,18.746772,103.688187,2025-09-19T00:00:00Z,2025-09-19T07:00:00+07:00,2026-07-03T15:00:00Z,2026-07-03T22:00:00+07:00
3560515,"Nakang Secondary School - Khounkham, Khammouane ມັດທະຍົມສົມບູນ ນາກາງ",,Asia/Vientiane,False,False,"[{'id': 7, 'name': 'Unknown AirGradient Sensor'}]","[{'id': 12381003, 'name': 'pm1 µg/m³', 'parameter': {'id': 19, 'name': 'pm1', 'units': 'µg/m³', 'displayName': 'PM1'}}, {'id': 12381004, 'name': 'pm25 µg/m³', 'parameter': {'id': 2, 'name': 'pm25', 'units': 'µg/m³', 'displayName': 'PM2.5'}}, {'id': 12381005, 'name': 'relativehumidity %', 'parameter': {'id': 98, 'name': 'relativehumidity', 'units': '%', 'displayName': 'RH'}}, {'id': 12381006, 'name': 'temperature c', 'parameter': {'id': 100, 'name': 'temperature', 'units': 'c', 'displayName': 'Temperature (C)'}}, {'id': 12381007, 'name': 'um003 particles/cm³', 'parameter': {'id': 125, 'name': 'um003', 'units': 'particles/cm³', 'displayName': 'PM0.3 count'}}]","[{'id': 41, 'name': 'CC BY 4.0', 'attribution': {'name': 'UNICEF', 'url': None}, 'dateFrom': '2023-07-15', 'dateTo': None}]","[104.65357, 18.02845, 104.65357, 18.02845]",,68,LA,Lao PDR,11271,UNICEF,66,AirGradient,18.02845,104.65357,2025-03-05T03:00:00Z,2025-03-05T10:00:00+07:00,2026-06-15T03:00:00Z,2026-06-15T10:00:00+07:00
3561013,"Sithanaxay Secondary School - Parkxane, Borikhamxay ມັດທະຍົມສົົມບູນ ສີທ່ານາໄຊ",,Asia/Vientiane,False,False,"[{'id': 7, 'name': 'Unknown AirGradient Sensor'}]","[{'id': 14153985, 'name': 'pm1 µg/m³', 'parameter': {'id': 19, 'name': 'pm1', 'units': 'µg/m³', 'displayName': 'PM1'}}, {'id': 14153986, 'name': 'pm25 µg/m³', 'parameter': {'id': 2, 'name': 'pm25', 'units': 'µg/m³', 'displayName': 'PM2.5'}}, {'id': 14153987, 'name': 'relativehumidity %', 'parameter': {'id': 98, 'name': 'relativehumidity', 'units': '%', 'displayName': 'RH'}}, {'id': 14153988, 'name': 'temperature c', 'parameter': {'id': 100, 'name': 'temperature', 'units': 'c', 'displayName': 'Temperature (C)'}}, {'id': 14153989, 'name': 'um003 particles/cm³', 'parameter': {'id': 125, 'name': 'um003', 'units': 'particles/cm³', 'displayName': 'PM0.3 count'}}]","[{'id': 41, 'name': 'CC BY 4.0', 'attribution': {'name': 'UNICEF', 'url': None}, 'dateFrom': '2023-07-15', 'dateTo': None}]","[103.689146, 18.403727, 103.689146, 18.403727]",,68,LA,Lao PDR,11271,UNICEF,66,AirGradient,18.403727,103.689146,2025-09-19T00:00:00Z,2025-09-19T07:00:00+07:00,2026-07-03T15:00:00Z,2026-07-03T22:00:00+07:00
3562555,"Nan Secondary School - Nan, Luangprabang ມັດທະຍົມ ເມືອງນານ",,Asia/Vientiane,False,False,"[{'id': 7, 'name': 'Unknown AirGradient Sensor'}]","[{'id': 12380998, 'name': 'pm1 µg/m³', 'parameter': {'id': 19, 'name': 'pm1', 'units': 'µg/m³', 'displayName': 'PM1'}}, {'id': 12380999, 'name': 'pm25 µg/m³', 'parameter': {'id': 2, 'name': 'pm25', 'units': 'µg/m³', 'displayName': 'PM2.5'}}, {'id': 12381000, 'name': 'relativehumidity %', 'parameter': {'id': 98, 'name': 'relativehumidity', 'units': '%', 'displayName': 'RH'}}, {'id': 12381001, 'name': 'temperature c', 'parameter': {'id': 100, 'name': 'temperature', 'units': 'c', 'displayName': 'Temperature (C)'}}, {'id': 12381002, 'name': 'um003 particles/cm³', 'parameter': {'id': 125, 'name': 'um003', 'units': 'particles/cm³', 'displayName': 'PM0.3 count'}}]","[{'id': 41, 'name': 'CC BY 4.0', 'attribution': {'name': 'UNICEF', 'url': None}, 'dateFrom': '2023-07-15', 'dateTo': None}]","[101.883867, 19.498539, 101.883867, 19.498539]",,68,LA,Lao PDR,11271,UNICEF,66,AirGradient,19.498539,101.883867,2025-03-05T03:00:00Z,2025-03-05T10:00:00+07:00,2026-07-03T15:00:00Z,2026-07-03T22:00:00+07:00
3562556,"Viengxay Secondary School - Viengxay, Houaphan ມັດທະຍົມສົມບູນ ເມືອງວຽງໄຊ",,Asia/Vientiane,False,False,"[{'id': 7, 'name': 'Unknown AirGradient Sensor'}]","[{'id': 12860759, 'name': 'pm1 µg/m³', 'parameter': {'id': 19, 'name': 'pm1', 'units': 'µg/m³', 'displayName': 'PM1'}}, {'id': 12860760, 'name': 'pm25 µg/m³', 'parameter': {'id': 2, 'name': 'pm25', 'units': 'µg/m³', 'displayName': 'PM2.5'}}, {'id': 12860761, 'name': 'relativehumidity %', 'parameter': {'id': 98, 'name': 'relativehumidity', 'units': '%', 'displayName': 'RH'}}, {'id': 12860762, 'name': 'temperature c', 'parameter': {'id': 100, 'name': 'temperature', 'units': 'c', 'displayName': 'Temperature (C)'}}, {'id': 12860763, 'name': 'um003 particles/cm³', 'parameter': {'id': 125, 'name': 'um003', 'units': 'particles/cm³', 'displayName': 'PM0.3 count'}}]","[{'id': 41, 'name': 'CC BY 4.0', 'attribution': {'name': 'UNICEF', 'url': None}, 'dateFrom': '2023-07-15', 'dateTo': None}]","[104.221218, 20.405402, 104.221218, 20.405402]",,68,LA,Lao PDR,11271,UNICEF,66,AirGradient,20.405402,104.221218,2025-04-23T02:00:00Z,2025-04-23T09:00:00+07:00,2026-07-03T15:00:00Z,2026-07-03T22:00:00+07:00
3562557,"Lardkhai Secondary School - Phaxay, Xiengkhouang ມັດທະຍົມ ລາດຄ້າຍ",,Asia/Vientiane,False,False,"[{'id': 7, 'name': 'Unknown AirGradient Sensor'}]","[{'id': 12391274, 'name': 'pm1 µg/m³', 'parameter': {'id': 19, 'name': 'pm1', 'units': 'µg/m³', 'displayName': 'PM1'}}, {'id': 12391275, 'name': 'pm25 µg/m³', 'parameter': {'id': 2, 'name': 'pm25', 'units': 'µg/m³', 'displayName': 'PM2.5'}}, {'id': 12391276, 'name': 'relativehumidity %', 'parameter': {'id': 98, 'name': 'relativehumidity', 'units': '%', 'displayName': 'RH'}}, {'id': 12391277, 'name': 'temperature c', 'parameter': {'id': 100, 'name': 'temperature', 'units': 'c', 'displayName': 'Temperature (C)'}}, {'id': 12391278, 'name': 'um003 particles/cm³', 'parameter': {'id': 125, 'name': 'um003', 'units': 'particles/cm³', 'displayName': 'PM0.3 count'}}]","[{'id': 41, 'name': 'CC BY 4.0', 'attribution': {'name': 'UNICEF', 'url': None}, 'dateFrom': '2023-07-15', 'dateTo': None}]","[103.133374, 19.29915, 103.133374, 19.29915]",,68,LA,Lao PDR,11271,UNICEF,66,AirGradient,19.29915,103.133374,2025-03-06T03:00:00Z,2025-03-06T10:00:00+07:00,2026-07-03T15:00:00Z,2026-07-03T22:00:00+07:00
3567155,Mayparkngum - Vientiane Capital,,Asia/Vientiane,False,False,"[{'id': 7, 'name': 'Unknown AirGradient Sensor'}]","[{'id': 12365218, 'name': 'pm1 µg/m³', 'parameter': {'id': 19, 'name': 'pm1', 'units': 'µg/m³', 'displayName': 'PM1'}}, {'id': 12365219, 'name': 'pm25 µg/m³', 'parameter': {'id': 2, 'name': 'pm25', 'units': 'µg/m³', 'displayName': 'PM2.5'}}, {'id': 12365220, 'name': 'relativehumidity %', 'parameter': {'id': 98, 'name': 'relativehumidity', 'units': '%', 'displayName': 'RH'}}, {'id': 12365221, 'name': 'temperature c', 'parameter': {'id': 100, 'name': 'temperature', 'units': 'c', 'displayName': 'Temperature (C)'}}, {'id': 12365222, 'name': 'um003 particles/cm³', 'parameter': {'id': 125, 'name': 'um003', 'units': 'particles/cm³', 'displayName': 'PM0.3 count'}}]","[{'id': 41, 'name': 'CC BY 4.0', 'attribution': {'name': 'UNICEF', 'url': None}, 'dateFrom': '2023-07-15', 'dateTo': None}]","[103.05687, 18.185205, 103.05687, 18.185205]",,68,LA,Lao PDR,11271,UNICEF,66,AirGradient,18.185205,103.05687,2025-03-03T14:00:00Z,2025-03-03T21:00:00+07:00,2026-04-05T04:00:00Z,2026-04-05T11:00:00+07:00
3567156,May - Phongsaly,,Asia/Vientiane,False,False,"[{'id': 7, 'name': 'Unknown AirGradient Sensor'}]","[{'id': 12365223, 'name': 'pm1 µg/m³', 'parameter': {'id': 19, 'name': 'pm1', 'units': 'µg/m³', 'displayName': 'PM1'}}, {'id': 12365224, 'name': 'pm25 µg/m³', 'parameter': {'id': 2, 'name': 'pm25', 'units': 'µg/m³', 'displayName': 'PM2.5'}}, {'id': 12365225, 'name': 'relativehumidity %', 'parameter': {'id': 98, 'name': 'relativehumidity', 'units': '%', 'displayName': 'RH'}}, {'id': 12365226, 'name': 'temperature c', 'parameter': {'id': 100, 'name': 'temperature', 'units': 'c', 'displayName': 'Temperature (C)'}}, {'id': 12365227, 'name': 'um003 particles/cm³', 'parameter': {'id': 125, 'name': 'um003', 'units': 'particles/cm³', 'displayName': 'PM0.3 count'}}]","[{'id': 41, 'name': 'CC BY 4.0', 'attribution': {'name': 'UNICEF', 'url': None}, 'dateFrom': '2023-07-15', 'dateTo': None}]","[102.722705, 21.172583, 102.722705, 21.172583]",,68,LA,Lao PDR,11271,UNICEF,66,AirGradient,21.172583,102.722705,2025-03-03T14:00:00Z,2025-03-03T21:00:00+07:00,2026-07-03T15:00:00Z,2026-07-03T22:00:00+07:00
3567157,Nalae - Louangnamtha,,Asia/Vientiane,False,False,"[{'id': 7, 'name': 'Unknown AirGradient Sensor'}]","[{'id': 12365228, 'name': 'pm1 µg/m³', 'parameter': {'id': 19, 'name': 'pm1', 'units': 'µg/m³', 'displayName': 'PM1'}}, {'id': 12365229, 'name': 'pm25 µg/m³', 'parameter': {'id': 2, 'name': 'pm25', 'units': 'µg/m³', 'displayName': 'PM2.5'}}, {'id': 12365230, 'name': 'relativehumidity %', 'parameter': {'id': 98, 'name': 'relativehumidity', 'units': '%', 'displayName': 'RH'}}, {'id': 12365231, 'name': 'temperature c', 'parameter': {'id': 100, 'name': 'temperature', 'units': 'c', 'displayName': 'Temperature (C)'}}, {'id': 12365232, 'name': 'um003 particles/cm³', 'parameter': {'id': 125, 'name': 'um003', 'units': 'particles/cm³', 'displayName': 'PM0.3 count'}}]","[{'id': 41, 'name': 'CC BY 4.0', 'attribution': {'name': 'UNICEF', 'url': None}, 'dateFrom': '2023-07-15', 'dateTo': None}]","[101.447461, 20.536617, 101.447461, 20.536617]",,68,LA,Lao PDR,11271,UNICEF,66,AirGradient,20.536617,101.447461,2025-03-03T14:00:00Z,2025-03-03T21:00:00+07:00,2026-07-03T15:00:00Z,2026-07-03T22:00:00+07:00
3567158,Pha Oudom - Bokeo,,Asia/Vientiane,False,False,"[{'id': 7, 'name': 'Unknown AirGradient Sensor'}]","[{'id': 12365233, 'name': 'pm1 µg/m³', 'parameter': {'id': 19, 'name': 'pm1', 'units': 'µg/m³', 'displayName': 'PM1'}}, {'id': 12365234, 'name': 'pm25 µg/m³', 'parameter': {'id': 2, 'name': 'pm25', 'units': 'µg/m³', 'displayName': 'PM2.5'}}, {'id': 12365235, 'name': 'relativehumidity %', 'parameter': {'id': 98, 'name': 'relativehumidity', 'units': '%', 'displayName': 'RH'}}, {'id': 12365236, 'name': 'temperature c', 'parameter': {'id': 100, 'name': 'temperature', 'units': 'c', 'displayName': 'Temperature (C)'}}, {'id': 12365237, 'name': 'um003 particles/cm³', 'parameter': {'id': 125, 'name': 'um003', 'units': 'particles/cm³', 'displayName': 'PM0.3 count'}}]","[{'id': 41, 'name': 'CC BY 4.0', 'attribution': {'name': 'UNICEF', 'url': None}, 'dateFrom': '2023-07-15', 'dateTo': None}]","[100.831707, 20.086216, 100.831707, 20.086216]",,68,LA,Lao PDR,11271,UNICEF,66,AirGradient,20.086216,100.831707,2025-03-03T14:00:00Z,2025-03-03T21:00:00+07:00,2026-07-03T15:00:00Z,2026-07-03T22:00:00+07:00
3567159,Phonhong - Vientiane,,Asia/Vientiane,False,False,"[{'id': 7, 'name': 'Unknown AirGradient Sensor'}]","[{'id': 12365238, 'name': 'pm1 µg/m³', 'parameter': {'id': 19, 'name': 'pm1', 'units': 'µg/m³', 'displayName': 'PM1'}}, {'id': 12365239, 'name': 'pm25 µg/m³', 'parameter': {'id': 2, 'name': 'pm25', 'units': 'µg/m³', 'displayName': 'PM2.5'}}, {'id': 12365240, 'name': 'relativehumidity %', 'parameter': {'id': 98, 'name': 'relativehumidity', 'units': '%', 'displayName': 'RH'}}, {'id': 12365241, 'name': 'temperature c', 'parameter': {'id': 100, 'name': 'temperature', 'units': 'c', 'displayName': 'Temperature (C)'}}, {'id': 12365242, 'name': 'um003 particles/cm³', 'parameter': {'id': 125, 'name': 'um003', 'units': 'particles/cm³', 'displayName': 'PM0.3 count'}}]","[{'id': 41, 'name': 'CC BY 4.0', 'attribution': {'name': 'UNICEF', 'url': None}, 'dateFrom': '2023-07-15', 'dateTo': None}]","[102.42424, 18.350024, 102.42424, 18.350024]",,68,LA,Lao PDR,11271,UNICEF,66,AirGradient,18.350024,102.42424,2025-03-03T14:00:00Z,2025-03-03T21:00:00+07:00,2026-06-29T10:00:00Z,2026-06-29T17:00:00+07:00
3567160,Songkhone - Savannakhet,,Asia/Vientiane,False,False,"[{'id': 7, 'name': 'Unknown AirGradient Sensor'}]","[{'id': 12365243, 'name': 'pm1 µg/m³', 'parameter': {'id': 19, 'name': 'pm1', 'units': 'µg/m³', 'displayName': 'PM1'}}, {'id': 12365244, 'name': 'pm25 µg/m³', 'parameter': {'id': 2, 'name': 'pm25', 'units': 'µg/m³', 'displayName': 'PM2.5'}}, {'id': 12365245, 'name': 'relativehumidity %', 'parameter': {'id': 98, 'name': 'relativehumidity', 'units': '%', 'displayName': 'RH'}}, {'id': 12365246, 'name': 'temperature c', 'parameter': {'id': 100, 'name': 'temperature', 'units': 'c', 'displayName': 'Temperature (C)'}}, {'id': 12365247, 'name': 'um003 particles/cm³', 'parameter': {'id': 125, 'name': 'um003', 'units': 'particles/cm³', 'displayName': 'PM0.3 count'}}]","[{'id': 41, 'name': 'CC BY 4.0', 'attribution': {'name': 'UNICEF', 'url': None}, 'dateFrom': '2023-07-15', 'dateTo': None}]","[105.1965, 16.237196, 105.1965, 16.237196]",,68,LA,Lao PDR,11271,UNICEF,66,AirGradient,16.237196,105.1965,2025-03-03T14:00:00Z,2025-03-03T21:00:00+07:00,2026-07-01T07:00:00Z,2026-07-01T14:00:00+07:00
3567161,"Saravane Secondary School -Saravane, Saravane ມັດທະຍົມສົມບູນ ສາລະວັນ",,Asia/Vientiane,False,False,"[{'id': 7, 'name': 'Unknown AirGradient Sensor'}]","[{'id': 12365248, 'name': 'pm1 µg/m³', 'parameter': {'id': 19, 'name': 'pm1', 'units': 'µg/m³', 'displayName': 'PM1'}}, {'id': 12365249, 'name': 'pm25 µg/m³', 'parameter': {'id': 2, 'name': 'pm25', 'units': 'µg/m³', 'displayName': 'PM2.5'}}, {'id': 12365250, 'name': 'relativehumidity %', 'parameter': {'id': 98, 'name': 'relativehumidity', 'units': '%', 'displayName': 'RH'}}, {'id': 12365251, 'name': 'temperature c', 'parameter': {'id': 100, 'name': 'temperature', 'units': 'c', 'displayName': 'Temperature (C)'}}, {'id': 12365252, 'name': 'um003 particles/cm³', 'parameter': {'id': 125, 'name': 'um003', 'units': 'particles/cm³', 'displayName': 'PM0.3 count'}}]","[{'id': 41, 'name': 'CC BY 4.0', 'attribution': {'name': 'UNICEF', 'url': None}, 'dateFrom': '2023-07-15', 'dateTo': None}]","[106.422189, 15.707906, 106.422189, 15.707906]",,68,LA,Lao PDR,11271,UNICEF,66,AirGradient,15.707906,106.422189,2025-03-03T14:00:00Z,2025-03-03T21:00:00+07:00,2026-07-03T15:00:00Z,2026-07-03T22:00:00+07:00
3572812,"Bountay Secondary School - Bountay, Phongsaly ມັດທະຍົມ ບຸນໄຕ້",,Asia/Vientiane,False,False,"[{'id': 7, 'name': 'Unknown AirGradient Sensor'}]","[{'id': 14153955, 'name': 'pm1 µg/m³', 'parameter': {'id': 19, 'name': 'pm1', 'units': 'µg/m³', 'displayName': 'PM1'}}, {'id': 14153956, 'name': 'pm25 µg/m³', 'parameter': {'id': 2, 'name': 'pm25', 'units': 'µg/m³', 'displayName': 'PM2.5'}}, {'id': 14153957, 'name': 'relativehumidity %', 'parameter': {'id': 98, 'name': 'relativehumidity', 'units': '%', 'displayName': 'RH'}}, {'id': 14153958, 'name': 'temperature c', 'parameter': {'id': 100, 'name': 'temperature', 'units': 'c', 'displayName': 'Temperature (C)'}}, {'id': 14153959, 'name': 'um003 particles/cm³', 'parameter': {'id': 125, 'name': 'um003', 'units': 'particles/cm³', 'displayName': 'PM0.3 count'}}]","[{'id': 41, 'name': 'CC BY 4.0', 'attribution': {'name': 'UNICEF', 'url': None}, 'dateFrom': '2023-07-15', 'dateTo': None}]","[101.97925, 21.387451, 101.97925, 21.387451]",,68,LA,Lao PDR,11271,UNICEF,66,AirGradient,21.387451,101.97925,2025-09-19T00:00:00Z,2025-09-19T07:00:00+07:00,2026-07-03T15:00:00Z,2026-07-03T22:00:00+07:00
3572813,"Xay Secondary School - Xay, Oudomxay ມັດທະຍົມ ເທດສະບານແຂວງ",,Asia/Vientiane,False,False,"[{'id': 7, 'name': 'Unknown AirGradient Sensor'}]","[{'id': 14153965, 'name': 'pm1 µg/m³', 'parameter': {'id': 19, 'name': 'pm1', 'units': 'µg/m³', 'displayName': 'PM1'}}, {'id': 14153966, 'name': 'pm25 µg/m³', 'parameter': {'id': 2, 'name': 'pm25', 'units': 'µg/m³', 'displayName': 'PM2.5'}}, {'id': 14153967, 'name': 'relativehumidity %', 'parameter': {'id': 98, 'name': 'relativehumidity', 'units': '%', 'displayName': 'RH'}}, {'id': 14153968, 'name': 'temperature c', 'parameter': {'id': 100, 'name': 'temperature', 'units': 'c', 'displayName': 'Temperature (C)'}}, {'id': 14153969, 'name': 'um003 particles/cm³', 'parameter': {'id': 125, 'name': 'um003', 'units': 'particles/cm³', 'displayName': 'PM0.3 count'}}]","[{'id': 41, 'name': 'CC BY 4.0', 'attribution': {'name': 'UNICEF', 'url': None}, 'dateFrom': '2023-07-15', 'dateTo': None}]","[101.991856, 20.700342, 101.991856, 20.700342]",,68,LA,Lao PDR,11271,UNICEF,66,AirGradient,20.700342,101.991856,2025-09-19T00:00:00Z,2025-09-19T07:00:00+07:00,2026-07-03T15:00:00Z,2026-07-03T22:00:00+07:00
3572814,"Dakcheung Secondary School - Dakcheung, Sekongມັດທະຍົມສົມບູນ ດາກຈຶງ",,Asia/Vientiane,False,False,"[{'id': 7, 'name': 'Unknown AirGradient Sensor'}]","[{'id': 12860819, 'name': 'pm1 µg/m³', 'parameter': {'id': 19, 'name': 'pm1', 'units': 'µg/m³', 'displayName': 'PM1'}}, {'id': 12860820, 'name': 'pm25 µg/m³', 'parameter': {'id': 2, 'name': 'pm25', 'units': 'µg/m³', 'displayName': 'PM2.5'}}, {'id': 12860821, 'name': 'relativehumidity %', 'parameter': {'id': 98, 'name': 'relativehumidity', 'units': '%', 'displayName': 'RH'}}, {'id': 12860822, 'name': 'temperature c', 'parameter': {'id': 100, 'name': 'temperature', 'units': 'c', 'displayName': 'Temperature (C)'}}, {'id': 12860823, 'name': 'um003 particles/cm³', 'parameter': {'id': 125, 'name': 'um003', 'units': 'particles/cm³', 'displayName': 'PM0.3 count'}}]","[{'id': 41, 'name': 'CC BY 4.0', 'attribution': {'name': 'UNICEF', 'url': None}, 'dateFrom': '2023-07-15', 'dateTo': None}]","[107.271451, 15.467532, 107.271451, 15.467532]",,68,LA,Lao PDR,11271,UNICEF,66,AirGradient,15.467532,107.271451,2025-04-23T02:00:00Z,2025-04-23T09:00:00+07:00,2026-07-03T15:00:00Z,2026-07-03T22:00:00+07:00
3585655,"Thongmixay Secondary School - Thongmixay, Xayabouly ມັດທະຍົມສົມບູນ ທົ່ງມີໄຊ",,Asia/Vientiane,False,False,"[{'id': 7, 'name': 'Unknown AirGradient Sensor'}]","[{'id': 14267489, 'name': 'pm1 µg/m³', 'parameter': {'id': 19, 'name': 'pm1', 'units': 'µg/m³', 'displayName': 'PM1'}}, {'id': 14267490, 'name': 'pm25 µg/m³', 'parameter': {'id': 2, 'name': 'pm25', 'units': 'µg/m³', 'displayName': 'PM2.5'}}, {'id': 14267491, 'name': 'relativehumidity %', 'parameter': {'id': 98, 'name': 'relativehumidity', 'units': '%', 'displayName': 'RH'}}, {'id': 14267492, 'name': 'temperature c', 'parameter': {'id': 100, 'name': 'temperature', 'units': 'c', 'displayName': 'Temperature (C)'}}, {'id': 14267493, 'name': 'um003 particles/cm³', 'parameter': {'id': 125, 'name': 'um003', 'units': 'particles/cm³', 'displayName': 'PM0.3 count'}}]","[{'id': 41, 'name': 'CC BY 4.0', 'attribution': {'name': 'UNICEF', 'url': None}, 'dateFrom': '2023-07-15', 'dateTo': None}]","[101.173584, 18.398246, 101.173584, 18.398246]",,68,LA,Lao PDR,11271,UNICEF,66,AirGradient,18.398246,101.173584,2025-10-02T09:00:00Z,2025-10-02T16:00:00+07:00,2026-07-03T15:00:00Z,2026-07-03T22:00:00+07:00
3585656,"NamNgeun Secondary School - Ngeun, Xayabouly ມັດທະຍົມສົມບູນ ນ້ຳເງິນ",,Asia/Vientiane,False,False,"[{'id': 1, 'name': 'N/A'}]","[{'id': 12860764, 'name': 'pm1 µg/m³', 'parameter': {'id': 19, 'name': 'pm1', 'units': 'µg/m³', 'displayName': 'PM1'}}, {'id': 12860765, 'name': 'pm25 µg/m³', 'parameter': {'id': 2, 'name': 'pm25', 'units': 'µg/m³', 'displayName': 'PM2.5'}}, {'id': 12860766, 'name': 'relativehumidity %', 'parameter': {'id': 98, 'name': 'relativehumidity', 'units': '%', 'displayName': 'RH'}}, {'id': 12860767, 'name': 'temperature c', 'parameter': {'id': 100, 'name': 'temperature', 'units': 'c', 'displayName': 'Temperature (C)'}}, {'id': 12860768, 'name': 'um003 particles/cm³', 'parameter': {'id': 125, 'name': 'um003', 'units': 'particles/cm³', 'displayName': 'PM0.3 count'}}]","[{'id': 41, 'name': 'CC BY 4.0', 'attribution': {'name': 'UNICEF', 'url': None}, 'dateFrom': '2023-07-15', 'dateTo': None}]","[101.112439, 19.619875, 101.112439, 19.619875]",,68,LA,Lao PDR,11271,UNICEF,66,AirGradient,19.619875,101.112439,2025-04-23T02:00:00Z,2025-04-23T09:00:00+07:00,2026-07-03T15:00:00Z,2026-07-03T22:00:00+07:00
3585657,"Parkthang Secondary School - Thoulakhom, Vientiane Province ມັດທະຍົມສົມບູນ ປາກທາງ",,Asia/Vientiane,False,False,"[{'id': 7, 'name': 'Unknown AirGradient Sensor'}]","[{'id': 14157098, 'name': 'pm1 µg/m³', 'parameter': {'id': 19, 'name': 'pm1', 'units': 'µg/m³', 'displayName': 'PM1'}}, {'id': 14157099, 'name': 'pm25 µg/m³', 'parameter': {'id': 2, 'name': 'pm25', 'units': 'µg/m³', 'displayName': 'PM2.5'}}, {'id': 14157100, 'name': 'relativehumidity %', 'parameter': {'id': 98, 'name': 'relativehumidity', 'units': '%', 'displayName': 'RH'}}, {'id': 14157101, 'name': 'temperature c', 'parameter': {'id': 100, 'name': 'temperature', 'units': 'c', 'displayName': 'Temperature (C)'}}, {'id': 14157102, 'name': 'um003 particles/cm³', 'parameter': {'id': 125, 'name': 'um003', 'units': 'particles/cm³', 'displayName': 'PM0.3 count'}}]","[{'id': 41, 'name': 'CC BY 4.0', 'attribution': {'name': 'UNICEF', 'url': None}, 'dateFrom': '2023-07-15', 'dateTo': None}]","[102.660862, 18.339214, 102.660862, 18.339214]",,68,LA,Lao PDR,11271,UNICEF,66,AirGradient,18.339214,102.660862,2025-09-19T09:00:00Z,2025-09-19T16:00:00+07:00,2026-06-25T09:00:00Z,2026-06-25T16:00:00+07:00
3587757,"OuTai Secondary School - NhotOu, Phongsaly ມັດທະຍົມສົມບູນ ອູໄຕ້",,Asia/Vientiane,False,False,"[{'id': 7, 'name': 'Unknown AirGradient Sensor'}]","[{'id': 14153950, 'name': 'pm1 µg/m³', 'parameter': {'id': 19, 'name': 'pm1', 'units': 'µg/m³', 'displayName': 'PM1'}}, {'id': 14153951, 'name': 'pm25 µg/m³', 'parameter': {'id': 2, 'name': 'pm25', 'units': 'µg/m³', 'displayName': 'PM2.5'}}, {'id': 14153952, 'name': 'relativehumidity %', 'parameter': {'id': 98, 'name': 'relativehumidity', 'units': '%', 'displayName': 'RH'}}, {'id': 14153953, 'name': 'temperature c', 'parameter': {'id': 100, 'name': 'temperature', 'units': 'c', 'displayName': 'Temperature (C)'}}, {'id': 14153954, 'name': 'um003 particles/cm³', 'parameter': {'id': 125, 'name': 'um003', 'units': 'particles/cm³', 'displayName': 'PM0.3 count'}}]","[{'id': 41, 'name': 'CC BY 4.0', 'attribution': {'name': 'UNICEF', 'url': None}, 'dateFrom': '2023-07-15', 'dateTo': None}]","[101.801674, 22.132114, 101.801674, 22.132114]",,68,LA,Lao PDR,11271,UNICEF,66,AirGradient,22.132114,101.801674,2025-09-19T00:00:00Z,2025-09-19T07:00:00+07:00,2026-07-03T15:00:00Z,2026-07-03T22:00:00+07:00
3591603,"La Secondary School - La, Oudomxai ມັດທະຍົມສົມບູນ ເມືອງຫລາ",,Asia/Vientiane,False,False,"[{'id': 7, 'name': 'Unknown AirGradient Sensor'}]","[{'id': 12385251, 'name': 'pm1 µg/m³', 'parameter': {'id': 19, 'name': 'pm1', 'units': 'µg/m³', 'displayName': 'PM1'}}, {'id': 12385252, 'name': 'pm25 µg/m³', 'parameter': {'id': 2, 'name': 'pm25', 'units': 'µg/m³', 'displayName': 'PM2.5'}}, {'id': 12385253, 'name': 'relativehumidity %', 'parameter': {'id': 98, 'name': 'relativehumidity', 'units': '%', 'displayName': 'RH'}}, {'id': 12385254, 'name': 'temperature c', 'parameter': {'id': 100, 'name': 'temperature', 'units': 'c', 'displayName': 'Temperature (C)'}}, {'id': 12385255, 'name': 'um003 particles/cm³', 'parameter': {'id': 125, 'name': 'um003', 'units': 'particles/cm³', 'displayName': 'PM0.3 count'}}]","[{'id': 41, 'name': 'CC BY 4.0', 'attribution': {'name': 'UNICEF', 'url': None}, 'dateFrom': '2023-07-15', 'dateTo': None}]","[102.110246, 20.870865, 102.110246, 20.870865]",,68,LA,Lao PDR,11271,UNICEF,66,AirGradient,20.870865,102.110246,2025-03-05T13:00:00Z,2025-03-05T20:00:00+07:00,2026-03-31T02:00:00Z,2026-03-31T09:00:00+07:00
3591604,Meung - Bokeo,,Asia/Vientiane,False,False,"[{'id': 7, 'name': 'Unknown AirGradient Sensor'}]","[{'id': 12385256, 'name': 'pm1 µg/m³', 'parameter': {'id': 19, 'name': 'pm1', 'units': 'µg/m³', 'displayName': 'PM1'}}, {'id': 12385257, 'name': 'pm25 µg/m³', 'parameter': {'id': 2, 'name': 'pm25', 'units': 'µg/m³', 'displayName': 'PM2.5'}}, {'id': 12385258, 'name': 'relativehumidity %', 'parameter': {'id': 98, 'name': 'relativehumidity', 'units': '%', 'displayName': 'RH'}}, {'id': 12385259, 'name': 'temperature c', 'parameter': {'id': 100, 'name': 'temperature', 'units': 'c', 'displayName': 'Temperature (C)'}}, {'id': 12385260, 'name': 'um003 particles/cm³', 'parameter': {'id': 125, 'name': 'um003', 'units': 'particles/cm³', 'displayName': 'PM0.3 count'}}]","[{'id': 41, 'name': 'CC BY 4.0', 'attribution': {'name': 'UNICEF', 'url': None}, 'dateFrom': '2023-07-15', 'dateTo': None}]","[100.592003, 20.565749, 100.592003, 20.565749]",,68,LA,Lao PDR,11271,UNICEF,66,AirGradient,20.565749,100.592003,2025-03-05T13:00:00Z,2025-03-05T20:00:00+07:00,2026-07-03T15:00:00Z,2026-07-03T22:00:00+07:00
3591605,"BouamNgam Secondary School - Huameuang, Houaphan  ມັດທະຍົມ ບວມງາມ",,Asia/Vientiane,False,False,"[{'id': 7, 'name': 'Unknown AirGradient Sensor'}]","[{'id': 12385261, 'name': 'pm1 µg/m³', 'parameter': {'id': 19, 'name': 'pm1', 'units': 'µg/m³', 'displayName': 'PM1'}}, {'id': 12385262, 'name': 'pm25 µg/m³', 'parameter': {'id': 2, 'name': 'pm25', 'units': 'µg/m³', 'displayName': 'PM2.5'}}, {'id': 12385263, 'name': 'relativehumidity %', 'parameter': {'id': 98, 'name': 'relativehumidity', 'units': '%', 'displayName': 'RH'}}, {'id': 12385264, 'name': 'temperature c', 'parameter': {'id': 100, 'name': 'temperature', 'units': 'c', 'displayName': 'Temperature (C)'}}, {'id': 12385265, 'name': 'um003 particles/cm³', 'parameter': {'id': 125, 'name': 'um003', 'units': 'particles/cm³', 'displayName': 'PM0.3 count'}}]","[{'id': 41, 'name': 'CC BY 4.0', 'attribution': {'name': 'UNICEF', 'url': None}, 'dateFrom': '2023-07-15', 'dateTo': None}]","[103.875166, 20.199501, 103.875166, 20.199501]",,68,LA,Lao PDR,11271,UNICEF,66,AirGradient,20.199501,103.875166,2025-03-05T14:00:00Z,2025-03-05T21:00:00+07:00,2026-07-03T15:00:00Z,2026-07-03T22:00:00+07:00
3591606,Parklai - Xaignabouly,,Asia/Vientiane,False,False,"[{'id': 7, 'name': 'Unknown AirGradient Sensor'}]","[{'id': 12385266, 'name': 'pm1 µg/m³', 'parameter': {'id': 19, 'name': 'pm1', 'units': 'µg/m³', 'displayName': 'PM1'}}, {'id': 12385267, 'name': 'pm25 µg/m³', 'parameter': {'id': 2, 'name': 'pm25', 'units': 'µg/m³', 'displayName': 'PM2.5'}}, {'id': 12385268, 'name': 'relativehumidity %', 'parameter': {'id': 98, 'name': 'relativehumidity', 'units': '%', 'displayName': 'RH'}}, {'id': 12385269, 'name': 'temperature c', 'parameter': {'id': 100, 'name': 'temperature', 'units': 'c', 'displayName': 'Temperature (C)'}}, {'id': 12385270, 'name': 'um003 particles/cm³', 'parameter': {'id': 125, 'name': 'um003', 'units': 'particles/cm³', 'displayName': 'PM0.3 count'}}]","[{'id': 41, 'name': 'CC BY 4.0', 'attribution': {'name': 'UNICEF', 'url': None}, 'dateFrom': '2023-07-15', 'dateTo': None}]","[101.405717, 18.220795, 101.405717, 18.220795]",,68,LA,Lao PDR,11271,UNICEF,66,AirGradient,18.220795,101.405717,2025-03-05T13:00:00Z,2025-03-05T20:00:00+07:00,2026-07-03T15:00:00Z,2026-07-03T22:00:00+07:00
3591607,"Napa Secondary School - Kham, Xiengkhouang ມັດທະຍົມ ນາປາ",,Asia/Vientiane,False,False,"[{'id': 7, 'name': 'Unknown AirGradient Sensor'}]","[{'id': 12385271, 'name': 'pm1 µg/m³', 'parameter': {'id': 19, 'name': 'pm1', 'units': 'µg/m³', 'displayName': 'PM1'}}, {'id': 12385272, 'name': 'pm25 µg/m³', 'parameter': {'id': 2, 'name': 'pm25', 'units': 'µg/m³', 'displayName': 'PM2.5'}}, {'id': 12385273, 'name': 'relativehumidity %', 'parameter': {'id': 98, 'name': 'relativehumidity', 'units': '%', 'displayName': 'RH'}}, {'id': 12385274, 'name': 'temperature c', 'parameter': {'id': 100, 'name': 'temperature', 'units': 'c', 'displayName': 'Temperature (C)'}}, {'id': 12385275, 'name': 'um003 particles/cm³', 'parameter': {'id': 125, 'name': 'um003', 'units': 'particles/cm³', 'displayName': 'PM0.3 count'}}]","[{'id': 41, 'name': 'CC BY 4.0', 'attribution': {'name': 'UNICEF', 'url': None}, 'dateFrom': '2023-07-15', 'dateTo': None}]","[103.662369, 19.590573, 103.662369, 19.590573]",,68,LA,Lao PDR,11271,UNICEF,66,AirGradient,19.590573,103.662369,2025-03-05T13:00:00Z,2025-03-05T20:00:00+07:00,2026-07-03T15:00:00Z,2026-07-03T22:00:00+07:00
3591608,Mork - Xiengkhouang,,Asia/Vientiane,False,False,"[{'id': 7, 'name': 'Unknown AirGradient Sensor'}]","[{'id': 12385276, 'name': 'pm1 µg/m³', 'parameter': {'id': 19, 'name': 'pm1', 'units': 'µg/m³', 'displayName': 'PM1'}}, {'id': 12385277, 'name': 'pm25 µg/m³', 'parameter': {'id': 2, 'name': 'pm25', 'units': 'µg/m³', 'displayName': 'PM2.5'}}, {'id': 12385278, 'name': 'relativehumidity %', 'parameter': {'id': 98, 'name': 'relativehumidity', 'units': '%', 'displayName': 'RH'}}, {'id': 12385279, 'name': 'temperature c', 'parameter': {'id': 100, 'name': 'temperature', 'units': 'c', 'displayName': 'Temperature (C)'}}, {'id': 12385280, 'name': 'um003 particles/cm³', 'parameter': {'id': 125, 'name': 'um003', 'units': 'particles/cm³', 'displayName': 'PM0.3 count'}}]","[{'id': 41, 'name': 'CC BY 4.0', 'attribution': {'name': 'UNICEF', 'url': None}, 'dateFrom': '2023-07-15', 'dateTo': None}]","[103.992683, 18.929384, 103.992683, 18.929384]",,68,LA,Lao PDR,11271,UNICEF,66,AirGradient,18.929384,103.992683,2025-03-05T13:00:00Z,2025-03-05T20:00:00+07:00,2026-07-03T15:00:00Z,2026-07-03T22:00:00+07:00
3591609,Vangvieng - Vientiane,,Asia/Vientiane,False,False,"[{'id': 7, 'name': 'Unknown AirGradient Sensor'}]","[{'id': 12385281, 'name': 'pm1 µg/m³', 'parameter': {'id': 19, 'name': 'pm1', 'units': 'µg/m³', 'displayName': 'PM1'}}, {'id': 12385282, 'name': 'pm25 µg/m³', 'parameter': {'id': 2, 'name': 'pm25', 'units': 'µg/m³', 'displayName': 'PM2.5'}}, {'id': 12385283, 'name': 'relativehumidity %', 'parameter': {'id': 98, 'name': 'relativehumidity', 'units': '%', 'displayName': 'RH'}}, {'id': 12385284, 'name': 'temperature c', 'parameter': {'id': 100, 'name': 'temperature', 'units': 'c', 'displayName': 'Temperature (C)'}}, {'id': 12385285, 'name': 'um003 particles/cm³', 'parameter': {'id': 125, 'name': 'um003', 'units': 'particles/cm³', 'displayName': 'PM0.3 count'}}]","[{'id': 41, 'name': 'CC BY 4.0', 'attribution': {'name': 'UNICEF', 'url': None}, 'dateFrom': '2023-07-15', 'dateTo': None}]","[102.529697, 18.855459, 102.529697, 18.855459]",,68,LA,Lao PDR,11271,UNICEF,66,AirGradient,18.855459,102.529697,2025-03-05T13:00:00Z,2025-03-05T20:00:00+07:00,2026-06-19T01:00:00Z,2026-06-19T08:00:00+07:00
3591610,"Toomlarn Secondary School - Toomlarn, Saravane ມັດທະຍົມສົມບູນ ຕຸ້ມລານ",,Asia/Vientiane,False,False,"[{'id': 7, 'name': 'Unknown AirGradient Sensor'}]","[{'id': 12385286, 'name': 'pm1 µg/m³', 'parameter': {'id': 19, 'name': 'pm1', 'units': 'µg/m³', 'displayName': 'PM1'}}, {'id': 12385287, 'name': 'pm25 µg/m³', 'parameter': {'id': 2, 'name': 'pm25', 'units': 'µg/m³', 'displayName': 'PM2.5'}}, {'id': 12385288, 'name': 'relativehumidity %', 'parameter': {'id': 98, 'name': 'relativehumidity', 'units': '%', 'displayName': 'RH'}}, {'id': 12385289, 'name': 'temperature c', 'parameter': {'id': 100, 'name': 'temperature', 'units': 'c', 'displayName': 'Temperature (C)'}}, {'id': 12385290, 'name': 'um003 particles/cm³', 'parameter': {'id': 125, 'name': 'um003', 'units': 'particles/cm³', 'displayName': 'PM0.3 count'}}]","[{'id': 41, 'name': 'CC BY 4.0', 'attribution': {'name': 'UNICEF', 'url': None}, 'dateFrom': '2023-07-15', 'dateTo': None}]","[106.192399, 15.994499, 106.192399, 15.994499]",,68,LA,Lao PDR,11271,UNICEF,66,AirGradient,15.994499,106.192399,2025-03-05T13:00:00Z,2025-03-05T20:00:00+07:00,2026-07-03T15:00:00Z,2026-07-03T22:00:00+07:00
3591611,Lao Ngarm - Salavan,,Asia/Vientiane,False,False,"[{'id': 7, 'name': 'Unknown AirGradient Sensor'}]","[{'id': 12385291, 'name': 'pm1 µg/m³', 'parameter': {'id': 19, 'name': 'pm1', 'units': 'µg/m³', 'displayName': 'PM1'}}, {'id': 12385292, 'name': 'pm25 µg/m³', 'parameter': {'id': 2, 'name': 'pm25', 'units': 'µg/m³', 'displayName': 'PM2.5'}}, {'id': 12385293, 'name': 'relativehumidity %', 'parameter': {'id': 98, 'name': 'relativehumidity', 'units': '%', 'displayName': 'RH'}}, {'id': 12385294, 'name': 'temperature c', 'parameter': {'id': 100, 'name': 'temperature', 'units': 'c', 'displayName': 'Temperature (C)'}}, {'id': 12385295, 'name': 'um003 particles/cm³', 'parameter': {'id': 125, 'name': 'um003', 'units': 'particles/cm³', 'displayName': 'PM0.3 count'}}]","[{'id': 41, 'name': 'CC BY 4.0', 'attribution': {'name': 'UNICEF', 'url': None}, 'dateFrom': '2023-07-15', 'dateTo': None}]","[106.16172, 15.461092, 106.16172, 15.461092]",,68,LA,Lao PDR,11271,UNICEF,66,AirGradient,15.461092,106.16172,2025-03-05T13:00:00Z,2025-03-05T20:00:00+07:00,2026-07-03T15:00:00Z,2026-07-03T22:00:00+07:00
3591612,Sanxay - Attapeu,,Asia/Vientiane,False,False,"[{'id': 7, 'name': 'Unknown AirGradient Sensor'}]","[{'id': 12385246, 'name': 'pm1 µg/m³', 'parameter': {'id': 19, 'name': 'pm1', 'units': 'µg/m³', 'displayName': 'PM1'}}, {'id': 12385247, 'name': 'pm25 µg/m³', 'parameter': {'id': 2, 'name': 'pm25', 'units': 'µg/m³', 'displayName': 'PM2.5'}}, {'id': 12385248, 'name': 'relativehumidity %', 'parameter': {'id': 98, 'name': 'relativehumidity', 'units': '%', 'displayName': 'RH'}}, {'id': 12385249, 'name': 'temperature c', 'parameter': {'id': 100, 'name': 'temperature', 'units': 'c', 'displayName': 'Temperature (C)'}}, {'id': 12385250, 'name': 'um003 particles/cm³', 'parameter': {'id': 125, 'name': 'um003', 'units': 'particles/cm³', 'displayName': 'PM0.3 count'}}]","[{'id': 41, 'name': 'CC BY 4.0', 'attribution': {'name': 'UNICEF', 'url': None}, 'dateFrom': '2023-07-15', 'dateTo': None}]","[107.052837, 14.925784, 107.052837, 14.925784]",,68,LA,Lao PDR,11271,UNICEF,66,AirGradient,14.925784,107.052837,2025-03-05T13:00:00Z,2025-03-05T20:00:00+07:00,2026-07-03T15:00:00Z,2026-07-03T22:00:00+07:00
3597971,Xamneua - Houaphan,,Asia/Vientiane,False,False,"[{'id': 7, 'name': 'Unknown AirGradient Sensor'}]","[{'id': 12390570, 'name': 'pm1 µg/m³', 'parameter': {'id': 19, 'name': 'pm1', 'units': 'µg/m³', 'displayName': 'PM1'}}, {'id': 12390571, 'name': 'pm25 µg/m³', 'parameter': {'id': 2, 'name': 'pm25', 'units': 'µg/m³', 'displayName': 'PM2.5'}}, {'id': 12390572, 'name': 'relativehumidity %', 'parameter': {'id': 98, 'name': 'relativehumidity', 'units': '%', 'displayName': 'RH'}}, {'id': 12390573, 'name': 'temperature c', 'parameter': {'id': 100, 'name': 'temperature', 'units': 'c', 'displayName': 'Temperature (C)'}}, {'id': 12390574, 'name': 'um003 particles/cm³', 'parameter': {'id': 125, 'name': 'um003', 'units': 'particles/cm³', 'displayName': 'PM0.3 count'}}]","[{'id': 41, 'name': 'CC BY 4.0', 'attribution': {'name': 'UNICEF', 'url': None}, 'dateFrom': '2023-07-15', 'dateTo': None}]","[104.050733, 20.413807, 104.050733, 20.413807]",,68,LA,Lao PDR,11271,UNICEF,66,AirGradient,20.413807,104.050733,2025-03-06T03:00:00Z,2025-03-06T10:00:00+07:00,2026-07-03T15:00:00Z,2026-07-03T22:00:00+07:00
3597972,Xamtay - Houaphan,,Asia/Vientiane,False,False,"[{'id': 7, 'name': 'Unknown AirGradient Sensor'}]","[{'id': 12390575, 'name': 'pm1 µg/m³', 'parameter': {'id': 19, 'name': 'pm1', 'units': 'µg/m³', 'displayName': 'PM1'}}, {'id': 12390576, 'name': 'pm25 µg/m³', 'parameter': {'id': 2, 'name': 'pm25', 'units': 'µg/m³', 'displayName': 'PM2.5'}}, {'id': 12390577, 'name': 'relativehumidity %', 'parameter': {'id': 98, 'name': 'relativehumidity', 'units': '%', 'displayName': 'RH'}}, {'id': 12390578, 'name': 'temperature c', 'parameter': {'id': 100, 'name': 'temperature', 'units': 'c', 'displayName': 'Temperature (C)'}}, {'id': 12390579, 'name': 'um003 particles/cm³', 'parameter': {'id': 125, 'name': 'um003', 'units': 'particles/cm³', 'displayName': 'PM0.3 count'}}]","[{'id': 41, 'name': 'CC BY 4.0', 'attribution': {'name': 'UNICEF', 'url': None}, 'dateFrom': '2023-07-15', 'dateTo': None}]","[104.64011, 19.999194, 104.64011, 19.999194]",,68,LA,Lao PDR,11271,UNICEF,66,AirGradient,19.999194,104.64011,2025-03-06T03:00:00Z,2025-03-06T10:00:00+07:00,2026-07-03T15:00:00Z,2026-07-03T22:00:00+07:00
3597973,Xon - Houaphan,,Asia/Vientiane,False,False,"[{'id': 7, 'name': 'Unknown AirGradient Sensor'}]","[{'id': 12390580, 'name': 'pm1 µg/m³', 'parameter': {'id': 19, 'name': 'pm1', 'units': 'µg/m³', 'displayName': 'PM1'}}, {'id': 12390581, 'name': 'pm25 µg/m³', 'parameter': {'id': 2, 'name': 'pm25', 'units': 'µg/m³', 'displayName': 'PM2.5'}}, {'id': 12390582, 'name': 'relativehumidity %', 'parameter': {'id': 98, 'name': 'relativehumidity', 'units': '%', 'displayName': 'RH'}}, {'id': 12390583, 'name': 'temperature c', 'parameter': {'id': 100, 'name': 'temperature', 'units': 'c', 'displayName': 'Temperature (C)'}}, {'id': 12390584, 'name': 'um003 particles/cm³', 'parameter': {'id': 125, 'name': 'um003', 'units': 'particles/cm³', 'displayName': 'PM0.3 count'}}]","[{'id': 41, 'name': 'CC BY 4.0', 'attribution': {'name': 'UNICEF', 'url': None}, 'dateFrom': '2023-07-15', 'dateTo': None}]","[103.34797, 20.466813, 103.34797, 20.466813]",,68,LA,Lao PDR,11271,UNICEF,66,AirGradient,20.466813,103.34797,2025-03-06T04:00:00Z,2025-03-06T11:00:00+07:00,2026-07-03T15:00:00Z,2026-07-03T22:00:00+07:00
3597974," Viengthong Secondary School - Hiem, Houaphan ມັດທະຍົມ ວຽງທອງ",,Asia/Vientiane,False,False,"[{'id': 7, 'name': 'Unknown AirGradient Sensor'}]","[{'id': 12390585, 'name': 'pm1 µg/m³', 'parameter': {'id': 19, 'name': 'pm1', 'units': 'µg/m³', 'displayName': 'PM1'}}, {'id': 12390586, 'name': 'pm25 µg/m³', 'parameter': {'id': 2, 'name': 'pm25', 'units': 'µg/m³', 'displayName': 'PM2.5'}}, {'id': 12390587, 'name': 'relativehumidity %', 'parameter': {'id': 98, 'name': 'relativehumidity', 'units': '%', 'displayName': 'RH'}}, {'id': 12390588, 'name': 'temperature c', 'parameter': {'id': 100, 'name': 'temperature', 'units': 'c', 'displayName': 'Temperature (C)'}}, {'id': 12390589, 'name': 'um003 particles/cm³', 'parameter': {'id': 125, 'name': 'um003', 'units': 'particles/cm³', 'displayName': 'PM0.3 count'}}]","[{'id': 41, 'name': 'CC BY 4.0', 'attribution': {'name': 'UNICEF', 'url': None}, 'dateFrom': '2023-07-15', 'dateTo': None}]","[103.380396, 20.099855, 103.380396, 20.099855]",,68,LA,Lao PDR,11271,UNICEF,66,AirGradient,20.099855,103.380396,2025-03-06T04:00:00Z,2025-03-06T11:00:00+07:00,2026-07-03T15:00:00Z,2026-07-03T22:00:00+07:00
3597975,"Kuan Secondary School - Kuan, Houaphan ມັດທະຍົມສົມບູນ ກັວນ",,Asia/Vientiane,False,False,"[{'id': 7, 'name': 'Unknown AirGradient Sensor'}]","[{'id': 12390590, 'name': 'pm1 µg/m³', 'parameter': {'id': 19, 'name': 'pm1', 'units': 'µg/m³', 'displayName': 'PM1'}}, {'id': 12390591, 'name': 'pm25 µg/m³', 'parameter': {'id': 2, 'name': 'pm25', 'units': 'µg/m³', 'displayName': 'PM2.5'}}, {'id': 12390592, 'name': 'relativehumidity %', 'parameter': {'id': 98, 'name': 'relativehumidity', 'units': '%', 'displayName': 'RH'}}, {'id': 12390593, 'name': 'temperature c', 'parameter': {'id': 100, 'name': 'temperature', 'units': 'c', 'displayName': 'Temperature (C)'}}, {'id': 12390594, 'name': 'um003 particles/cm³', 'parameter': {'id': 125, 'name': 'um003', 'units': 'particles/cm³', 'displayName': 'PM0.3 count'}}]","[{'id': 41, 'name': 'CC BY 4.0', 'attribution': {'name': 'UNICEF', 'url': None}, 'dateFrom': '2023-07-15', 'dateTo': None}]","[104.561303, 19.835863, 104.561303, 19.835863]",,68,LA,Lao PDR,11271,UNICEF,66,AirGradient,19.835863,104.561303,2025-03-06T04:00:00Z,2025-03-06T11:00:00+07:00,2026-07-03T15:00:00Z,2026-07-03T22:00:00+07:00
3597976,"Hongsa Secondary School - Hongsa, Xaignabouly ມັດທະຍົມສົມບູນ ຫົງສາ",,Asia/Vientiane,False,False,"[{'id': 7, 'name': 'Unknown AirGradient Sensor'}]","[{'id': 12390595, 'name': 'pm1 µg/m³', 'parameter': {'id': 19, 'name': 'pm1', 'units': 'µg/m³', 'displayName': 'PM1'}}, {'id': 12390596, 'name': 'pm25 µg/m³', 'parameter': {'id': 2, 'name': 'pm25', 'units': 'µg/m³', 'displayName': 'PM2.5'}}, {'id': 12390597, 'name': 'relativehumidity %', 'parameter': {'id': 98, 'name': 'relativehumidity', 'units': '%', 'displayName': 'RH'}}, {'id': 12390598, 'name': 'temperature c', 'parameter': {'id': 100, 'name': 'temperature', 'units': 'c', 'displayName': 'Temperature (C)'}}, {'id': 12390599, 'name': 'um003 particles/cm³', 'parameter': {'id': 125, 'name': 'um003', 'units': 'particles/cm³', 'displayName': 'PM0.3 count'}}]","[{'id': 41, 'name': 'CC BY 4.0', 'attribution': {'name': 'UNICEF', 'url': None}, 'dateFrom': '2023-07-15', 'dateTo': None}]","[101.342893, 19.70693, 101.342893, 19.70693]",,68,LA,Lao PDR,11271,UNICEF,66,AirGradient,19.70693,101.342893,2025-03-06T02:00:00Z,2025-03-06T09:00:00+07:00,2026-07-03T15:00:00Z,2026-07-03T22:00:00+07:00
3597977,"Hinherb Secondary School - Hinherb, Vientiane Province ມັດທະຍົມສົມບູນ ຫີນເຫີບ",,Asia/Vientiane,False,False,"[{'id': 7, 'name': 'Unknown AirGradient Sensor'}]","[{'id': 12390600, 'name': 'pm1 µg/m³', 'parameter': {'id': 19, 'name': 'pm1', 'units': 'µg/m³', 'displayName': 'PM1'}}, {'id': 12390601, 'name': 'pm25 µg/m³', 'parameter': {'id': 2, 'name': 'pm25', 'units': 'µg/m³', 'displayName': 'PM2.5'}}, {'id': 12390602, 'name': 'relativehumidity %', 'parameter': {'id': 98, 'name': 'relativehumidity', 'units': '%', 'displayName': 'RH'}}, {'id': 12390603, 'name': 'temperature c', 'parameter': {'id': 100, 'name': 'temperature', 'units': 'c', 'displayName': 'Temperature (C)'}}, {'id': 12390604, 'name': 'um003 particles/cm³', 'parameter': {'id': 125, 'name': 'um003', 'units': 'particles/cm³', 'displayName': 'PM0.3 count'}}]","[{'id': 41, 'name': 'CC BY 4.0', 'attribution': {'name': 'UNICEF', 'url': None}, 'dateFrom': '2023-07-15', 'dateTo': None}]","[102.323676, 18.637318, 102.323676, 18.637318]",,68,LA,Lao PDR,11271,UNICEF,66,AirGradient,18.637318,102.323676,2025-03-06T02:00:00Z,2025-03-06T09:00:00+07:00,2025-12-20T06:00:00Z,2025-12-20T13:00:00+07:00
3597978,"KeoKou Secondary School - KeoOudom, Vientiane Province ມັດທະຍົມສົມບູນ ແກ້ວກູ່",,Asia/Vientiane,False,False,"[{'id': 7, 'name': 'Unknown AirGradient Sensor'}]","[{'id': 12390605, 'name': 'pm1 µg/m³', 'parameter': {'id': 19, 'name': 'pm1', 'units': 'µg/m³', 'displayName': 'PM1'}}, {'id': 12390606, 'name': 'pm25 µg/m³', 'parameter': {'id': 2, 'name': 'pm25', 'units': 'µg/m³', 'displayName': 'PM2.5'}}, {'id': 12390607, 'name': 'relativehumidity %', 'parameter': {'id': 98, 'name': 'relativehumidity', 'units': '%', 'displayName': 'RH'}}, {'id': 12390608, 'name': 'temperature c', 'parameter': {'id': 100, 'name': 'temperature', 'units': 'c', 'displayName': 'Temperature (C)'}}, {'id': 12390609, 'name': 'um003 particles/cm³', 'parameter': {'id': 125, 'name': 'um003', 'units': 'particles/cm³', 'displayName': 'PM0.3 count'}}]","[{'id': 41, 'name': 'CC BY 4.0', 'attribution': {'name': 'UNICEF', 'url': None}, 'dateFrom': '2023-07-15', 'dateTo': None}]","[102.502844, 18.554884, 102.502844, 18.554884]",,68,LA,Lao PDR,11271,UNICEF,66,AirGradient,18.554884,102.502844,2025-03-06T02:00:00Z,2025-03-06T09:00:00+07:00,2026-07-03T15:00:00Z,2026-07-03T22:00:00+07:00
3597979,Nakay - Khammouan,,Asia/Vientiane,False,False,"[{'id': 7, 'name': 'Unknown AirGradient Sensor'}]","[{'id': 12390610, 'name': 'pm1 µg/m³', 'parameter': {'id': 19, 'name': 'pm1', 'units': 'µg/m³', 'displayName': 'PM1'}}, {'id': 12390611, 'name': 'pm25 µg/m³', 'parameter': {'id': 2, 'name': 'pm25', 'units': 'µg/m³', 'displayName': 'PM2.5'}}, {'id': 12390612, 'name': 'relativehumidity %', 'parameter': {'id': 98, 'name': 'relativehumidity', 'units': '%', 'displayName': 'RH'}}, {'id': 12390613, 'name': 'temperature c', 'parameter': {'id': 100, 'name': 'temperature', 'units': 'c', 'displayName': 'Temperature (C)'}}, {'id': 12390614, 'name': 'um003 particles/cm³', 'parameter': {'id': 125, 'name': 'um003', 'units': 'particles/cm³', 'displayName': 'PM0.3 count'}}]","[{'id': 41, 'name': 'CC BY 4.0', 'attribution': {'name': 'Unknown Person', 'url': None}, 'dateFrom': '2023-07-15', 'dateTo': None}]","[105.167389, 17.698229, 105.167389, 17.698229]",,68,LA,Lao PDR,11509,Unknown Person,66,AirGradient,17.698229,105.167389,2025-03-06T02:00:00Z,2025-03-06T09:00:00+07:00,2025-03-07T01:00:00Z,2025-03-07T08:00:00+07:00
3597980,Outhoomphone - Savannakhet,,Asia/Vientiane,False,False,"[{'id': 7, 'name': 'Unknown AirGradient Sensor'}]","[{'id': 12390615, 'name': 'pm1 µg/m³', 'parameter': {'id': 19, 'name': 'pm1', 'units': 'µg/m³', 'displayName': 'PM1'}}, {'id': 12390616, 'name': 'pm25 µg/m³', 'parameter': {'id': 2, 'name': 'pm25', 'units': 'µg/m³', 'displayName': 'PM2.5'}}, {'id': 12390617, 'name': 'relativehumidity %', 'parameter': {'id': 98, 'name': 'relativehumidity', 'units': '%', 'displayName': 'RH'}}, {'id': 12390618, 'name': 'temperature c', 'parameter': {'id': 100, 'name': 'temperature', 'units': 'c', 'displayName': 'Temperature (C)'}}, {'id': 12390619, 'name': 'um003 particles/cm³', 'parameter': {'id': 125, 'name': 'um003', 'units': 'particles/cm³', 'displayName': 'PM0.3 count'}}]","[{'id': 41, 'name': 'CC BY 4.0', 'attribution': {'name': 'UNICEF', 'url': None}, 'dateFrom': '2023-07-15', 'dateTo': None}]","[104.956459, 16.669923, 104.956459, 16.669923]",,68,LA,Lao PDR,11271,UNICEF,66,AirGradient,16.669923,104.956459,2025-03-06T03:00:00Z,2025-03-06T10:00:00+07:00,2026-05-29T05:00:00Z,2026-05-29T12:00:00+07:00
3599598,"Add Secondary School - Add, Houaphan ມັດທະຍົມ ແອດ",,Asia/Vientiane,False,False,"[{'id': 7, 'name': 'Unknown AirGradient Sensor'}]","[{'id': 12391929, 'name': 'pm1 µg/m³', 'parameter': {'id': 19, 'name': 'pm1', 'units': 'µg/m³', 'displayName': 'PM1'}}, {'id': 12391930, 'name': 'pm25 µg/m³', 'parameter': {'id': 2, 'name': 'pm25', 'units': 'µg/m³', 'displayName': 'PM2.5'}}, {'id': 12391931, 'name': 'relativehumidity %', 'parameter': {'id': 98, 'name': 'relativehumidity', 'units': '%', 'displayName': 'RH'}}, {'id': 12391932, 'name': 'temperature c', 'parameter': {'id': 100, 'name': 'temperature', 'units': 'c', 'displayName': 'Temperature (C)'}}, {'id': 12391933, 'name': 'um003 particles/cm³', 'parameter': {'id': 125, 'name': 'um003', 'units': 'particles/cm³', 'displayName': 'PM0.3 count'}}]","[{'id': 41, 'name': 'CC BY 4.0', 'attribution': {'name': 'UNICEF', 'url': None}, 'dateFrom': '2023-07-15', 'dateTo': None}]","[104.004618, 20.820542, 104.004618, 20.820542]",,68,LA,Lao PDR,11271,UNICEF,66,AirGradient,20.820542,104.004618,2025-03-06T05:00:00Z,2025-03-06T12:00:00+07:00,2026-07-03T15:00:00Z,2026-07-03T22:00:00+07:00
3599599,Xiengkhor - Houaphan,,Asia/Vientiane,False,False,"[{'id': 7, 'name': 'Unknown AirGradient Sensor'}]","[{'id': 12391934, 'name': 'pm1 µg/m³', 'parameter': {'id': 19, 'name': 'pm1', 'units': 'µg/m³', 'displayName': 'PM1'}}, {'id': 12391935, 'name': 'pm25 µg/m³', 'parameter': {'id': 2, 'name': 'pm25', 'units': 'µg/m³', 'displayName': 'PM2.5'}}, {'id': 12391936, 'name': 'relativehumidity %', 'parameter': {'id': 98, 'name': 'relativehumidity', 'units': '%', 'displayName': 'RH'}}, {'id': 12391937, 'name': 'temperature c', 'parameter': {'id': 100, 'name': 'temperature', 'units': 'c', 'displayName': 'Temperature (C)'}}, {'id': 12391938, 'name': 'um003 particles/cm³', 'parameter': {'id': 125, 'name': 'um003', 'units': 'particles/cm³', 'displayName': 'PM0.3 count'}}]","[{'id': 41, 'name': 'CC BY 4.0', 'attribution': {'name': 'UNICEF', 'url': None}, 'dateFrom': '2023-07-15', 'dateTo': None}]","[104.146676, 20.813892, 104.146676, 20.813892]",,68,LA,Lao PDR,11271,UNICEF,66,AirGradient,20.813892,104.146676,2025-03-06T07:00:00Z,2025-03-06T14:00:00+07:00,2026-07-03T15:00:00Z,2026-07-03T22:00:00+07:00
3599600,"Kasy Secondary School - Kasy, Vientiane Province ມັດທະຍົມສົມບູນ ກາສີ",,Asia/Vientiane,False,False,"[{'id': 7, 'name': 'Unknown AirGradient Sensor'}]","[{'id': 12391939, 'name': 'pm1 µg/m³', 'parameter': {'id': 19, 'name': 'pm1', 'units': 'µg/m³', 'displayName': 'PM1'}}, {'id': 12391940, 'name': 'pm25 µg/m³', 'parameter': {'id': 2, 'name': 'pm25', 'units': 'µg/m³', 'displayName': 'PM2.5'}}, {'id': 12391941, 'name': 'relativehumidity %', 'parameter': {'id': 98, 'name': 'relativehumidity', 'units': '%', 'displayName': 'RH'}}, {'id': 12391942, 'name': 'temperature c', 'parameter': {'id': 100, 'name': 'temperature', 'units': 'c', 'displayName': 'Temperature (C)'}}, {'id': 12391943, 'name': 'um003 particles/cm³', 'parameter': {'id': 125, 'name': 'um003', 'units': 'particles/cm³', 'displayName': 'PM0.3 count'}}]","[{'id': 41, 'name': 'CC BY 4.0', 'attribution': {'name': 'UNICEF', 'url': None}, 'dateFrom': '2023-07-15', 'dateTo': None}]","[102.25219, 19.225034, 102.25219, 19.225034]",,68,LA,Lao PDR,11271,UNICEF,66,AirGradient,19.225034,102.25219,2025-03-06T06:00:00Z,2025-03-06T13:00:00+07:00,2026-07-03T15:00:00Z,2026-07-03T22:00:00+07:00
3600181,Mad - Vientiane,,Asia/Vientiane,False,False,"[{'id': 7, 'name': 'Unknown AirGradient Sensor'}]","[{'id': 12392600, 'name': 'pm1 µg/m³', 'parameter': {'id': 19, 'name': 'pm1', 'units': 'µg/m³', 'displayName': 'PM1'}}, {'id': 12392601, 'name': 'pm25 µg/m³', 'parameter': {'id': 2, 'name': 'pm25', 'units': 'µg/m³', 'displayName': 'PM2.5'}}, {'id': 12392602, 'name': 'relativehumidity %', 'parameter': {'id': 98, 'name': 'relativehumidity', 'units': '%', 'displayName': 'RH'}}, {'id': 12392603, 'name': 'temperature c', 'parameter': {'id': 100, 'name': 'temperature', 'units': 'c', 'displayName': 'Temperature (C)'}}, {'id': 12392604, 'name': 'um003 particles/cm³', 'parameter': {'id': 125, 'name': 'um003', 'units': 'particles/cm³', 'displayName': 'PM0.3 count'}}]","[{'id': 41, 'name': 'CC BY 4.0', 'attribution': {'name': 'UNICEF', 'url': None}, 'dateFrom': '2023-07-15', 'dateTo': None}]","[101.76322, 18.448868, 101.76322, 18.448868]",,68,LA,Lao PDR,11271,UNICEF,66,AirGradient,18.448868,101.76322,2025-03-06T07:00:00Z,2025-03-06T14:00:00+07:00,2026-07-03T15:00:00Z,2026-07-03T22:00:00+07:00
3600182,Xaybuly - Savannakhet,,Asia/Vientiane,False,False,"[{'id': 7, 'name': 'Unknown AirGradient Sensor'}]","[{'id': 12392605, 'name': 'pm1 µg/m³', 'parameter': {'id': 19, 'name': 'pm1', 'units': 'µg/m³', 'displayName': 'PM1'}}, {'id': 12392606, 'name': 'pm25 µg/m³', 'parameter': {'id': 2, 'name': 'pm25', 'units': 'µg/m³', 'displayName': 'PM2.5'}}, {'id': 12392607, 'name': 'relativehumidity %', 'parameter': {'id': 98, 'name': 'relativehumidity', 'units': '%', 'displayName': 'RH'}}, {'id': 12392608, 'name': 'temperature c', 'parameter': {'id': 100, 'name': 'temperature', 'units': 'c', 'displayName': 'Temperature (C)'}}, {'id': 12392609, 'name': 'um003 particles/cm³', 'parameter': {'id': 125, 'name': 'um003', 'units': 'particles/cm³', 'displayName': 'PM0.3 count'}}]","[{'id': 41, 'name': 'CC BY 4.0', 'attribution': {'name': 'UNICEF', 'url': None}, 'dateFrom': '2023-07-15', 'dateTo': None}]","[104.87732, 17.075181, 104.87732, 17.075181]",,68,LA,Lao PDR,11271,UNICEF,66,AirGradient,17.075181,104.87732,2025-03-06T06:00:00Z,2025-03-06T13:00:00+07:00,2026-07-03T15:00:00Z,2026-07-03T22:00:00+07:00
3600183,"Vapy Secondary School - Vapy, Saravane ມັດທະຍົມສົມບູນ ວາປີ",,Asia/Vientiane,False,False,"[{'id': 7, 'name': 'Unknown AirGradient Sensor'}]","[{'id': 12392610, 'name': 'pm1 µg/m³', 'parameter': {'id': 19, 'name': 'pm1', 'units': 'µg/m³', 'displayName': 'PM1'}}, {'id': 12392611, 'name': 'pm25 µg/m³', 'parameter': {'id': 2, 'name': 'pm25', 'units': 'µg/m³', 'displayName': 'PM2.5'}}, {'id': 12392612, 'name': 'relativehumidity %', 'parameter': {'id': 98, 'name': 'relativehumidity', 'units': '%', 'displayName': 'RH'}}, {'id': 12392613, 'name': 'temperature c', 'parameter': {'id': 100, 'name': 'temperature', 'units': 'c', 'displayName': 'Temperature (C)'}}, {'id': 12392614, 'name': 'um003 particles/cm³', 'parameter': {'id': 125, 'name': 'um003', 'units': 'particles/cm³', 'displayName': 'PM0.3 count'}}]","[{'id': 41, 'name': 'CC BY 4.0', 'attribution': {'name': 'UNICEF', 'url': None}, 'dateFrom': '2023-07-15', 'dateTo': None}]","[106.07474, 15.697405, 106.07474, 15.697405]",,68,LA,Lao PDR,11271,UNICEF,66,AirGradient,15.697405,106.07474,2025-03-06T06:00:00Z,2025-03-06T13:00:00+07:00,2026-07-03T15:00:00Z,2026-07-03T22:00:00+07:00
3600715,"Lao-Viet Friendship Secondary School - Saysetha, Vientiane Capital ມັດທະຍົມ ມິດຕະພາບລາວ-ຫວຽດນາມ",,Asia/Vientiane,False,False,"[{'id': 7, 'name': 'Unknown AirGradient Sensor'}]","[{'id': 12393262, 'name': 'pm1 µg/m³', 'parameter': {'id': 19, 'name': 'pm1', 'units': 'µg/m³', 'displayName': 'PM1'}}, {'id': 12393263, 'name': 'pm25 µg/m³', 'parameter': {'id': 2, 'name': 'pm25', 'units': 'µg/m³', 'displayName': 'PM2.5'}}, {'id': 12393264, 'name': 'relativehumidity %', 'parameter': {'id': 98, 'name': 'relativehumidity', 'units': '%', 'displayName': 'RH'}}, {'id': 12393265, 'name': 'temperature c', 'parameter': {'id': 100, 'name': 'temperature', 'units': 'c', 'displayName': 'Temperature (C)'}}, {'id': 12393266, 'name': 'um003 particles/cm³', 'parameter': {'id': 125, 'name': 'um003', 'units': 'particles/cm³', 'displayName': 'PM0.3 count'}}]","[{'id': 41, 'name': 'CC BY 4.0', 'attribution': {'name': 'UNICEF', 'url': None}, 'dateFrom': '2023-07-15', 'dateTo': None}]","[102.64154, 17.995877, 102.64154, 17.995877]",,68,LA,Lao PDR,11271,UNICEF,66,AirGradient,17.995877,102.64154,2025-03-06T09:00:00Z,2025-03-06T16:00:00+07:00,2025-09-16T05:00:00Z,2025-09-16T12:00:00+07:00
3600716,"Sopbao Secondary School - Sopbao, Houaphan ມັດທະຍົມ ສົບເບົາ",,Asia/Vientiane,False,False,"[{'id': 7, 'name': 'Unknown AirGradient Sensor'}]","[{'id': 12393267, 'name': 'pm1 µg/m³', 'parameter': {'id': 19, 'name': 'pm1', 'units': 'µg/m³', 'displayName': 'PM1'}}, {'id': 12393268, 'name': 'pm25 µg/m³', 'parameter': {'id': 2, 'name': 'pm25', 'units': 'µg/m³', 'displayName': 'PM2.5'}}, {'id': 12393269, 'name': 'relativehumidity %', 'parameter': {'id': 98, 'name': 'relativehumidity', 'units': '%', 'displayName': 'RH'}}, {'id': 12393270, 'name': 'temperature c', 'parameter': {'id': 100, 'name': 'temperature', 'units': 'c', 'displayName': 'Temperature (C)'}}, {'id': 12393271, 'name': 'um003 particles/cm³', 'parameter': {'id': 125, 'name': 'um003', 'units': 'particles/cm³', 'displayName': 'PM0.3 count'}}]","[{'id': 41, 'name': 'CC BY 4.0', 'attribution': {'name': 'UNICEF', 'url': None}, 'dateFrom': '2023-07-15', 'dateTo': None}]","[104.384946, 20.710206, 104.384946, 20.710206]",,68,LA,Lao PDR,11271,UNICEF,66,AirGradient,20.710206,104.384946,2025-03-06T08:00:00Z,2025-03-06T15:00:00+07:00,2026-07-03T15:00:00Z,2026-07-03T22:00:00+07:00
3602358,Nga - Oudomxai,,Asia/Vientiane,False,False,"[{'id': 7, 'name': 'Unknown AirGradient Sensor'}]","[{'id': 12394261, 'name': 'pm1 µg/m³', 'parameter': {'id': 19, 'name': 'pm1', 'units': 'µg/m³', 'displayName': 'PM1'}}, {'id': 12394262, 'name': 'pm25 µg/m³', 'parameter': {'id': 2, 'name': 'pm25', 'units': 'µg/m³', 'displayName': 'PM2.5'}}, {'id': 12394263, 'name': 'relativehumidity %', 'parameter': {'id': 98, 'name': 'relativehumidity', 'units': '%', 'displayName': 'RH'}}, {'id': 12394264, 'name': 'temperature c', 'parameter': {'id': 100, 'name': 'temperature', 'units': 'c', 'displayName': 'Temperature (C)'}}, {'id': 12394265, 'name': 'um003 particles/cm³', 'parameter': {'id': 125, 'name': 'um003', 'units': 'particles/cm³', 'displayName': 'PM0.3 count'}}]","[{'id': 41, 'name': 'CC BY 4.0', 'attribution': {'name': 'Unknown Person', 'url': None}, 'dateFrom': '2023-07-15', 'dateTo': None}]","[101.973769, 20.282849, 101.973769, 20.282849]",,68,LA,Lao PDR,11509,Unknown Person,66,AirGradient,20.282849,101.973769,2025-03-06T10:00:00Z,2025-03-06T17:00:00+07:00,2025-10-05T12:00:00Z,2025-10-05T19:00:00+07:00
3602359,Nonghed - Xiengkhouang,,Asia/Vientiane,False,False,"[{'id': 7, 'name': 'Unknown AirGradient Sensor'}]","[{'id': 12394266, 'name': 'pm1 µg/m³', 'parameter': {'id': 19, 'name': 'pm1', 'units': 'µg/m³', 'displayName': 'PM1'}}, {'id': 12394267, 'name': 'pm25 µg/m³', 'parameter': {'id': 2, 'name': 'pm25', 'units': 'µg/m³', 'displayName': 'PM2.5'}}, {'id': 12394268, 'name': 'relativehumidity %', 'parameter': {'id': 98, 'name': 'relativehumidity', 'units': '%', 'displayName': 'RH'}}, {'id': 12394269, 'name': 'temperature c', 'parameter': {'id': 100, 'name': 'temperature', 'units': 'c', 'displayName': 'Temperature (C)'}}, {'id': 12394270, 'name': 'um003 particles/cm³', 'parameter': {'id': 125, 'name': 'um003', 'units': 'particles/cm³', 'displayName': 'PM0.3 count'}}]","[{'id': 41, 'name': 'CC BY 4.0', 'attribution': {'name': 'UNICEF', 'url': None}, 'dateFrom': '2023-07-15', 'dateTo': None}]","[103.986121, 19.49661, 103.986121, 19.49661]",,68,LA,Lao PDR,11271,UNICEF,66,AirGradient,19.49661,103.986121,2025-03-06T10:00:00Z,2025-03-06T17:00:00+07:00,2026-07-03T15:00:00Z,2026-07-03T22:00:00+07:00
3602360,Meun - Vientiane,,Asia/Vientiane,False,False,"[{'id': 7, 'name': 'Unknown AirGradient Sensor'}]","[{'id': 12394271, 'name': 'pm1 µg/m³', 'parameter': {'id': 19, 'name': 'pm1', 'units': 'µg/m³', 'displayName': 'PM1'}}, {'id': 12394272, 'name': 'pm25 µg/m³', 'parameter': {'id': 2, 'name': 'pm25', 'units': 'µg/m³', 'displayName': 'PM2.5'}}, {'id': 12394273, 'name': 'relativehumidity %', 'parameter': {'id': 98, 'name': 'relativehumidity', 'units': '%', 'displayName': 'RH'}}, {'id': 12394274, 'name': 'temperature c', 'parameter': {'id': 100, 'name': 'temperature', 'units': 'c', 'displayName': 'Temperature (C)'}}, {'id': 12394275, 'name': 'um003 particles/cm³', 'parameter': {'id': 125, 'name': 'um003', 'units': 'particles/cm³', 'displayName': 'PM0.3 count'}}]","[{'id': 41, 'name': 'CC BY 4.0', 'attribution': {'name': 'UNICEF', 'url': None}, 'dateFrom': '2023-07-15', 'dateTo': None}]","[101.941138, 18.28379, 101.941138, 18.28379]",,68,LA,Lao PDR,11271,UNICEF,66,AirGradient,18.28379,101.941138,2025-03-06T11:00:00Z,2025-03-06T18:00:00+07:00,2025-06-20T03:00:00Z,2025-06-20T10:00:00+07:00
3612960,"Naxaithong Secondary School - Naxaithong, Vientiane Capital ມັດທະຍົມ ນາຊາຍທອງ",,Asia/Vientiane,False,False,"[{'id': 7, 'name': 'Unknown AirGradient Sensor'}]","[{'id': 12402653, 'name': 'pm1 µg/m³', 'parameter': {'id': 19, 'name': 'pm1', 'units': 'µg/m³', 'displayName': 'PM1'}}, {'id': 12402654, 'name': 'pm25 µg/m³', 'parameter': {'id': 2, 'name': 'pm25', 'units': 'µg/m³', 'displayName': 'PM2.5'}}, {'id': 12402655, 'name': 'relativehumidity %', 'parameter': {'id': 98, 'name': 'relativehumidity', 'units': '%', 'displayName': 'RH'}}, {'id': 12402656, 'name': 'temperature c', 'parameter': {'id': 100, 'name': 'temperature', 'units': 'c', 'displayName': 'Temperature (C)'}}, {'id': 12402657, 'name': 'um003 particles/cm³', 'parameter': {'id': 125, 'name': 'um003', 'units': 'particles/cm³', 'displayName': 'PM0.3 count'}}]","[{'id': 41, 'name': 'CC BY 4.0', 'attribution': {'name': 'UNICEF', 'url': None}, 'dateFrom': '2023-07-15', 'dateTo': None}]","[102.535866, 18.068595, 102.535866, 18.068595]",,68,LA,Lao PDR,11271,UNICEF,66,AirGradient,18.068595,102.535866,2025-03-07T06:00:00Z,2025-03-07T13:00:00+07:00,2026-06-19T03:00:00Z,2026-06-19T10:00:00+07:00
3612961,"Long Secondary School - Long, LuangNamtha ມັດທະຍົມສົມບູນ ເມືອງລອງ",,Asia/Vientiane,False,False,"[{'id': 7, 'name': 'Unknown AirGradient Sensor'}]","[{'id': 12402658, 'name': 'pm1 µg/m³', 'parameter': {'id': 19, 'name': 'pm1', 'units': 'µg/m³', 'displayName': 'PM1'}}, {'id': 12402659, 'name': 'pm25 µg/m³', 'parameter': {'id': 2, 'name': 'pm25', 'units': 'µg/m³', 'displayName': 'PM2.5'}}, {'id': 12402660, 'name': 'relativehumidity %', 'parameter': {'id': 98, 'name': 'relativehumidity', 'units': '%', 'displayName': 'RH'}}, {'id': 12402661, 'name': 'temperature c', 'parameter': {'id': 100, 'name': 'temperature', 'units': 'c', 'displayName': 'Temperature (C)'}}, {'id': 12402662, 'name': 'um003 particles/cm³', 'parameter': {'id': 125, 'name': 'um003', 'units': 'particles/cm³', 'displayName': 'PM0.3 count'}}]","[{'id': 41, 'name': 'CC BY 4.0', 'attribution': {'name': 'UNICEF', 'url': None}, 'dateFrom': '2023-07-15', 'dateTo': None}]","[100.82109, 20.962029, 100.82109, 20.962029]",,68,LA,Lao PDR,11271,UNICEF,66,AirGradient,20.962029,100.82109,2025-03-07T06:00:00Z,2025-03-07T13:00:00+07:00,2026-06-02T09:00:00Z,2026-06-02T16:00:00+07:00
3612962,"Sing Secondary School - Sing, LuangNamtha ມັດທະຍົມສົມບູນ ເມືອງສິງ",,Asia/Vientiane,False,False,"[{'id': 7, 'name': 'Unknown AirGradient Sensor'}]","[{'id': 12402663, 'name': 'pm1 µg/m³', 'parameter': {'id': 19, 'name': 'pm1', 'units': 'µg/m³', 'displayName': 'PM1'}}, {'id': 12402664, 'name': 'pm25 µg/m³', 'parameter': {'id': 2, 'name': 'pm25', 'units': 'µg/m³', 'displayName': 'PM2.5'}}, {'id': 12402665, 'name': 'relativehumidity %', 'parameter': {'id': 98, 'name': 'relativehumidity', 'units': '%', 'displayName': 'RH'}}, {'id': 12402666, 'name': 'temperature c', 'parameter': {'id': 100, 'name': 'temperature', 'units': 'c', 'displayName': 'Temperature (C)'}}, {'id': 12402667, 'name': 'um003 particles/cm³', 'parameter': {'id': 125, 'name': 'um003', 'units': 'particles/cm³', 'displayName': 'PM0.3 count'}}]","[{'id': 41, 'name': 'CC BY 4.0', 'attribution': {'name': 'UNICEF', 'url': None}, 'dateFrom': '2023-07-15', 'dateTo': None}]","[101.144937, 21.190223, 101.144937, 21.190223]",,68,LA,Lao PDR,11271,UNICEF,66,AirGradient,21.190223,101.144937,2025-03-07T06:00:00Z,2025-03-07T13:00:00+07:00,2026-07-03T15:00:00Z,2026-07-03T22:00:00+07:00
