<?xml version="1.0" encoding="UTF-8"?><kml xmlns="http://www.opengis.net/kml/2.2"><Document><name>overpass-turbo.eu export</name><description>Filtered OSM data converted to KML by overpass turbo.
Copyright: The data included in this document is from www.openstreetmap.org. The data is made available under ODbL.
Timestamp: 2026-07-04T15:44:00Z</description><Placemark><name>École Primaire Louang Prabang</name><ExtendedData><Data name="@id"><value>relation/3494710</value></Data><Data name="amenity"><value>school</value></Data><Data name="name"><value>École Primaire Louang Prabang</value></Data><Data name="name:en"><value>Luang Prabang Primary School</value></Data><Data name="name:fr"><value>École Primaire Louang Prabang</value></Data><Data name="office"><value>educational_institution</value></Data><Data name="type"><value>multipolygon</value></Data></ExtendedData><Polygon><outerBoundaryIs><LinearRing><coordinates>102.1388047,19.8936996 102.1390437,19.8933987 102.140187,19.8941999 102.139957,19.8944944 102.1388047,19.8936996</coordinates></LinearRing></outerBoundaryIs><innerBoundaryIs><LinearRing><coordinates>102.1393544,19.8940651 102.1394343,19.8939622 102.1390268,19.8936822 102.1389468,19.8937851 102.1393544,19.8940651</coordinates></LinearRing></innerBoundaryIs><innerBoundaryIs><LinearRing><coordinates>102.1394299,19.8940147 102.1395404,19.8940927 102.1396773,19.893921 102.1395669,19.8938431 102.1394299,19.8940147</coordinates></LinearRing></innerBoundaryIs><innerBoundaryIs><LinearRing><coordinates>102.1395486,19.894189 102.1399415,19.8944577 102.1400144,19.8943635 102.1396215,19.8940948 102.1395486,19.894189</coordinates></LinearRing></innerBoundaryIs></Polygon></Placemark><Placemark><name>Lycėe de Vientiane</name><ExtendedData><Data name="@id"><value>relation/10692035</value></Data><Data name="amenity"><value>school</value></Data><Data name="education"><value>school</value></Data><Data name="name"><value>Lycėe de Vientiane</value></Data><Data name="name:th"><value>โรงเรียนมัธยมศึกษาสมบูรณ์เวียงจันทน์</value></Data><Data name="type"><value>multipolygon</value></Data></ExtendedData><Polygon><outerBoundaryIs><LinearRing><coordinates>102.6151967,17.970364 102.6151168,17.9702812 102.6150372,17.9701987 102.6149714,17.9701256 102.6148705,17.9700136 102.6147533,17.9698743 102.6147291,17.9698454 102.6145324,17.9696116 102.6145019,17.9695753 102.6153289,17.9689779 102.615354,17.9689654 102.6155819,17.9689055 102.6156794,17.9688814 102.6160844,17.9692437 102.6164921,17.9688303 102.6177259,17.9700244 102.6176883,17.970305 102.6171685,17.9708125 102.6170073,17.9709699 102.6167293,17.9712413 102.6166857,17.9712839 102.6166691,17.9713001 102.6165779,17.9712235 102.6162507,17.9710908 102.6160917,17.9710705 102.6158135,17.9708816 102.6156392,17.9707285 102.6155748,17.9704581 102.6154889,17.9704479 102.615446,17.970402 102.6153387,17.9703867 102.6152207,17.9704122 102.6151967,17.970364</coordinates></LinearRing></outerBoundaryIs><innerBoundaryIs><LinearRing><coordinates>102.6153144,17.9690628 102.6156523,17.9693243 102.6157279,17.969236 102.61539,17.9689745 102.6153144,17.9690628</coordinates></LinearRing></innerBoundaryIs><innerBoundaryIs><LinearRing><coordinates>102.6155358,17.9690006 102.6157691,17.9691801 102.6158515,17.9690832 102.6156182,17.9689037 102.6155358,17.9690006</coordinates></LinearRing></innerBoundaryIs><innerBoundaryIs><LinearRing><coordinates>102.616364,17.9690557 102.6164474,17.9691214 102.6165326,17.9690234 102.6164493,17.9689577 102.616364,17.9690557</coordinates></LinearRing></innerBoundaryIs><innerBoundaryIs><LinearRing><coordinates>102.6161385,17.9692046 102.6162458,17.9693165 102.6163182,17.9693216 102.6164099,17.9692421 102.616511,17.9693476 102.6166616,17.9692169 102.616539,17.9690891 102.6164256,17.9691875 102.6163042,17.9690608 102.6161385,17.9692046</coordinates></LinearRing></innerBoundaryIs><innerBoundaryIs><LinearRing><coordinates>102.6168981,17.9696826 102.6168717,17.9697064 102.6167428,17.9695775 102.6167082,17.9696088 102.6169338,17.9698344 102.6169853,17.9697878 102.6169947,17.9697793 102.6168981,17.9696826</coordinates></LinearRing></innerBoundaryIs><innerBoundaryIs><LinearRing><coordinates>102.6171125,17.9699285 102.6171028,17.9699191 102.6171134,17.9699095 102.6170479,17.9698558 102.6169824,17.9698022 102.6168885,17.9698898 102.6170186,17.9700161 102.6171125,17.9699285</coordinates></LinearRing></innerBoundaryIs><innerBoundaryIs><LinearRing><coordinates>102.6174399,17.9702094 102.6173636,17.9702798 102.6174829,17.970397 102.6175593,17.9703266 102.6174399,17.9702094</coordinates></LinearRing></innerBoundaryIs><innerBoundaryIs><LinearRing><coordinates>102.6161,17.9697755 102.6165211,17.9698035 102.6165384,17.9695695 102.6161173,17.9695414 102.6161,17.9697755</coordinates></LinearRing></innerBoundaryIs><innerBoundaryIs><LinearRing><coordinates>102.6166418,17.9700293 102.6166319,17.9701347 102.6171576,17.9701793 102.6171616,17.970137 102.6171228,17.9701329 102.6171277,17.9700914 102.6171655,17.9700953 102.6171675,17.970074 102.6166418,17.9700293</coordinates></LinearRing></innerBoundaryIs><innerBoundaryIs><LinearRing><coordinates>102.615298,17.9700297 102.615742,17.9700648 102.615752,17.9699513 102.6156767,17.9699453 102.6156391,17.9699759 102.615305,17.9699494 102.615298,17.9700297</coordinates></LinearRing></innerBoundaryIs><innerBoundaryIs><LinearRing><coordinates>102.6149091,17.9699595 102.615593,17.9694778 102.6152692,17.969062 102.6145854,17.9695437 102.6149091,17.9699595</coordinates></LinearRing></innerBoundaryIs><innerBoundaryIs><LinearRing><coordinates>102.6171474,17.9707807 102.6175001,17.9704439 102.6174135,17.9703618 102.6170608,17.9706986 102.617102,17.9707377 102.6171474,17.9707807</coordinates></LinearRing></innerBoundaryIs><innerBoundaryIs><LinearRing><coordinates>102.6165372,17.9708215 102.6167599,17.9708373 102.6169172,17.9708485 102.6169825,17.9708532 102.6170388,17.9708572 102.6170442,17.9707884 102.6170501,17.970713 102.6169392,17.9707051 102.6169369,17.9707336 102.6166659,17.9707143 102.6166681,17.9706858 102.6165486,17.9706773 102.6165372,17.9708215</coordinates></LinearRing></innerBoundaryIs><innerBoundaryIs><LinearRing><coordinates>102.6159592,17.9707769 102.6164675,17.9708215 102.6164833,17.9706587 102.6163698,17.9706487 102.6163674,17.9706734 102.6161002,17.9706499 102.6161026,17.9706252 102.615975,17.970614 102.6159592,17.9707769</coordinates></LinearRing></innerBoundaryIs><innerBoundaryIs><LinearRing><coordinates>102.6158555,17.9707345 102.6158541,17.9707528 102.6159225,17.9707574 102.6159431,17.9704807 102.6158734,17.970476 102.6158799,17.9703893 102.6165094,17.9704318 102.6165155,17.9703504 102.6159307,17.970311 102.6159605,17.9699105 102.6165668,17.9699513 102.6165738,17.9698569 102.6159699,17.9698164 102.6159993,17.9694208 102.6165792,17.9694598 102.6165847,17.9693854 102.615905,17.9693399 102.6158343,17.9702969 102.6158085,17.9703695 102.6157886,17.9703681 102.6157857,17.9704068 102.6157833,17.9704399 102.61571,17.9704349 102.6156968,17.9706121 102.6156885,17.9707232 102.6158555,17.9707345</coordinates></LinearRing></innerBoundaryIs></Polygon></Placemark><Placemark><ExtendedData><Data name="@id"><value>relation/17572737</value></Data><Data name="amenity"><value>school</value></Data><Data name="type"><value>multipolygon</value></Data></ExtendedData><Polygon><outerBoundaryIs><LinearRing><coordinates>105.7358068,14.5533456 105.7358986,14.5541048 105.7349655,14.5543854 105.7347227,14.553629 105.7358068,14.5533456</coordinates></LinearRing></outerBoundaryIs></Polygon></Placemark><Placemark><name>ຕຶກ ອິກ</name><ExtendedData><Data name="@id"><value>way/87967535</value></Data><Data name="amenity"><value>school</value></Data><Data name="building"><value>yes</value></Data><Data name="name"><value>ຕຶກ ອິກ</value></Data></ExtendedData><Polygon><outerBoundaryIs><LinearRing><coordinates>102.6375789,18.0388022 102.6375482,18.038653 102.6379775,18.0385731 102.6380623,18.0389848 102.6376255,18.0390661 102.6375948,18.0389172 102.6378747,18.0388651 102.6378513,18.0387515 102.6375789,18.0388022</coordinates></LinearRing></outerBoundaryIs></Polygon></Placemark><Placemark><name>lap</name><ExtendedData><Data name="@id"><value>way/87967540</value></Data><Data name="amenity"><value>school</value></Data><Data name="building"><value>yes</value></Data><Data name="name"><value>lap</value></Data></ExtendedData><Polygon><outerBoundaryIs><LinearRing><coordinates>102.63725,18.038096 102.6372247,18.0379811 102.6377757,18.0378713 102.637801,18.0379862 102.63725,18.038096</coordinates></LinearRing></outerBoundaryIs></Polygon></Placemark><Placemark><name>PUV Building</name><ExtendedData><Data name="@id"><value>way/87967543</value></Data><Data name="amenity"><value>school</value></Data><Data name="building"><value>yes</value></Data><Data name="name"><value>PUV Building</value></Data></ExtendedData><Polygon><outerBoundaryIs><LinearRing><coordinates>102.6373234,18.0383506 102.6373027,18.0382526 102.6378004,18.0381575 102.6378211,18.0382556 102.6373234,18.0383506</coordinates></LinearRing></outerBoundaryIs></Polygon></Placemark><Placemark><name>ໂຮງຮຽນເຕັກນິກ-ວິຊາຊີບແບບປະສົມ ແຂວງ ອຸດົມໄຊ</name><ExtendedData><Data name="@id"><value>way/127494186</value></Data><Data name="amenity"><value>school</value></Data><Data name="name"><value>ໂຮງຮຽນເຕັກນິກ-ວິຊາຊີບແບບປະສົມ ແຂວງ ອຸດົມໄຊ</value></Data><Data name="name:en"><value>Integrated Vocational Education and Training School of Oudomxay</value></Data><Data name="name:lo"><value>ໂຮງຮຽນເຕັກນິກ-ວິຊາຊີບແບບປະສົມ ແຂວງ ອຸດົມໄຊ</value></Data></ExtendedData><Polygon><outerBoundaryIs><LinearRing><coordinates>102.0065296,20.7084034 102.006488,20.7083671 102.0064663,20.7083239 102.0064375,20.7079395 102.0064174,20.7075383 102.0079543,20.707185 102.0082181,20.707161 102.0085846,20.7070587 102.0088264,20.7070313 102.0090886,20.7070449 102.009272,20.7070545 102.00942,20.7070622 102.0100218,20.7070887 102.0105646,20.7071127 102.0108783,20.7071265 102.0112782,20.7088397 102.0105581,20.7092731 102.0097347,20.7094664 102.0096528,20.7094759 102.0095886,20.7094601 102.0065296,20.7084034</coordinates></LinearRing></outerBoundaryIs></Polygon></Placemark><Placemark><name>ຄະນະວິທະຍາສາດສັງຄົມ</name><ExtendedData><Data name="@id"><value>way/181623571</value></Data><Data name="amenity"><value>school</value></Data><Data name="building"><value>yes</value></Data><Data name="check_date"><value>2026-06-07</value></Data><Data name="name"><value>ຄະນະວິທະຍາສາດສັງຄົມ</value></Data><Data name="note"><value>ຕຶກສຳນັກຄະນະບໍ່ດີ ຄວຄ</value></Data></ExtendedData><Polygon><outerBoundaryIs><LinearRing><coordinates>102.6381943,18.0410371 102.6381613,18.0409116 102.6385596,18.040817 102.6385925,18.0409424 102.6381943,18.0410371</coordinates></LinearRing></outerBoundaryIs></Polygon></Placemark><Placemark><name>ອາຄານຮຽນຄະນະວິທະຍາສາດສັງຄົມ</name><ExtendedData><Data name="@id"><value>way/181623843</value></Data><Data name="amenity"><value>school</value></Data><Data name="building"><value>yes</value></Data><Data name="name"><value>ອາຄານຮຽນຄະນະວິທະຍາສາດສັງຄົມ</value></Data><Data name="name:en"><value>Educational Institute for Travel and Hotel Professions</value></Data><Data name="name:lo"><value>ອາຄານຮຽນຄະນະວິທະຍາສາດສັງຄົມ</value></Data><Data name="short_name"><value>ອາຄານຮຽນ ຄສຄ</value></Data></ExtendedData><Polygon><outerBoundaryIs><LinearRing><coordinates>102.6378673,18.040312 102.6378432,18.0402217 102.6380317,18.0401763 102.6380534,18.040258 102.6381134,18.0404832 102.6381998,18.0408077 102.6379945,18.0408571 102.6379697,18.040764 102.6380556,18.0407434 102.6380059,18.0405567 102.6379543,18.0405691 102.6379392,18.0405124 102.6379328,18.0404884 102.6379908,18.0404744 102.6379427,18.0402938 102.6378673,18.040312</coordinates></LinearRing></outerBoundaryIs></Polygon></Placemark><Placemark><name>ຄະນະວິທະຍາສາດສັງຄົມ</name><ExtendedData><Data name="@id"><value>way/182653679</value></Data><Data name="amenity"><value>school</value></Data><Data name="building"><value>yes</value></Data><Data name="name"><value>ຄະນະວິທະຍາສາດສັງຄົມ</value></Data></ExtendedData><Polygon><outerBoundaryIs><LinearRing><coordinates>102.6367882,18.0413146 102.6367634,18.0412109 102.6371549,18.0411262 102.6371798,18.04123 102.6367882,18.0413146</coordinates></LinearRing></outerBoundaryIs></Polygon></Placemark><Placemark><name>ສຳນັກງານ ຄວທ</name><ExtendedData><Data name="@id"><value>way/182788439</value></Data><Data name="amenity"><value>school</value></Data><Data name="building"><value>yes</value></Data><Data name="name"><value>ສຳນັກງານ ຄວທ</value></Data></ExtendedData><Polygon><outerBoundaryIs><LinearRing><coordinates>102.6365413,18.0404126 102.6364234,18.0399443 102.6366105,18.0399017 102.6367284,18.04037 102.6365413,18.0404126</coordinates></LinearRing></outerBoundaryIs></Polygon></Placemark><Placemark><name>ອາຄານຮຽນ ພາສາ ອັງກິດ</name><ExtendedData><Data name="@id"><value>way/184853150</value></Data><Data name="amenity"><value>school</value></Data><Data name="building"><value>yes</value></Data><Data name="check_date"><value>2026-06-07</value></Data><Data name="name"><value>ອາຄານຮຽນ ພາສາ ອັງກິດ</value></Data></ExtendedData><Polygon><outerBoundaryIs><LinearRing><coordinates>102.6382705,18.0400439 102.638148,18.0395444 102.6382589,18.0395198 102.6383814,18.0400193 102.6382705,18.0400439</coordinates></LinearRing></outerBoundaryIs></Polygon></Placemark><Placemark><name>ຫ້ອງການ ແຕ່ລະພາກວິຊາ ຂອງ ຄອສ</name><ExtendedData><Data name="@id"><value>way/184853220</value></Data><Data name="amenity"><value>school</value></Data><Data name="building"><value>yes</value></Data><Data name="name"><value>ຫ້ອງການ ແຕ່ລະພາກວິຊາ ຂອງ ຄອສ</value></Data></ExtendedData><Polygon><outerBoundaryIs><LinearRing><coordinates>102.6368426,18.039207 102.6368129,18.0390875 102.6375289,18.0389264 102.6375587,18.0390458 102.6368426,18.039207</coordinates></LinearRing></outerBoundaryIs></Polygon></Placemark><Placemark><name>ສໍານັກງານ ຄະນະອັກສອນສາດ ມ.ຊ</name><ExtendedData><Data name="@id"><value>way/184853282</value></Data><Data name="amenity"><value>school</value></Data><Data name="building"><value>yes</value></Data><Data name="name"><value>ສໍານັກງານ ຄະນະອັກສອນສາດ ມ.ຊ</value></Data></ExtendedData><Polygon><outerBoundaryIs><LinearRing><coordinates>102.6367824,18.038955 102.6367563,18.0388394 102.6374783,18.0386921 102.6375044,18.0388076 102.6367824,18.038955</coordinates></LinearRing></outerBoundaryIs></Polygon></Placemark><Placemark><name>ສູນ I T ມ.ຊ</name><ExtendedData><Data name="@id"><value>way/184853438</value></Data><Data name="amenity"><value>school</value></Data><Data name="building"><value>yes</value></Data><Data name="name"><value>ສູນ I T ມ.ຊ</value></Data></ExtendedData><Polygon><outerBoundaryIs><LinearRing><coordinates>102.6362976,18.0393122 102.6362277,18.0390323 102.6363906,18.0389955 102.6364605,18.0392754 102.6362976,18.0393122</coordinates></LinearRing></outerBoundaryIs></Polygon></Placemark><Placemark><name>ສະໂມສອນໃຫຍ່ ມ.ຊ</name><ExtendedData><Data name="@id"><value>way/184854024</value></Data><Data name="amenity"><value>school</value></Data><Data name="building"><value>yes</value></Data><Data name="name"><value>ສະໂມສອນໃຫຍ່ ມ.ຊ</value></Data></ExtendedData><Polygon><outerBoundaryIs><LinearRing><coordinates>102.6367041,18.0380009 102.6365919,18.037477 102.637033,18.0373916 102.637079,18.0376063 102.6372585,18.0375716 102.6372695,18.0376229 102.637363,18.0376048 102.637382,18.0376934 102.6375743,18.0376561 102.637608,18.0378134 102.6374182,18.0378501 102.6374258,18.0378854 102.637315,18.0379068 102.6373094,18.0378808 102.6372877,18.037885 102.6372647,18.0377777 102.6371325,18.0378033 102.6371561,18.0379134 102.6367041,18.0380009</coordinates></LinearRing></outerBoundaryIs></Polygon></Placemark><Placemark><name>ສໍານັກງານ ອະທິການ ບໍດີ ມ.ຊ</name><ExtendedData><Data name="@id"><value>way/184854173</value></Data><Data name="amenity"><value>school</value></Data><Data name="building"><value>school</value></Data><Data name="name"><value>ສໍານັກງານ ອະທິການ ບໍດີ ມ.ຊ</value></Data></ExtendedData><Polygon><outerBoundaryIs><LinearRing><coordinates>102.6364282,18.0373651 102.6363716,18.0371091 102.6364632,18.0370908 102.6364694,18.037119 102.6367054,18.0370718 102.636649,18.0368154 102.6365973,18.0365834 102.6365621,18.0365904 102.6365529,18.0365491 102.6364491,18.0365699 102.6364566,18.0366039 102.6363889,18.0366174 102.6363815,18.0365839 102.636311,18.0365981 102.6362786,18.0364516 102.6363438,18.0364385 102.6363382,18.036413 102.6363855,18.0364035 102.6363921,18.0364335 102.6365229,18.0364074 102.6365061,18.0363315 102.6366406,18.0363046 102.636653,18.0363608 102.6367431,18.0363428 102.6367342,18.0363027 102.6368285,18.0362838 102.6368331,18.0363046 102.6368816,18.0362949 102.636924,18.0364865 102.6368718,18.036497 102.6368806,18.036537 102.6367888,18.0365554 102.6367818,18.0365235 102.6366934,18.0365412 102.6367005,18.0365733 102.6366651,18.0365804 102.6367133,18.0368036 102.6367724,18.0370655 102.6370049,18.037019 102.6369981,18.0369883 102.6370928,18.0369694 102.637148,18.0372187 102.6370502,18.0372383 102.6370241,18.0371204 102.6367904,18.0371672 102.6367986,18.0372041 102.6367141,18.0372209 102.6367096,18.0372006 102.6364885,18.0372448 102.6365114,18.0373484 102.6364282,18.0373651</coordinates></LinearRing></outerBoundaryIs></Polygon></Placemark><Placemark><name>ຕະຫຼາດໃໝ່ ມ.ຊ</name><ExtendedData><Data name="@id"><value>way/186108579</value></Data><Data name="amenity"><value>school</value></Data><Data name="building"><value>yes</value></Data><Data name="name"><value>ຕະຫຼາດໃໝ່ ມ.ຊ</value></Data></ExtendedData><Polygon><outerBoundaryIs><LinearRing><coordinates>102.6368089,18.0450467 102.636492,18.0436581 102.6370071,18.0435628 102.6370853,18.0439365 102.6373341,18.0449416 102.6368089,18.0450467</coordinates></LinearRing></outerBoundaryIs></Polygon></Placemark><Placemark><name>Vientiane International School</name><ExtendedData><Data name="@id"><value>way/188434167</value></Data><Data name="addr:city"><value>Vientiane</value></Data><Data name="addr:street"><value>Phonesavanh Road</value></Data><Data name="addr:suburb"><value>Saphanthong Tai</value></Data><Data name="amenity"><value>school</value></Data><Data name="barrier"><value>fence</value></Data><Data name="email"><value>contact@ourvis.com</value></Data><Data name="fax"><value>+856 21 486009</value></Data><Data name="name"><value>Vientiane International School</value></Data><Data name="name:en"><value>Vientiane International School</value></Data><Data name="name:lo"><value>ໂຮງຮຽນນານາຊາດວຽງຈັນ</value></Data><Data name="phone"><value>+856 21 486001</value></Data><Data name="website"><value>https://www.vislao.com/</value></Data><Data name="wikidata"><value>Q7928382</value></Data></ExtendedData><Polygon><outerBoundaryIs><LinearRing><coordinates>102.6248879,17.9494313 102.624879,17.9494006 102.624829,17.9492157 102.6248619,17.949209 102.6249278,17.9491971 102.6249207,17.9491763 102.6249151,17.9491498 102.6249034,17.9490907 102.6248453,17.9488038 102.6248363,17.9487369 102.6258658,17.9485924 102.6258459,17.9485306 102.6261866,17.9484327 102.6261715,17.9483797 102.6265956,17.9482678 102.6266551,17.9482509 102.6266962,17.9482393 102.6267747,17.9482172 102.6270737,17.9481331 102.6277377,17.947951 102.6279908,17.9487392 102.627848,17.9487821 102.6278702,17.9488612 102.6276253,17.9490407 102.6276498,17.9491227 102.6275672,17.9491438 102.6277023,17.9494584 102.6274717,17.9495341 102.6272527,17.9495992 102.627042,17.9496446 102.6268978,17.9493381 102.6264719,17.949463 102.6263864,17.9494881 102.6263124,17.9495098 102.6260141,17.9495797 102.6257708,17.9496344 102.625574,17.9496735 102.6255019,17.9496884 102.6252276,17.9497475 102.62514,17.949387 102.6248879,17.9494313</coordinates></LinearRing></outerBoundaryIs></Polygon></Placemark><Placemark><name>ມປ ສີສັດຕະນາກ</name><ExtendedData><Data name="@id"><value>way/230398852</value></Data><Data name="amenity"><value>school</value></Data><Data name="name"><value>ມປ ສີສັດຕະນາກ</value></Data><Data name="name:en"><value>Sisattanak High School</value></Data><Data name="name:lo"><value>ມປ ສີສັດຕະນາກ</value></Data></ExtendedData><Polygon><outerBoundaryIs><LinearRing><coordinates>102.6235727,17.9111423 102.6224578,17.9111292 102.6224727,17.9104698 102.6235755,17.910497 102.6235727,17.9111423</coordinates></LinearRing></outerBoundaryIs></Polygon></Placemark><Placemark><name>ໂຮງຮຽນສ້າງຄູຫາດຊາຍຂາວ</name><ExtendedData><Data name="@id"><value>way/231662173</value></Data><Data name="amenity"><value>school</value></Data><Data name="name"><value>ໂຮງຮຽນສ້າງຄູຫາດຊາຍຂາວ</value></Data><Data name="name:en"><value>Non-Formal Education Development Center</value></Data></ExtendedData><Polygon><outerBoundaryIs><LinearRing><coordinates>102.6324294,17.9069399 102.6321987,17.9069909 102.6321182,17.9066132 102.6320163,17.9060109 102.6317856,17.9058016 102.6317266,17.9055974 102.6316086,17.9051227 102.6321451,17.9049644 102.6322953,17.9051737 102.6326171,17.9050104 102.6327137,17.9049338 102.6327834,17.9049236 102.6327459,17.9051686 102.6328424,17.9056127 102.6329604,17.9059853 102.6331428,17.9062865 102.63319,17.9063763 102.6332018,17.9064498 102.6332769,17.9067408 102.6332823,17.9069399 102.6324294,17.9069399</coordinates></LinearRing></outerBoundaryIs></Polygon></Placemark><Placemark><name>Sounantha</name><ExtendedData><Data name="@id"><value>way/238984214</value></Data><Data name="amenity"><value>school</value></Data><Data name="name"><value>Sounantha</value></Data><Data name="school"><value>primary</value></Data></ExtendedData><Polygon><outerBoundaryIs><LinearRing><coordinates>104.746429,16.5645442 104.7456328,16.5644908 104.7456822,16.5638899 104.7457816,16.5638288 104.7464904,16.5638992 104.7465229,16.5639317 104.746429,16.5645442</coordinates></LinearRing></outerBoundaryIs></Polygon></Placemark><Placemark><name>Ecole Elementaire de Vangvieng</name><ExtendedData><Data name="@id"><value>way/240338441</value></Data><Data name="amenity"><value>school</value></Data><Data name="name"><value>Ecole Elementaire de Vangvieng</value></Data></ExtendedData><Polygon><outerBoundaryIs><LinearRing><coordinates>102.4460887,18.9214146 102.4466719,18.9214234 102.4466491,18.9224713 102.4461562,18.922467 102.4460925,18.9221855 102.4460887,18.9214146</coordinates></LinearRing></outerBoundaryIs></Polygon></Placemark><Placemark><name>ວິທະຍາໄລເຕັກນິກ ແຂວງວຽງຈັນ ສາຂາວັງວຽງ</name><ExtendedData><Data name="@id"><value>way/240338445</value></Data><Data name="amenity"><value>school</value></Data><Data name="name"><value>ວິທະຍາໄລເຕັກນິກ ແຂວງວຽງຈັນ ສາຂາວັງວຽງ</value></Data><Data name="name:en"><value>Technical college of Vientiane Province Vangvieng Campus</value></Data><Data name="name:ko"><value>위앙짠 주 기술 대학 왕위앙 캠퍼스</value></Data><Data name="name:lo"><value>ວິທະຍາໄລເຕັກນິກ ແຂວງວຽງຈັນ ສາຂາວັງວຽງ</value></Data></ExtendedData><Polygon><outerBoundaryIs><LinearRing><coordinates>102.4460931,18.921187 102.4461201,18.92012 102.4463609,18.9201047 102.4464043,18.9200609 102.4466143,18.9200554 102.4466622,18.9201007 102.4467576,18.9204323 102.4468195,18.9209556 102.4464971,18.9209979 102.4465041,18.921188 102.4460931,18.921187</coordinates></LinearRing></outerBoundaryIs></Polygon></Placemark><Placemark><name>Lao-Japanese-Friendship School</name><ExtendedData><Data name="@id"><value>way/246503044</value></Data><Data name="alt_name"><value>Lao-Vietnamese Khammouane-Quang Binh Friendship School</value></Data><Data name="amenity"><value>school</value></Data><Data name="name"><value>Lao-Japanese-Friendship School</value></Data><Data name="source:alt_name"><value>http://kpl.net.la/english/news/newsrecord/2012/May/24.5.2012/edn7.htm</value></Data></ExtendedData><Polygon><outerBoundaryIs><LinearRing><coordinates>104.8127945,17.4020022 104.8129137,17.4027604 104.8117945,17.4029206 104.8116752,17.4021626 104.8127945,17.4020022</coordinates></LinearRing></outerBoundaryIs></Polygon></Placemark><Placemark><name>Sibonheuan Primary School</name><ExtendedData><Data name="@id"><value>way/253574299</value></Data><Data name="amenity"><value>school</value></Data><Data name="name"><value>Sibonheuan Primary School</value></Data></ExtendedData><Polygon><outerBoundaryIs><LinearRing><coordinates>103.2133848,19.4552484 103.212878,19.4542131 103.2133085,19.4540272 103.213759,19.4538255 103.2138341,19.4538103 103.2140862,19.4537977 103.2141613,19.453828 103.214215,19.4538811 103.2146222,19.4547349 103.214281,19.4548765 103.2133848,19.4552484</coordinates></LinearRing></outerBoundaryIs></Polygon></Placemark><Placemark><ExtendedData><Data name="@id"><value>way/257358445</value></Data><Data name="amenity"><value>school</value></Data></ExtendedData><Polygon><outerBoundaryIs><LinearRing><coordinates>102.6581989,20.6445628 102.6581632,20.6444445 102.6582394,20.6444243 102.6582751,20.6445427 102.6581989,20.6445628</coordinates></LinearRing></outerBoundaryIs></Polygon></Placemark><Placemark><name>Chomthong Lower Secondary School</name><ExtendedData><Data name="@id"><value>way/258066946</value></Data><Data name="amenity"><value>school</value></Data><Data name="name"><value>Chomthong Lower Secondary School</value></Data></ExtendedData><Polygon><outerBoundaryIs><LinearRing><coordinates>103.561076,19.6321847 103.5619631,19.6325339 103.5618112,19.6328959 103.5614248,19.6335977 103.5613835,19.6336641 103.5613005,19.6337234 103.5612045,19.6337393 103.561059,19.6337221 103.5604906,19.6334839 103.561076,19.6321847</coordinates></LinearRing></outerBoundaryIs></Polygon></Placemark><Placemark><name>Highschool</name><ExtendedData><Data name="@id"><value>way/259527138</value></Data><Data name="amenity"><value>school</value></Data><Data name="name"><value>Highschool</value></Data></ExtendedData><Polygon><outerBoundaryIs><LinearRing><coordinates>103.564344,19.6234344 103.565079,19.6219893 103.5658997,19.6223985 103.5655725,19.6229897 103.5652345,19.6237729 103.564344,19.6234344</coordinates></LinearRing></outerBoundaryIs></Polygon></Placemark><Placemark><name>ໂຮງຮຽນປະຖົມບ້ານເລົ່າໜາດ</name><ExtendedData><Data name="@id"><value>way/260555706</value></Data><Data name="amenity"><value>school</value></Data><Data name="name"><value>ໂຮງຮຽນປະຖົມບ້ານເລົ່າໜາດ</value></Data></ExtendedData><Polygon><outerBoundaryIs><LinearRing><coordinates>105.1787625,16.377243 105.1789931,16.377068 105.179357,16.3769139 105.1795147,16.3769588 105.1797213,16.3784372 105.1790021,16.3786075 105.1787625,16.377243</coordinates></LinearRing></outerBoundaryIs></Polygon></Placemark><Placemark><ExtendedData><Data name="@id"><value>way/262647993</value></Data><Data name="amenity"><value>school</value></Data><Data name="building"><value>yes</value></Data></ExtendedData><Polygon><outerBoundaryIs><LinearRing><coordinates>102.6131748,17.8929205 102.6131306,17.8928201 102.6136139,17.892631 102.6137169,17.8928925 102.613609,17.8929345 102.6135476,17.8927921 102.6131748,17.8929205</coordinates></LinearRing></outerBoundaryIs></Polygon></Placemark><Placemark><name>Bokeo Lower Secondary School</name><ExtendedData><Data name="@id"><value>way/271052877</value></Data><Data name="amenity"><value>school</value></Data><Data name="name"><value>Bokeo Lower Secondary School</value></Data></ExtendedData><Polygon><outerBoundaryIs><LinearRing><coordinates>100.4125054,20.2745892 100.4129688,20.2746525 100.412863,20.2753641 100.4122874,20.2752312 100.4125054,20.2745892</coordinates></LinearRing></outerBoundaryIs></Polygon></Placemark><Placemark><name>Viet-Lao School</name><ExtendedData><Data name="@id"><value>way/274568743</value></Data><Data name="amenity"><value>school</value></Data><Data name="name"><value>Viet-Lao School</value></Data></ExtendedData><Polygon><outerBoundaryIs><LinearRing><coordinates>104.8038945,17.4007608 104.803922,17.4005322 104.8040213,17.4005507 104.8040597,17.400345 104.8042231,17.4003804 104.8042833,17.4002372 104.8043346,17.4002577 104.8044564,17.399962 104.804822,17.4001055 104.8051221,17.4002234 104.8054241,17.4003441 104.8061277,17.4006215 104.8060428,17.40083 104.8059456,17.4007898 104.8058554,17.4010155 104.8058046,17.4009968 104.8056387,17.4013147 104.8055277,17.4012967 104.8054752,17.4014281 104.8042636,17.4009382 104.8038945,17.4007608</coordinates></LinearRing></outerBoundaryIs></Polygon></Placemark><Placemark><name>College Nabo</name><ExtendedData><Data name="@id"><value>way/274576316</value></Data><Data name="amenity"><value>school</value></Data><Data name="name"><value>College Nabo</value></Data></ExtendedData><Polygon><outerBoundaryIs><LinearRing><coordinates>104.7998966,17.4023039 104.8008729,17.402699 104.800694,17.4031016 104.800534,17.4034616 104.7995366,17.4030186 104.7998584,17.4022889 104.7998966,17.4023039</coordinates></LinearRing></outerBoundaryIs></Polygon></Placemark><Placemark><name>Thakhek Uppser Secondary School</name><ExtendedData><Data name="@id"><value>way/274576321</value></Data><Data name="amenity"><value>school</value></Data><Data name="name"><value>Thakhek Uppser Secondary School</value></Data></ExtendedData><Polygon><outerBoundaryIs><LinearRing><coordinates>104.8071008,17.3931609 104.8074709,17.3916167 104.8083411,17.3918692 104.8080465,17.3933822 104.8071008,17.3931609</coordinates></LinearRing></outerBoundaryIs></Polygon></Placemark><Placemark><name>Thakhek Uppser Secondary School</name><ExtendedData><Data name="@id"><value>way/274576323</value></Data><Data name="amenity"><value>school</value></Data><Data name="name"><value>Thakhek Uppser Secondary School</value></Data></ExtendedData><Polygon><outerBoundaryIs><LinearRing><coordinates>104.8081061,17.3938484 104.8083684,17.3924611 104.8095153,17.3926778 104.8091141,17.3940793 104.8081061,17.3938484</coordinates></LinearRing></outerBoundaryIs></Polygon></Placemark><Placemark><ExtendedData><Data name="@id"><value>way/291840218</value></Data><Data name="amenity"><value>school</value></Data></ExtendedData><Polygon><outerBoundaryIs><LinearRing><coordinates>102.6777445,20.7083408 102.6775153,20.7086134 102.676908,20.7086699 102.6768142,20.7086085 102.6767987,20.7080113 102.6776469,20.7079849 102.6777445,20.7083408</coordinates></LinearRing></outerBoundaryIs></Polygon></Placemark><Placemark><name>SOS School</name><ExtendedData><Data name="@id"><value>way/294796530</value></Data><Data name="amenity"><value>school</value></Data><Data name="name"><value>SOS School</value></Data><Data name="name:lo"><value>ສູນເດັກກຳພ້າ SOS</value></Data></ExtendedData><Polygon><outerBoundaryIs><LinearRing><coordinates>104.8003924,16.6109005 104.8012121,16.6095254 104.8012409,16.6095049 104.8036257,16.6108989 104.803633,16.6109547 104.8027774,16.6123115 104.8003924,16.6109005</coordinates></LinearRing></outerBoundaryIs></Polygon></Placemark><Placemark><name>Xiengkhouang Provincial Politics and Public Administration School</name><ExtendedData><Data name="@id"><value>way/325834779</value></Data><Data name="amenity"><value>school</value></Data><Data name="name"><value>Xiengkhouang Provincial Politics and Public Administration School</value></Data></ExtendedData><Polygon><outerBoundaryIs><LinearRing><coordinates>103.222732,19.4431912 103.2242256,19.4424607 103.2247566,19.4435291 103.2247861,19.4440198 103.2245769,19.4443713 103.2242068,19.4444573 103.2242282,19.4447356 103.2238929,19.444819 103.2234772,19.4438023 103.2228925,19.4439439 103.222732,19.4431912</coordinates></LinearRing></outerBoundaryIs></Polygon></Placemark><Placemark><name>Asa Phatthana College</name><ExtendedData><Data name="@id"><value>way/325834796</value></Data><Data name="amenity"><value>school</value></Data><Data name="name"><value>Asa Phatthana College</value></Data><Data name="source"><value>on-site research</value></Data></ExtendedData><Polygon><outerBoundaryIs><LinearRing><coordinates>103.2200924,19.4510027 103.2204514,19.4506015 103.2205472,19.4506777 103.2201881,19.4510789 103.2200924,19.4510027</coordinates></LinearRing></outerBoundaryIs></Polygon></Placemark><Placemark><ExtendedData><Data name="@id"><value>way/325834800</value></Data><Data name="amenity"><value>school</value></Data></ExtendedData><Polygon><outerBoundaryIs><LinearRing><coordinates>103.2218158,19.4492926 103.2217907,19.4492115 103.2220399,19.4491429 103.2220651,19.449224 103.2218158,19.4492926</coordinates></LinearRing></outerBoundaryIs></Polygon></Placemark><Placemark><name>Upper Highschool</name><ExtendedData><Data name="@id"><value>way/325835249</value></Data><Data name="amenity"><value>school</value></Data><Data name="name"><value>Upper Highschool</value></Data><Data name="source"><value>on-site research</value></Data></ExtendedData><Polygon><outerBoundaryIs><LinearRing><coordinates>103.2051782,19.4458561 103.2051841,19.4440791 103.2063831,19.4440826 103.2063773,19.4458596 103.2051782,19.4458561</coordinates></LinearRing></outerBoundaryIs></Polygon></Placemark><Placemark><name>ໂຮງຮຽນມັດທະຍົມຕອນປາຍ ໂພນສະຫວັນ</name><ExtendedData><Data name="@id"><value>way/328700419</value></Data><Data name="addr:city"><value>ສະພານໃຕ້</value></Data><Data name="addr:postcode"><value>13000</value></Data><Data name="addr:street"><value>Saphantai 3 Road</value></Data><Data name="amenity"><value>school</value></Data><Data name="name"><value>ໂຮງຮຽນມັດທະຍົມຕອນປາຍ ໂພນສະຫວັນ</value></Data><Data name="name:en"><value>Phonsavan High School</value></Data><Data name="name:lo"><value>ໂຮງຮຽນມັດທະຍົມຕອນປາຍ ໂພນສະຫວັນ</value></Data></ExtendedData><Polygon><outerBoundaryIs><LinearRing><coordinates>104.7527479,16.5458944 104.7528405,16.5455552 104.7529817,16.5451722 104.7536393,16.5434806 104.7537044,16.5434041 104.7545863,16.5431732 104.7549205,16.5436982 104.7553298,16.5443197 104.7550797,16.5444752 104.7549175,16.5448121 104.7546066,16.5451036 104.7540997,16.5453758 104.7540389,16.545609 104.753559,16.5459783 104.7533698,16.545907 104.7527479,16.5458944</coordinates></LinearRing></outerBoundaryIs></Polygon></Placemark><Placemark><name>ໂຮງຮຽນປະຖົມສຶກສາສົມບູນ ໂນນຫີນແຮ່</name><ExtendedData><Data name="@id"><value>way/328700803</value></Data><Data name="amenity"><value>school</value></Data><Data name="name"><value>ໂຮງຮຽນປະຖົມສຶກສາສົມບູນ ໂນນຫີນແຮ່</value></Data><Data name="name:en"><value>Nonhinhae Primary School</value></Data><Data name="name:lo"><value>ໂຮງຮຽນປະຖົມສຶກສາສົມບູນ ໂນນຫີນແຮ່</value></Data></ExtendedData><Polygon><outerBoundaryIs><LinearRing><coordinates>104.757656,16.546892 104.7578648,16.5470582 104.7586633,16.5477035 104.758289,16.5479821 104.7580637,16.5482855 104.7579457,16.5485838 104.7576667,16.5487946 104.7574092,16.5486403 104.7572,16.5487483 104.7570498,16.5485838 104.7566367,16.5480728 104.7567897,16.547902 104.757656,16.546892</coordinates></LinearRing></outerBoundaryIs></Polygon></Placemark><Placemark><name>Sonexay Primary School</name><ExtendedData><Data name="@id"><value>way/328702935</value></Data><Data name="addr:city"><value>Savannakhet</value></Data><Data name="addr:postcode"><value>13000</value></Data><Data name="addr:street"><value>9B</value></Data><Data name="amenity"><value>school</value></Data><Data name="name"><value>Sonexay Primary School</value></Data><Data name="name:lo"><value>ໂຮງຮຽນປະຖົມສຶກສາສົມບູນສອນໄຊ</value></Data><Data name="operator"><value>Government</value></Data></ExtendedData><Polygon><outerBoundaryIs><LinearRing><coordinates>104.7627428,16.5418453 104.7626393,16.54115 104.7633351,16.5410477 104.7633376,16.541798 104.7627428,16.5418453</coordinates></LinearRing></outerBoundaryIs></Polygon></Placemark><Placemark><name>Police Primary School 03</name><ExtendedData><Data name="@id"><value>way/334052422</value></Data><Data name="amenity"><value>school</value></Data><Data name="name"><value>Police Primary School 03</value></Data></ExtendedData><Polygon><outerBoundaryIs><LinearRing><coordinates>103.2880276,19.497107 103.2880607,19.4961482 103.2877403,19.4961173 103.287902,19.4950382 103.2884813,19.4951838 103.2886884,19.4951206 103.289013,19.49467 103.289351,19.4947468 103.289276,19.4950608 103.2893633,19.4954808 103.290371,19.4957675 103.290229,19.4967442 103.2893356,19.4967177 103.2890856,19.4971177 103.2880276,19.497107</coordinates></LinearRing></outerBoundaryIs></Polygon></Placemark><Placemark><ExtendedData><Data name="@id"><value>way/354318838</value></Data><Data name="amenity"><value>school</value></Data><Data name="building"><value>detached</value></Data><Data name="isced:level"><value>1</value></Data></ExtendedData><Polygon><outerBoundaryIs><LinearRing><coordinates>102.2437036,19.8354788 102.2437102,19.8353895 102.2439214,19.8354034 102.2439148,19.8354926 102.2437036,19.8354788</coordinates></LinearRing></outerBoundaryIs></Polygon></Placemark><Placemark><name>SOS Primary &amp; Secondary School</name><ExtendedData><Data name="@id"><value>way/354342237</value></Data><Data name="amenity"><value>school</value></Data><Data name="name"><value>SOS Primary &amp; Secondary School</value></Data><Data name="source"><value>Bing</value></Data></ExtendedData><Polygon><outerBoundaryIs><LinearRing><coordinates>103.1928544,19.4505497 103.1910003,19.4529259 103.1909299,19.4529075 103.1894823,19.4518081 103.189584,19.4517048 103.189537,19.451679 103.1901318,19.4509153 103.1899578,19.4507767 103.1911668,19.4492923 103.1928544,19.4505497</coordinates></LinearRing></outerBoundaryIs></Polygon></Placemark><Placemark><name>Oscar Bilingual School</name><ExtendedData><Data name="@id"><value>way/358653911</value></Data><Data name="amenity"><value>school</value></Data><Data name="name"><value>Oscar Bilingual School</value></Data></ExtendedData><Polygon><outerBoundaryIs><LinearRing><coordinates>102.6927224,17.8830747 102.691894,17.8806875 102.6924744,17.8805154 102.6945687,17.8809928 102.6942823,17.8828078 102.693117,17.8826017 102.6931644,17.8830728 102.6930139,17.883116 102.6929685,17.8829845 102.6927224,17.8830747</coordinates></LinearRing></outerBoundaryIs></Polygon></Placemark><Placemark><name>Sengsavanh 2</name><ExtendedData><Data name="@id"><value>way/358653914</value></Data><Data name="amenity"><value>school</value></Data><Data name="name"><value>Sengsavanh 2</value></Data><Data name="phone"><value>+856 20 55555421</value></Data><Data name="website"><value>http://www.sengsavanh.net/</value></Data></ExtendedData><Polygon><outerBoundaryIs><LinearRing><coordinates>102.7158802,17.8854174 102.7162048,17.8854617 102.7160822,17.8862756 102.7157576,17.8862313 102.7158802,17.8854174</coordinates></LinearRing></outerBoundaryIs></Polygon></Placemark><Placemark><name>ໂຮງຮຽນ ປະຖົມ ສົມບູນ ໜອງດ້ວງ</name><ExtendedData><Data name="@id"><value>way/371617013</value></Data><Data name="amenity"><value>school</value></Data><Data name="education"><value>school</value></Data><Data name="name"><value>ໂຮງຮຽນ ປະຖົມ ສົມບູນ ໜອງດ້ວງ</value></Data><Data name="name:en"><value>Nong Duong Primary School</value></Data><Data name="name:lo"><value>ໂຮງຮຽນ ປະຖົມ ສົມບູນ ໜອງດ້ວງ</value></Data></ExtendedData><Polygon><outerBoundaryIs><LinearRing><coordinates>102.5954255,17.976009 102.595701,17.9759703 102.5960143,17.9759262 102.5960279,17.9764268 102.5954812,17.9765652 102.5954255,17.976009</coordinates></LinearRing></outerBoundaryIs></Polygon></Placemark><Placemark><name>Australian International School</name><ExtendedData><Data name="@id"><value>way/371617015</value></Data><Data name="amenity"><value>school</value></Data><Data name="education"><value>school</value></Data><Data name="email"><value>info@aisedulaos.com</value></Data><Data name="name"><value>Australian International School</value></Data><Data name="name:en"><value>Australian International School</value></Data><Data name="name:lo"><value>ໂຮງຮຽນ ນະນະຊາດ ອົດສຕາຣີ</value></Data><Data name="phone"><value>+856 21 264800</value></Data><Data name="website"><value>https://www.aisedulaos.com/</value></Data></ExtendedData><Polygon><outerBoundaryIs><LinearRing><coordinates>102.5956993,17.9778835 102.5955839,17.9772479 102.5955204,17.9769214 102.5959954,17.9768409 102.5961022,17.9775552 102.596308,17.977536 102.5963493,17.977793 102.5956993,17.9778835</coordinates></LinearRing></outerBoundaryIs></Polygon></Placemark><Placemark><name>ໂຮວຮຽນປະຖົມສົມບູນ ບ້ານ ໄຊສະຖານ</name><ExtendedData><Data name="@id"><value>way/371617035</value></Data><Data name="amenity"><value>school</value></Data><Data name="building"><value>yes</value></Data><Data name="name"><value>ໂຮວຮຽນປະຖົມສົມບູນ ບ້ານ ໄຊສະຖານ</value></Data><Data name="name:lo"><value>ໂຮວຮຽນປະຖົມສົມບູນ ບ້ານ ໄຊສະຖານ</value></Data></ExtendedData><Polygon><outerBoundaryIs><LinearRing><coordinates>102.6201869,17.908933 102.6199937,17.9090932 102.6198118,17.9088945 102.6198876,17.9088317 102.6200061,17.9089611 102.6201235,17.9088638 102.6201869,17.908933</coordinates></LinearRing></outerBoundaryIs></Polygon></Placemark><Placemark><name>ໂຮງຮຽນປະຖົມໂພນສະຫວັນ</name><ExtendedData><Data name="@id"><value>way/371853722</value></Data><Data name="addr:city"><value>Savannakhet</value></Data><Data name="addr:postcode"><value>13000</value></Data><Data name="addr:street"><value>Saphantai 3 Road</value></Data><Data name="amenity"><value>school</value></Data><Data name="name"><value>ໂຮງຮຽນປະຖົມໂພນສະຫວັນ</value></Data><Data name="name:en"><value>Phonsavan Primary School</value></Data><Data name="name:lo"><value>ໂຮງຮຽນປະຖົມໂພນສະຫວັນ</value></Data></ExtendedData><Polygon><outerBoundaryIs><LinearRing><coordinates>104.7546595,16.5430748 104.7541198,16.5422205 104.7541335,16.5421688 104.7541354,16.5421619 104.7548317,16.5416726 104.7548745,16.5416813 104.7554268,16.5426795 104.7546595,16.5430748</coordinates></LinearRing></outerBoundaryIs></Polygon></Placemark><Placemark><name>Ban Sichanto Primary School</name><ExtendedData><Data name="@id"><value>way/377732676</value></Data><Data name="amenity"><value>school</value></Data><Data name="name"><value>Ban Sichanto Primary School</value></Data></ExtendedData><Polygon><outerBoundaryIs><LinearRing><coordinates>105.9103631,14.8931852 105.9104428,14.8928787 105.9105368,14.8927894 105.9106707,14.8927786 105.9108858,14.8928232 105.9109185,14.892834 105.9109966,14.8928733 105.9110062,14.8929503 105.9109647,14.8930735 105.9107297,14.8933692 105.9103631,14.8931852</coordinates></LinearRing></outerBoundaryIs></Polygon></Placemark><Placemark><name>Don Daeng Secondary School</name><ExtendedData><Data name="@id"><value>way/377732677</value></Data><Data name="amenity"><value>school</value></Data><Data name="name"><value>Don Daeng Secondary School</value></Data></ExtendedData><Polygon><outerBoundaryIs><LinearRing><coordinates>105.897113,14.8948627 105.8969124,14.893924 105.897539,14.8937454 105.8977508,14.8947429 105.897113,14.8948627</coordinates></LinearRing></outerBoundaryIs></Polygon></Placemark><Placemark><ExtendedData><Data name="@id"><value>way/382408311</value></Data><Data name="amenity"><value>school</value></Data><Data name="building"><value>yes</value></Data></ExtendedData><Polygon><outerBoundaryIs><LinearRing><coordinates>104.8176674,17.4172104 104.8176125,17.41706 104.8179113,17.4169607 104.8179662,17.4171111 104.8176674,17.4172104</coordinates></LinearRing></outerBoundaryIs></Polygon></Placemark><Placemark><ExtendedData><Data name="@id"><value>way/382408316</value></Data><Data name="amenity"><value>school</value></Data><Data name="building"><value>yes</value></Data></ExtendedData><Polygon><outerBoundaryIs><LinearRing><coordinates>104.8181758,17.4169268 104.8182762,17.4167193 104.8184338,17.4167888 104.8183333,17.4169963 104.8181758,17.4169268</coordinates></LinearRing></outerBoundaryIs></Polygon></Placemark><Placemark><name>École Élementaire</name><ExtendedData><Data name="@id"><value>way/383562887</value></Data><Data name="amenity"><value>school</value></Data><Data name="building"><value>yes</value></Data><Data name="name"><value>École Élementaire</value></Data><Data name="name:fr"><value>École Élementaire</value></Data></ExtendedData><Polygon><outerBoundaryIs><LinearRing><coordinates>102.5132124,18.7777171 102.5133206,18.777293 102.5134044,18.7773122 102.5132963,18.7777363 102.5132124,18.7777171</coordinates></LinearRing></outerBoundaryIs></Polygon></Placemark><Placemark><name>ມານະຈິດ</name><ExtendedData><Data name="@id"><value>way/399481354</value></Data><Data name="amenity"><value>school</value></Data><Data name="name"><value>ມານະຈິດ</value></Data><Data name="name:en"><value>Manachit</value></Data><Data name="name:lo"><value>ມານະຈິດ</value></Data><Data name="phone"><value>+856 21 314399</value></Data></ExtendedData><Polygon><outerBoundaryIs><LinearRing><coordinates>102.6482193,17.9152632 102.6480902,17.9147891 102.6485682,17.9146712 102.6486973,17.9151452 102.6482193,17.9152632</coordinates></LinearRing></outerBoundaryIs></Polygon></Placemark><Placemark><name>ໂຮງຮຽນມັດທະຍົມສົມບຸນ ປະຊາທິປະໄຕ</name><ExtendedData><Data name="@id"><value>way/402560277</value></Data><Data name="amenity"><value>school</value></Data><Data name="building"><value>yes</value></Data><Data name="name"><value>ໂຮງຮຽນມັດທະຍົມສົມບຸນ ປະຊາທິປະໄຕ</value></Data><Data name="name:lo"><value>ໂຮງຮຽນມັດທະຍົມສົມບຸນ ປະຊາທິປະໄຕ</value></Data><Data name="source"><value>Bing</value></Data></ExtendedData><Polygon><outerBoundaryIs><LinearRing><coordinates>102.1337315,19.8882164 102.1338177,19.8881219 102.1340222,19.8882868 102.133936,19.8883813 102.1337315,19.8882164</coordinates></LinearRing></outerBoundaryIs></Polygon></Placemark><Placemark><name>Ban Nakangpa School</name><ExtendedData><Data name="@id"><value>way/403005921</value></Data><Data name="amenity"><value>school</value></Data><Data name="name"><value>Ban Nakangpa School</value></Data><Data name="name:fr"><value>Ecole Secondaire 1er Cycle de Nakangpa</value></Data><Data name="source"><value>Sign, GPS</value></Data></ExtendedData><Polygon><outerBoundaryIs><LinearRing><coordinates>102.0185012,18.9302276 102.0175876,18.9307521 102.0172851,18.9302806 102.0181988,18.9297561 102.0185012,18.9302276</coordinates></LinearRing></outerBoundaryIs></Polygon></Placemark><Placemark><ExtendedData><Data name="@id"><value>way/405980097</value></Data><Data name="amenity"><value>school</value></Data><Data name="building"><value>yes</value></Data></ExtendedData><Polygon><outerBoundaryIs><LinearRing><coordinates>102.4323167,19.0236512 102.4324025,19.0236537 102.4323872,19.024116 102.4323014,19.0241134 102.432308,19.0239132 102.4322483,19.0239073 102.4322563,19.023835 102.4323104,19.0238404 102.4323167,19.0236512</coordinates></LinearRing></outerBoundaryIs></Polygon></Placemark><Placemark><name>ໂຮງຮຽນຈີນຈຸງເຕັກ</name><ExtendedData><Data name="@id"><value>way/409412452</value></Data><Data name="addr:city"><value>Savannakhet</value></Data><Data name="addr:postcode"><value>13000</value></Data><Data name="addr:street"><value>Phetsalat Road</value></Data><Data name="amenity"><value>school</value></Data><Data name="name"><value>ໂຮງຮຽນຈີນຈຸງເຕັກ</value></Data><Data name="name:en"><value>Chinese School</value></Data></ExtendedData><Polygon><outerBoundaryIs><LinearRing><coordinates>104.7478652,16.5578135 104.7482995,16.5578436 104.7483262,16.5574732 104.7487307,16.5575104 104.7487634,16.5575573 104.7486958,16.5583103 104.7478245,16.558238 104.7478652,16.5578135</coordinates></LinearRing></outerBoundaryIs></Polygon></Placemark><Placemark><name>ໂຮງຮຽນມັດທະຍົມສຶກສາສົມບູນອຸດົມວິໄລ</name><ExtendedData><Data name="@id"><value>way/444994735</value></Data><Data name="addr:city"><value>Savannakhet</value></Data><Data name="addr:postcode"><value>13000</value></Data><Data name="amenity"><value>school</value></Data><Data name="name"><value>ໂຮງຮຽນມັດທະຍົມສຶກສາສົມບູນອຸດົມວິໄລ</value></Data><Data name="name:en"><value>Oudomvilay Secondary School</value></Data><Data name="operator"><value>Government</value></Data></ExtendedData><Polygon><outerBoundaryIs><LinearRing><coordinates>104.7807553,16.602925 104.781624,16.6014738 104.7823434,16.6018863 104.7814948,16.6033017 104.7807655,16.6029726 104.7807553,16.602925</coordinates></LinearRing></outerBoundaryIs></Polygon></Placemark><Placemark><name>ໂຮງຮຽນ ປະຖົມສົມບູນ ບ້ານໄຜ່ລ້ອມ</name><ExtendedData><Data name="@id"><value>way/446534199</value></Data><Data name="addr:city"><value>ມ. ໄຊທານີ, ກໍາແພງນະຄອນ ວຽງຈັນ</value></Data><Data name="amenity"><value>school</value></Data><Data name="name"><value>ໂຮງຮຽນ ປະຖົມສົມບູນ ບ້ານໄຜ່ລ້ອມ</value></Data><Data name="name:en"><value>Ban Phailom Primary School</value></Data><Data name="name:lo"><value>ໂຮງຮຽນ ປະຖົມສົມບູນ ບ້ານໄຜ່ລ້ອມ</value></Data><Data name="operator"><value>ທ່ານ ສັງວານ ພົງສາ</value></Data></ExtendedData><Polygon><outerBoundaryIs><LinearRing><coordinates>102.7763517,18.0572235 102.7762208,18.0563688 102.7766858,18.0562271 102.7769383,18.0570604 102.7763517,18.0572235</coordinates></LinearRing></outerBoundaryIs></Polygon></Placemark><Placemark><name>ໂຮງຮຽນ ມັດທະຍົມປາຍ ບ້ານໄຜ່ລ້ອມ</name><ExtendedData><Data name="@id"><value>way/446534200</value></Data><Data name="addr:city"><value>ມ. ໄຊທານີ, ກໍາແພງນະຄອນ ວຽງຈັນ</value></Data><Data name="amenity"><value>school</value></Data><Data name="name"><value>ໂຮງຮຽນ ມັດທະຍົມປາຍ ບ້ານໄຜ່ລ້ອມ</value></Data><Data name="operator"><value>ທ່ານ ສັງວານ ພົງສາ</value></Data></ExtendedData><Polygon><outerBoundaryIs><LinearRing><coordinates>102.7769102,18.0641603 102.776147,18.064256 102.7760965,18.0642401 102.776071,18.0641917 102.7760297,18.0640509 102.7759513,18.0638068 102.7758338,18.0635737 102.7757328,18.0631984 102.7756703,18.0628123 102.7755905,18.0621961 102.7771428,18.0620565 102.7769102,18.0641603</coordinates></LinearRing></outerBoundaryIs></Polygon></Placemark><Placemark><name>ໂຮງຮຽນ ມັດທະຍົມສົມບູນ ໂຄກສີວິໄລ</name><ExtendedData><Data name="@id"><value>way/446536604</value></Data><Data name="addr:city"><value>ມ. ໄຊທານີ, ກໍາແພງນະຄອນ ວຽງຈັນ</value></Data><Data name="addr:postcode"><value>21006</value></Data><Data name="addr:street"><value>Road 450 Khoksa-Ath</value></Data><Data name="amenity"><value>school</value></Data><Data name="grades"><value>7-12</value></Data><Data name="name"><value>ໂຮງຮຽນ ມັດທະຍົມສົມບູນ ໂຄກສີວິໄລ</value></Data><Data name="operator"><value>ທ່ານ ຄໍາແສນ</value></Data><Data name="operator:type"><value>school</value></Data><Data name="religion"><value>buddhist</value></Data></ExtendedData><Polygon><outerBoundaryIs><LinearRing><coordinates>102.7450223,18.0676641 102.7448916,18.0666429 102.7454613,18.0665896 102.745424,18.0659237 102.7460497,18.0658082 102.7465634,18.0676552 102.745184,18.0677141 102.7450223,18.0676641</coordinates></LinearRing></outerBoundaryIs></Polygon></Placemark><Placemark><name>Phonmixay Primary School</name><ExtendedData><Data name="@id"><value>way/453500440</value></Data><Data name="amenity"><value>school</value></Data><Data name="name"><value>Phonmixay Primary School</value></Data></ExtendedData><Polygon><outerBoundaryIs><LinearRing><coordinates>103.2078375,19.4428822 103.2076206,19.442398 103.2073494,19.4417929 103.2086615,19.4413726 103.2090831,19.4424089 103.2078375,19.4428822</coordinates></LinearRing></outerBoundaryIs></Polygon></Placemark><Placemark><name>Donxeng Primary School</name><ExtendedData><Data name="@id"><value>way/462050758</value></Data><Data name="addr:city"><value>Savannakhet</value></Data><Data name="addr:postcode"><value>13000</value></Data><Data name="addr:street"><value>Sonexay Road</value></Data><Data name="amenity"><value>school</value></Data><Data name="name"><value>Donxeng Primary School</value></Data><Data name="name:lo"><value>ໂຮງຮຽນປະຖົມສຶກສາບ້ານດອນເຊັງ</value></Data><Data name="operator"><value>Government</value></Data></ExtendedData><Polygon><outerBoundaryIs><LinearRing><coordinates>104.7670651,16.5151685 104.7666448,16.5148283 104.7668503,16.5143089 104.7671772,16.5140492 104.7675975,16.5147118 104.7670651,16.5151685</coordinates></LinearRing></outerBoundaryIs></Polygon></Placemark><Placemark><name>Chomkeo Lower Secondary School</name><ExtendedData><Data name="@id"><value>way/462050762</value></Data><Data name="addr:city"><value>Savannakhet</value></Data><Data name="addr:postcode"><value>13000</value></Data><Data name="addr:street"><value>Sisavangvong Road</value></Data><Data name="amenity"><value>school</value></Data><Data name="name"><value>Chomkeo Lower Secondary School</value></Data><Data name="name:lo"><value>ໂຮງຮຽນມັດທະຍົມສຶກສາຕອນຕົ້ນຈອມແກ້ວ</value></Data><Data name="operator"><value>Government</value></Data></ExtendedData><Polygon><outerBoundaryIs><LinearRing><coordinates>104.7468235,16.577583 104.7465582,16.5769643 104.7472884,16.5766178 104.7473033,16.5766154 104.747316,16.5766221 104.7476396,16.5772004 104.7468235,16.577583</coordinates></LinearRing></outerBoundaryIs></Polygon></Placemark><Placemark><ExtendedData><Data name="@id"><value>way/474659740</value></Data><Data name="amenity"><value>school</value></Data><Data name="source"><value>bing</value></Data></ExtendedData><Polygon><outerBoundaryIs><LinearRing><coordinates>102.1067901,18.7116726 102.1063225,18.7120379 102.1058055,18.7124418 102.1050361,18.7115025 102.1060164,18.7107409 102.1067901,18.7116726</coordinates></LinearRing></outerBoundaryIs></Polygon></Placemark><Placemark><ExtendedData><Data name="@id"><value>way/488907349</value></Data><Data name="amenity"><value>school</value></Data></ExtendedData><Polygon><outerBoundaryIs><LinearRing><coordinates>102.6351012,17.8393095 102.6360239,17.838467 102.6365925,17.8391717 102.6359247,17.8397691 102.6356108,17.8396593 102.6351012,17.8393095</coordinates></LinearRing></outerBoundaryIs></Polygon></Placemark><Placemark><name>ໂຮງຮຽນ ປະຖົມ ສົມບູນ ບ.ນາຍາງ</name><ExtendedData><Data name="@id"><value>way/490543075</value></Data><Data name="amenity"><value>school</value></Data><Data name="name"><value>ໂຮງຮຽນ ປະຖົມ ສົມບູນ ບ.ນາຍາງ</value></Data><Data name="name:en"><value>Ban Na Gnang Primary School</value></Data><Data name="name:lo"><value>ໂຮງຮຽນ ປະຖົມ ສົມບູນ ບ.ນາຍາງ</value></Data></ExtendedData><Polygon><outerBoundaryIs><LinearRing><coordinates>102.4763357,18.1112579 102.4761667,18.1109393 102.4763598,18.1106665 102.476557,18.1104957 102.4769553,18.111054 102.4763357,18.1112579</coordinates></LinearRing></outerBoundaryIs></Polygon></Placemark><Placemark><name>ໂຮງຮຽນ ປະຖົມ ສົມບູນ ບ້ານນາຄູນ</name><ExtendedData><Data name="@id"><value>way/490543077</value></Data><Data name="amenity"><value>school</value></Data><Data name="name"><value>ໂຮງຮຽນ ປະຖົມ ສົມບູນ ບ້ານນາຄູນ</value></Data><Data name="name:en"><value>Primary School Ban Nakhoun</value></Data><Data name="name:lo"><value>ໂຮງຮຽນ ປະຖົມ ສົມບູນ ບ້ານນາຄູນ</value></Data></ExtendedData><Polygon><outerBoundaryIs><LinearRing><coordinates>102.5514644,18.0976018 102.552004,18.0967888 102.5528975,18.0973247 102.5523578,18.0981377 102.5514644,18.0976018</coordinates></LinearRing></outerBoundaryIs></Polygon></Placemark><Placemark><name>ໂຮງຮຽນ ປະຖົມ ສຶກສາສົມບູນ ບ້ານນາທ່ອນ</name><ExtendedData><Data name="@id"><value>way/491074274</value></Data><Data name="amenity"><value>school</value></Data><Data name="name"><value>ໂຮງຮຽນ ປະຖົມ ສຶກສາສົມບູນ ບ້ານນາທ່ອນ</value></Data><Data name="name:en"><value>Nathone Village Primary School</value></Data><Data name="name:lo"><value>ໂຮງຮຽນ ປະຖົມ ສຶກສາສົມບູນ ບ້ານນາທ່ອນ</value></Data></ExtendedData><Polygon><outerBoundaryIs><LinearRing><coordinates>102.4588263,18.192382 102.4588585,18.1917195 102.4595183,18.1916838 102.4595291,18.1920762 102.4596417,18.1924789 102.4588263,18.192382</coordinates></LinearRing></outerBoundaryIs></Polygon></Placemark><Placemark><name>ໂຮງຮຽນປະຖົມສົມບູນ ຫ້ວຍຫົງ</name><ExtendedData><Data name="@id"><value>way/511080674</value></Data><Data name="amenity"><value>school</value></Data><Data name="name"><value>ໂຮງຮຽນປະຖົມສົມບູນ ຫ້ວຍຫົງ</value></Data><Data name="name:en"><value>Huayhong Primary School</value></Data><Data name="name:lo"><value>ໂຮງຮຽນປະຖົມສົມບູນ ຫ້ວຍຫົງ</value></Data></ExtendedData><Polygon><outerBoundaryIs><LinearRing><coordinates>102.6162395,18.0198796 102.6162207,18.0193363 102.6173768,18.0193745 102.6173848,18.0196908 102.6162395,18.0198796</coordinates></LinearRing></outerBoundaryIs></Polygon></Placemark><Placemark><name>ໂຮງຮຽນປະຖົມສົມບູນຊ້າງຄູ້</name><ExtendedData><Data name="@id"><value>way/511510529</value></Data><Data name="amenity"><value>school</value></Data><Data name="name"><value>ໂຮງຮຽນປະຖົມສົມບູນຊ້າງຄູ້</value></Data><Data name="name:en"><value>Xang Khoo Primary School</value></Data><Data name="name:lo"><value>ໂຮງຮຽນປະຖົມສົມບູນຊ້າງຄູ້</value></Data></ExtendedData><Polygon><outerBoundaryIs><LinearRing><coordinates>102.6436695,18.0274888 102.643648,18.0268358 102.6445814,18.0265655 102.6446538,18.0275219 102.6436695,18.0274888</coordinates></LinearRing></outerBoundaryIs></Polygon></Placemark><Placemark><name>ໂຮງຮຽນ ປະຖົມສຶກສາສົມບູນ ບ້ານ ໝອງພົງ</name><ExtendedData><Data name="@id"><value>way/512183164</value></Data><Data name="amenity"><value>school</value></Data><Data name="name"><value>ໂຮງຮຽນ ປະຖົມສຶກສາສົມບູນ ບ້ານ ໝອງພົງ</value></Data><Data name="name:lo"><value>ໂຮງຮຽນ ປະຖົມສຶກສາສົມບູນ ບ້ານ ໝອງພົງ</value></Data></ExtendedData><Polygon><outerBoundaryIs><LinearRing><coordinates>102.7812526,17.9630183 102.781034,17.9622924 102.7811037,17.9621929 102.7819922,17.9620934 102.7820848,17.9621316 102.7822028,17.9623128 102.782294,17.9627695 102.7812526,17.9630183</coordinates></LinearRing></outerBoundaryIs></Polygon></Placemark><Placemark><name>ໂຮງຮຽນ ມັດທະຍົມສຶກສົມບູນ ໄຊເສດຖາ</name><ExtendedData><Data name="@id"><value>way/512481158</value></Data><Data name="amenity"><value>school</value></Data><Data name="name"><value>ໂຮງຮຽນ ມັດທະຍົມສຶກສົມບູນ ໄຊເສດຖາ</value></Data><Data name="name:en"><value>Xaysettha Secondary School</value></Data><Data name="name:lo"><value>ໂຮງຮຽນ ມັດທະຍົມສຶກສົມບູນ ໄຊເສດຖາ</value></Data></ExtendedData><Polygon><outerBoundaryIs><LinearRing><coordinates>102.6344787,17.962941 102.6346241,17.9625505 102.6354615,17.9627027 102.6354676,17.9626768 102.6362181,17.9627871 102.6362745,17.9632522 102.6344787,17.962941</coordinates></LinearRing></outerBoundaryIs></Polygon></Placemark><Placemark><name>ໂຮງຮຽນປະຖົມສຶກສາສົມບູນ ໂຊກນ້ອຍ</name><ExtendedData><Data name="@id"><value>way/512481159</value></Data><Data name="amenity"><value>school</value></Data><Data name="name"><value>ໂຮງຮຽນປະຖົມສຶກສາສົມບູນ ໂຊກນ້ອຍ</value></Data><Data name="name:lo"><value>ໂຮງຮຽນປະຖົມສຶກສາສົມບູນ ໂຊກນ້ອຍ</value></Data></ExtendedData><Polygon><outerBoundaryIs><LinearRing><coordinates>102.6867371,18.0105702 102.68713,18.0098484 102.687523,18.0100715 102.6871703,18.010671 102.6867371,18.0105702</coordinates></LinearRing></outerBoundaryIs></Polygon></Placemark><Placemark><ExtendedData><Data name="@id"><value>way/513105186</value></Data><Data name="amenity"><value>school</value></Data></ExtendedData><Polygon><outerBoundaryIs><LinearRing><coordinates>105.9059402,14.9599708 105.9058615,14.9598592 105.9060506,14.9597348 105.9061293,14.9598465 105.9059402,14.9599708</coordinates></LinearRing></outerBoundaryIs></Polygon></Placemark><Placemark><ExtendedData><Data name="@id"><value>way/514094015</value></Data><Data name="amenity"><value>school</value></Data><Data name="building"><value>yes</value></Data></ExtendedData><Polygon><outerBoundaryIs><LinearRing><coordinates>106.7464131,15.5035565 106.7462886,15.5033876 106.746391,15.5033176 106.7465155,15.5034865 106.7464131,15.5035565</coordinates></LinearRing></outerBoundaryIs></Polygon></Placemark><Placemark><name>ໂຮງຮຽນ ມັທະຍົມ ເຊກະໝານ</name><ExtendedData><Data name="@id"><value>way/515145783</value></Data><Data name="amenity"><value>school</value></Data><Data name="building"><value>yes</value></Data><Data name="name"><value>ໂຮງຮຽນ ມັທະຍົມ ເຊກະໝານ</value></Data><Data name="name:en"><value>Sekman High School</value></Data><Data name="name:lo"><value>ໂຮງຮຽນ ມັທະຍົມ ເຊກະໝານ</value></Data></ExtendedData><Polygon><outerBoundaryIs><LinearRing><coordinates>106.8279257,14.7995118 106.828092,14.7994729 106.8281101,14.7995452 106.8279438,14.7995841 106.8279257,14.7995118</coordinates></LinearRing></outerBoundaryIs></Polygon></Placemark><Placemark><name>ຈຳປຳລາວ</name><ExtendedData><Data name="@id"><value>way/515709154</value></Data><Data name="amenity"><value>school</value></Data><Data name="contact:phone"><value>+856 30 5115498</value></Data><Data name="name"><value>ຈຳປຳລາວ</value></Data><Data name="name:en"><value>Champa Lao</value></Data><Data name="name:lo"><value>ຈຳປຳລາວ</value></Data></ExtendedData><Polygon><outerBoundaryIs><LinearRing><coordinates>102.6250098,17.9557579 102.6244849,17.9558707 102.624335,17.9554095 102.624888,17.9552579 102.6250098,17.9557579</coordinates></LinearRing></outerBoundaryIs></Polygon></Placemark><Placemark><ExtendedData><Data name="@id"><value>way/528106143</value></Data><Data name="amenity"><value>school</value></Data><Data name="area"><value>yes</value></Data><Data name="name:en"><value>Ban Nangam Elementary</value></Data></ExtendedData><Polygon><outerBoundaryIs><LinearRing><coordinates>100.7986738,20.3784025 100.7985257,20.3787261 100.7981619,20.3786167 100.7977921,20.3783909 100.7979727,20.3781885 100.7982138,20.378095 100.7983191,20.3780924 100.7984609,20.3781682 100.7986738,20.3784025</coordinates></LinearRing></outerBoundaryIs></Polygon></Placemark><Placemark><ExtendedData><Data name="@id"><value>way/533082617</value></Data><Data name="amenity"><value>school</value></Data></ExtendedData><Polygon><outerBoundaryIs><LinearRing><coordinates>105.020146,16.3382346 105.0200574,16.3373929 105.0207763,16.3373955 105.0207729,16.3382601 105.020146,16.3382346</coordinates></LinearRing></outerBoundaryIs></Polygon></Placemark><Placemark><ExtendedData><Data name="@id"><value>way/533082647</value></Data><Data name="amenity"><value>school</value></Data></ExtendedData><Polygon><outerBoundaryIs><LinearRing><coordinates>105.0115079,16.3474666 105.012157,16.3465246 105.0128517,16.3469905 105.0122536,16.3478321 105.0115079,16.3474666</coordinates></LinearRing></outerBoundaryIs></Polygon></Placemark><Placemark><ExtendedData><Data name="@id"><value>way/533290076</value></Data><Data name="amenity"><value>school</value></Data></ExtendedData><Polygon><outerBoundaryIs><LinearRing><coordinates>104.9818641,16.303942 104.9811077,16.3027475 104.9820974,16.3020807 104.9829048,16.3033293 104.9818641,16.303942</coordinates></LinearRing></outerBoundaryIs></Polygon></Placemark><Placemark><ExtendedData><Data name="@id"><value>way/535662729</value></Data><Data name="amenity"><value>school</value></Data><Data name="barrier"><value>wall</value></Data></ExtendedData><Polygon><outerBoundaryIs><LinearRing><coordinates>102.4160801,18.5020866 102.4160271,18.5020809 102.4160104,18.5020656 102.4158481,18.5018023 102.4157183,18.5017137 102.4156816,18.5016005 102.4155007,18.5014411 102.4154241,18.5012048 102.4161995,18.5008752 102.4162659,18.5010158 102.4162852,18.5010264 102.4164248,18.5009884 102.4166675,18.501789 102.4160801,18.5020866</coordinates></LinearRing></outerBoundaryIs></Polygon></Placemark><Placemark><name>B4Lao</name><ExtendedData><Data name="@id"><value>way/536864491</value></Data><Data name="addr:city"><value>Savannakhet</value></Data><Data name="addr:postcode"><value>13000</value></Data><Data name="amenity"><value>school</value></Data><Data name="name"><value>B4Lao</value></Data></ExtendedData><Polygon><outerBoundaryIs><LinearRing><coordinates>104.7562165,16.5431277 104.7561328,16.5428489 104.7562686,16.5428114 104.7563522,16.5430903 104.7562165,16.5431277</coordinates></LinearRing></outerBoundaryIs></Polygon></Placemark><Placemark><ExtendedData><Data name="@id"><value>way/537356513</value></Data><Data name="amenity"><value>school</value></Data></ExtendedData><Polygon><outerBoundaryIs><LinearRing><coordinates>102.8126701,18.0425095 102.8125319,18.0420084 102.8128967,18.0419102 102.8130335,18.042433 102.8126701,18.0425095</coordinates></LinearRing></outerBoundaryIs></Polygon></Placemark><Placemark><ExtendedData><Data name="@id"><value>way/539458252</value></Data><Data name="amenity"><value>school</value></Data></ExtendedData><Polygon><outerBoundaryIs><LinearRing><coordinates>102.2360561,18.2181713 102.2361526,18.2175726 102.236555,18.2176184 102.237188,18.2178809 102.2369122,18.2185101 102.2360561,18.2181713</coordinates></LinearRing></outerBoundaryIs></Polygon></Placemark><Placemark><name>ໂຮງຮຽນປະຖົມສົມບູນ ບ້ານ ໂພນຄຳ</name><ExtendedData><Data name="@id"><value>way/541998153</value></Data><Data name="amenity"><value>school</value></Data><Data name="barrier"><value>wall</value></Data><Data name="name"><value>ໂຮງຮຽນປະຖົມສົມບູນ ບ້ານ ໂພນຄຳ</value></Data><Data name="name:en"><value>Ban Phonkham Primary School</value></Data><Data name="name:lo"><value>ໂຮງຮຽນປະຖົມສົມບູນ ບ້ານ ໂພນຄຳ</value></Data></ExtendedData><Polygon><outerBoundaryIs><LinearRing><coordinates>102.4974992,18.1978746 102.4975112,18.1974121 102.4983253,18.1974338 102.4983266,18.1976466 102.4983266,18.1978453 102.4974992,18.1978746</coordinates></LinearRing></outerBoundaryIs></Polygon></Placemark><Placemark><name>ໂຮງຮຽນມັດຖະຍັມສົກສາສົມບູນນາຂ່າ</name><ExtendedData><Data name="@id"><value>way/541998156</value></Data><Data name="amenity"><value>school</value></Data><Data name="barrier"><value>wall</value></Data><Data name="name"><value>ໂຮງຮຽນມັດຖະຍັມສົກສາສົມບູນນາຂ່າ</value></Data><Data name="name:en"><value>Nakha Secondary &amp; High School</value></Data><Data name="name:lo"><value>ໂຮງຮຽນມັດຖະຍັມສົກສາສົມບູນນາຂ່າ</value></Data></ExtendedData><Polygon><outerBoundaryIs><LinearRing><coordinates>102.4986632,18.2064933 102.4986639,18.2061095 102.4986646,18.2056652 102.4990602,18.2056041 102.4990562,18.2055047 102.4995645,18.2054627 102.4995645,18.2054104 102.4996986,18.2054104 102.4996087,18.2064831 102.4986632,18.2064933</coordinates></LinearRing></outerBoundaryIs></Polygon></Placemark><Placemark><name>ໂຮງຮຽນປະຖົມສົມບູນ ບ້ານ ໂພນມ່ວງ</name><ExtendedData><Data name="@id"><value>way/541998161</value></Data><Data name="amenity"><value>school</value></Data><Data name="barrier"><value>fence</value></Data><Data name="name"><value>ໂຮງຮຽນປະຖົມສົມບູນ ບ້ານ ໂພນມ່ວງ</value></Data><Data name="name:en"><value>Ban Phonmuang Primary School</value></Data><Data name="name:lo"><value>ໂຮງຮຽນປະຖົມສົມບູນ ບ້ານ ໂພນມ່ວງ</value></Data></ExtendedData><Polygon><outerBoundaryIs><LinearRing><coordinates>102.4971418,18.2212691 102.4973764,18.2209493 102.4975602,18.2206818 102.4986304,18.2210691 102.4986425,18.221106 102.498629,18.2211417 102.497878,18.2218576 102.4971418,18.2212691</coordinates></LinearRing></outerBoundaryIs></Polygon></Placemark><Placemark><name>ໂຮງຮຽນປະຖົມສຶກສາສົມບູນບ້ານນາງຳ</name><ExtendedData><Data name="@id"><value>way/541998174</value></Data><Data name="amenity"><value>school</value></Data><Data name="name"><value>ໂຮງຮຽນປະຖົມສຶກສາສົມບູນບ້ານນາງຳ</value></Data><Data name="name:en"><value>Ban Nangam Primary School</value></Data><Data name="name:lo"><value>ໂຮງຮຽນປະຖົມສຶກສາສົມບູນບ້ານນາງຳ</value></Data></ExtendedData><Polygon><outerBoundaryIs><LinearRing><coordinates>102.4800377,18.2439255 102.4798124,18.2431243 102.4803073,18.2429537 102.4805527,18.2438338 102.4800377,18.2439255</coordinates></LinearRing></outerBoundaryIs></Polygon></Placemark><Placemark><name>ໂຮງຮຽນປະຖົມສຶກສາສົມບູນບ້ານຖ້ຳ</name><ExtendedData><Data name="@id"><value>way/542079671</value></Data><Data name="amenity"><value>school</value></Data><Data name="name"><value>ໂຮງຮຽນປະຖົມສຶກສາສົມບູນບ້ານຖ້ຳ</value></Data><Data name="name:en"><value>Ban Tham Primary School</value></Data><Data name="name:lo"><value>ໂຮງຮຽນປະຖົມສຶກສາສົມບູນບ້ານຖ້ຳ</value></Data></ExtendedData><Polygon><outerBoundaryIs><LinearRing><coordinates>102.4402781,18.2277828 102.4400756,18.2274223 102.4408172,18.2274134 102.4408079,18.227779 102.4402781,18.2277828</coordinates></LinearRing></outerBoundaryIs></Polygon></Placemark><Placemark><ExtendedData><Data name="@id"><value>way/542689802</value></Data><Data name="amenity"><value>school</value></Data><Data name="building"><value>yes</value></Data></ExtendedData><Polygon><outerBoundaryIs><LinearRing><coordinates>101.3476439,20.8394304 101.3477725,20.8392718 101.3478382,20.8393184 101.3477592,20.8394158 101.3478698,20.8394942 101.3478202,20.8395553 101.3476439,20.8394304</coordinates></LinearRing></outerBoundaryIs></Polygon></Placemark><Placemark><ExtendedData><Data name="@id"><value>way/543587164</value></Data><Data name="amenity"><value>school</value></Data><Data name="building"><value>school</value></Data></ExtendedData><Polygon><outerBoundaryIs><LinearRing><coordinates>102.1416414,18.2424237 102.1418235,18.2420828 102.1419032,18.2421213 102.141721,18.2424621 102.1416414,18.2424237</coordinates></LinearRing></outerBoundaryIs></Polygon></Placemark><Placemark><name>Narmouag Secondary School</name><ExtendedData><Data name="@id"><value>way/544048529</value></Data><Data name="amenity"><value>school</value></Data><Data name="building"><value>yes</value></Data><Data name="name"><value>Narmouag Secondary School</value></Data><Data name="name:en"><value>School</value></Data><Data name="source"><value>DigitalGlobe-Standard</value></Data></ExtendedData><Polygon><outerBoundaryIs><LinearRing><coordinates>102.0132681,19.5073938 102.0132146,19.5073319 102.0135333,19.5070871 102.0135868,19.507149 102.0132681,19.5073938</coordinates></LinearRing></outerBoundaryIs></Polygon></Placemark><Placemark><name>ສະຖາພອນ</name><ExtendedData><Data name="@id"><value>way/551523813</value></Data><Data name="amenity"><value>school</value></Data><Data name="fax"><value>+856 21 313084</value></Data><Data name="name"><value>ສະຖາພອນ</value></Data><Data name="name:en"><value>Sathaphone</value></Data><Data name="name:lo"><value>ສະຖາພອນ</value></Data><Data name="phone"><value>+856 21 313084</value></Data><Data name="source"><value>DigitalGlobe-Standard</value></Data></ExtendedData><Polygon><outerBoundaryIs><LinearRing><coordinates>102.6204879,17.942972 102.6205595,17.9434107 102.6200613,17.9434936 102.6200071,17.943137 102.6200303,17.943022 102.6204879,17.942972</coordinates></LinearRing></outerBoundaryIs></Polygon></Placemark><Placemark><name>ໂຮງຮຽນມັດທະຍົມຕອນປາຍວັງວຽງ</name><ExtendedData><Data name="@id"><value>way/551946828</value></Data><Data name="amenity"><value>school</value></Data><Data name="name"><value>ໂຮງຮຽນມັດທະຍົມຕອນປາຍວັງວຽງ</value></Data><Data name="name:en"><value>Vangvieng High School</value></Data></ExtendedData><Polygon><outerBoundaryIs><LinearRing><coordinates>102.448324,18.9399642 102.4483169,18.9400331 102.4481751,18.9414035 102.4447547,18.9410855 102.4450596,18.9395601 102.4451245,18.9392355 102.4451994,18.9391153 102.4454276,18.9391026 102.4472762,18.9393174 102.4472314,18.9398468 102.4481729,18.9399583 102.448324,18.9399642</coordinates></LinearRing></outerBoundaryIs></Polygon></Placemark><Placemark><name>ໂຮງຮຽນປະຖົມສົມບູນ ບ້ານ. ຫ້ວຍສະເຫງົ້າ</name><ExtendedData><Data name="@id"><value>way/552010877</value></Data><Data name="amenity"><value>school</value></Data><Data name="name"><value>ໂຮງຮຽນປະຖົມສົມບູນ ບ້ານ. ຫ້ວຍສະເຫງົ້າ</value></Data></ExtendedData><Polygon><outerBoundaryIs><LinearRing><coordinates>102.4476294,18.9374469 102.44719,18.9375552 102.4470822,18.9376069 102.4467959,18.9377184 102.446396,18.9375391 102.4462539,18.9364156 102.4467673,18.9364001 102.4473622,18.9364896 102.4474924,18.9368023 102.4476294,18.9374469</coordinates></LinearRing></outerBoundaryIs></Polygon></Placemark><Placemark><name>ໂຮງຮຽນມັດທະຍົມຕອນຕົ້ນວັງວຽງ</name><ExtendedData><Data name="@id"><value>way/552034914</value></Data><Data name="amenity"><value>school</value></Data><Data name="name"><value>ໂຮງຮຽນມັດທະຍົມຕອນຕົ້ນວັງວຽງ</value></Data><Data name="name:en"><value>Vangvieng Lower Secondary School</value></Data></ExtendedData><Polygon><outerBoundaryIs><LinearRing><coordinates>102.4536836,18.9312144 102.4522638,18.9312499 102.4522576,18.9310131 102.4520887,18.9299988 102.4520948,18.92998 102.4528452,18.9301004 102.45296,18.9301267 102.4536612,18.930281 102.453691,18.9302995 102.4536836,18.9312144</coordinates></LinearRing></outerBoundaryIs></Polygon></Placemark><Placemark><ExtendedData><Data name="@id"><value>way/552156223</value></Data><Data name="amenity"><value>school</value></Data></ExtendedData><Polygon><outerBoundaryIs><LinearRing><coordinates>103.0334714,18.6359316 103.0331978,18.6352378 103.0339407,18.6350319 103.0345737,18.6351056 103.0348366,18.6353369 103.034909,18.6355428 103.0347132,18.6357842 103.0341339,18.6358376 103.0338656,18.635924 103.0334714,18.6359316</coordinates></LinearRing></outerBoundaryIs></Polygon></Placemark><Placemark><ExtendedData><Data name="@id"><value>way/556520376</value></Data><Data name="amenity"><value>school</value></Data><Data name="building"><value>yes</value></Data></ExtendedData><Polygon><outerBoundaryIs><LinearRing><coordinates>103.7097733,20.0664025 103.7097658,20.0662969 103.710053,20.0662788 103.7100606,20.0663843 103.7097733,20.0664025</coordinates></LinearRing></outerBoundaryIs></Polygon></Placemark><Placemark><name>ໂຮງຮຽນ ມັດທະຍົມສົມບູນ ວັງເຮືອ</name><ExtendedData><Data name="@id"><value>way/561533013</value></Data><Data name="amenity"><value>school</value></Data><Data name="name"><value>ໂຮງຮຽນ ມັດທະຍົມສົມບູນ ວັງເຮືອ</value></Data><Data name="name:en"><value>Vangheua Secondary School</value></Data><Data name="name:lo"><value>ໂຮງຮຽນ ມັດທະຍົມສົມບູນ ວັງເຮືອ</value></Data></ExtendedData><Polygon><outerBoundaryIs><LinearRing><coordinates>102.803098,18.3437673 102.8030564,18.3428482 102.8043855,18.3426127 102.8044404,18.3431741 102.8040636,18.3437724 102.803098,18.3437673</coordinates></LinearRing></outerBoundaryIs></Polygon></Placemark><Placemark><ExtendedData><Data name="@id"><value>way/567381024</value></Data><Data name="amenity"><value>school</value></Data></ExtendedData><Polygon><outerBoundaryIs><LinearRing><coordinates>106.0569927,16.5627205 106.056994,16.5624801 106.0571173,16.5619943 106.0577705,16.5620624 106.0577785,16.5623073 106.0577316,16.5625071 106.0577182,16.5626717 106.0574118,16.5627037 106.0569927,16.5627205</coordinates></LinearRing></outerBoundaryIs></Polygon></Placemark><Placemark><ExtendedData><Data name="@id"><value>way/567530573</value></Data><Data name="amenity"><value>school</value></Data></ExtendedData><Polygon><outerBoundaryIs><LinearRing><coordinates>102.906352,18.0432296 102.9065022,18.0420922 102.9073793,18.0421304 102.9074061,18.0423829 102.9071486,18.0433393 102.906352,18.0432296</coordinates></LinearRing></outerBoundaryIs></Polygon></Placemark><Placemark><ExtendedData><Data name="@id"><value>way/575070595</value></Data><Data name="amenity"><value>school</value></Data></ExtendedData><Polygon><outerBoundaryIs><LinearRing><coordinates>102.4852643,18.2558312 102.4851783,18.2549415 102.4857286,18.2548935 102.4856742,18.2543313 102.4863771,18.25427 102.4864383,18.2549034 102.4870842,18.2548471 102.4871633,18.2556656 102.4852643,18.2558312</coordinates></LinearRing></outerBoundaryIs></Polygon></Placemark><Placemark><ExtendedData><Data name="@id"><value>way/575070622</value></Data><Data name="amenity"><value>school</value></Data></ExtendedData><Polygon><outerBoundaryIs><LinearRing><coordinates>102.4714093,18.2480517 102.4711438,18.2473334 102.4711646,18.2472923 102.4719807,18.2470073 102.4722811,18.2476595 102.4714093,18.2480517</coordinates></LinearRing></outerBoundaryIs></Polygon></Placemark><Placemark><name>ໂຮງຮຽນມັດທະຍັມສົມບູກຫົວຊຽງ</name><ExtendedData><Data name="@id"><value>way/577625778</value></Data><Data name="amenity"><value>school</value></Data><Data name="name"><value>ໂຮງຮຽນມັດທະຍັມສົມບູກຫົວຊຽງ</value></Data><Data name="name:en"><value>Secondary School Houaxieng</value></Data><Data name="name:lo"><value>ໂຮງຮຽນມັດທະຍັມສົມບູກຫົວຊຽງ</value></Data></ExtendedData><Polygon><outerBoundaryIs><LinearRing><coordinates>102.780705,18.0348932 102.7802732,18.0340643 102.7814829,18.033595 102.78214,18.0346892 102.780705,18.0348932</coordinates></LinearRing></outerBoundaryIs></Polygon></Placemark><Placemark><ExtendedData><Data name="@id"><value>way/577625815</value></Data><Data name="amenity"><value>school</value></Data></ExtendedData><Polygon><outerBoundaryIs><LinearRing><coordinates>102.7885964,18.0062067 102.7890604,18.006185 102.7891543,18.0062386 102.7894051,18.0065906 102.7891462,18.0067921 102.7887761,18.0068738 102.7885964,18.0062067</coordinates></LinearRing></outerBoundaryIs></Polygon></Placemark><Placemark><ExtendedData><Data name="@id"><value>way/578747516</value></Data><Data name="amenity"><value>school</value></Data></ExtendedData><Polygon><outerBoundaryIs><LinearRing><coordinates>102.3872982,18.3792186 102.3872044,18.3784372 102.3889263,18.3783862 102.3891141,18.3791371 102.3891677,18.3796437 102.388811,18.3795749 102.3883658,18.3795877 102.3872982,18.3792186</coordinates></LinearRing></outerBoundaryIs></Polygon></Placemark><Placemark><name>Ban Bangyor Nonsavang Primary School</name><ExtendedData><Data name="@id"><value>way/586350326</value></Data><Data name="amenity"><value>school</value></Data><Data name="name"><value>Ban Bangyor Nonsavang Primary School</value></Data></ExtendedData><Polygon><outerBoundaryIs><LinearRing><coordinates>105.8352625,15.0925278 105.8352976,15.0921363 105.8352207,15.0918582 105.8351247,15.0916055 105.8352851,15.0915387 105.8352531,15.0914148 105.8353574,15.0914053 105.8359901,15.0914969 105.8361166,15.0925049 105.8352625,15.0925278</coordinates></LinearRing></outerBoundaryIs></Polygon></Placemark><Placemark><name>ໂຮງຮຽນ ປະຖົມ ສົມບູນ ໂພນສະຫວ່າງ</name><ExtendedData><Data name="@id"><value>way/591478985</value></Data><Data name="amenity"><value>school</value></Data><Data name="name"><value>ໂຮງຮຽນ ປະຖົມ ສົມບູນ ໂພນສະຫວ່າງ</value></Data><Data name="name:en"><value>Phonsavang Primary School</value></Data><Data name="name:lo"><value>ໂຮງຮຽນ ປະຖົມ ສົມບູນ ໂພນສະຫວ່າງ</value></Data></ExtendedData><Polygon><outerBoundaryIs><LinearRing><coordinates>102.615327,17.8989204 102.6151994,17.8985877 102.6158314,17.8983683 102.615959,17.8987011 102.615327,17.8989204</coordinates></LinearRing></outerBoundaryIs></Polygon></Placemark><Placemark><name>ໂຮງຮຽນ ປະຖົມ ສົມບູນ ບ້ານຫາດກັນຊາ</name><ExtendedData><Data name="@id"><value>way/592738063</value></Data><Data name="amenity"><value>school</value></Data><Data name="name"><value>ໂຮງຮຽນ ປະຖົມ ສົມບູນ ບ້ານຫາດກັນຊາ</value></Data><Data name="name:en"><value>Ban Had Kan Xa Primary School</value></Data><Data name="name:lo"><value>ໂຮງຮຽນ ປະຖົມ ສົມບູນ ບ້ານຫາດກັນຊາ</value></Data></ExtendedData><Polygon><outerBoundaryIs><LinearRing><coordinates>102.6021507,17.8413155 102.60195,17.8407367 102.602455,17.840578 102.6026557,17.8411568 102.6021507,17.8413155</coordinates></LinearRing></outerBoundaryIs></Polygon></Placemark><Placemark><ExtendedData><Data name="@id"><value>way/594267108</value></Data><Data name="amenity"><value>school</value></Data><Data name="barrier"><value>wall</value></Data></ExtendedData><Polygon><outerBoundaryIs><LinearRing><coordinates>102.6129841,18.2036363 102.6133355,18.2041026 102.6132389,18.2041816 102.6133006,18.2042555 102.6127373,18.2046581 102.6123243,18.2041536 102.6129841,18.2036363</coordinates></LinearRing></outerBoundaryIs></Polygon></Placemark><Placemark><name>ໂຮງຮຽນ ປະຖົມ ເຊກະໝານ</name><ExtendedData><Data name="@id"><value>way/610541973</value></Data><Data name="amenity"><value>school</value></Data><Data name="name"><value>ໂຮງຮຽນ ປະຖົມ ເຊກະໝານ</value></Data><Data name="name:en"><value>Sekman High School</value></Data><Data name="name:lo"><value>ໂຮງຮຽນ ປະຖົມ ເຊກະໝານ</value></Data></ExtendedData><Polygon><outerBoundaryIs><LinearRing><coordinates>106.8272941,14.8005779 106.8271586,14.800189 106.8277098,14.8000009 106.8278372,14.8004185 106.8272941,14.8005779</coordinates></LinearRing></outerBoundaryIs></Polygon></Placemark><Placemark><ExtendedData><Data name="@id"><value>way/611262414</value></Data><Data name="amenity"><value>school</value></Data></ExtendedData><Polygon><outerBoundaryIs><LinearRing><coordinates>106.535243,14.7469251 106.5348895,14.7455584 106.5356689,14.7453698 106.5360224,14.7467366 106.535243,14.7469251</coordinates></LinearRing></outerBoundaryIs></Polygon></Placemark><Placemark><ExtendedData><Data name="@id"><value>way/612766739</value></Data><Data name="amenity"><value>school</value></Data></ExtendedData><Polygon><outerBoundaryIs><LinearRing><coordinates>106.6624015,14.7113386 106.6627127,14.7099351 106.6636541,14.7100855 106.6632652,14.7115228 106.6624015,14.7113386</coordinates></LinearRing></outerBoundaryIs></Polygon></Placemark><Placemark><ExtendedData><Data name="@id"><value>way/614249657</value></Data><Data name="amenity"><value>school</value></Data></ExtendedData><Polygon><outerBoundaryIs><LinearRing><coordinates>101.7355971,22.1901671 101.7358908,22.1898219 101.736045,22.1898418 101.7362515,22.1899635 101.7360034,22.1903981 101.7357419,22.190264 101.7355971,22.1901671</coordinates></LinearRing></outerBoundaryIs></Polygon></Placemark><Placemark><name>Vientiane Autism Center</name><description>Education Center for Children with Autism; Office of the Association for Autism</description><ExtendedData><Data name="@id"><value>way/620819628</value></Data><Data name="addr:city"><value>Vientiane</value></Data><Data name="addr:housenumber"><value>010</value></Data><Data name="addr:postcode"><value>01000</value></Data><Data name="addr:street"><value>Phonepapao</value></Data><Data name="amenity"><value>school</value></Data><Data name="building"><value>school</value></Data><Data name="building:levels"><value>2</value></Data><Data name="description"><value>Education Center for Children with Autism; Office of the Association for Autism</value></Data><Data name="email"><value>info@laoautism.org</value></Data><Data name="name"><value>Vientiane Autism Center</value></Data><Data name="name:lo"><value>ສູນເພື່ອຄົນໂອທິສຕິກ ວຽງຈັນ</value></Data><Data name="operator"><value>Association for Autism</value></Data><Data name="smoking"><value>no</value></Data><Data name="website"><value>http://laoautism.org/</value></Data></ExtendedData><Polygon><outerBoundaryIs><LinearRing><coordinates>102.6421938,17.9508456 102.6421867,17.9506529 102.6423288,17.9506482 102.6423359,17.9508408 102.6421938,17.9508456</coordinates></LinearRing></outerBoundaryIs></Polygon></Placemark><Placemark><name>Pakse Autism Center</name><ExtendedData><Data name="@id"><value>way/621370238</value></Data><Data name="amenity"><value>school</value></Data><Data name="building"><value>school</value></Data><Data name="building:levels"><value>1</value></Data><Data name="name"><value>Pakse Autism Center</value></Data></ExtendedData><Polygon><outerBoundaryIs><LinearRing><coordinates>105.8286114,15.1112237 105.8285787,15.1111264 105.8287407,15.1110757 105.8287733,15.1111729 105.8286114,15.1112237</coordinates></LinearRing></outerBoundaryIs></Polygon></Placemark><Placemark><name>ໂຮງຮຽນ ມັດທະຍົມສຶກສາຕອນຕົ້ນ ທ່າມ່ວງ</name><ExtendedData><Data name="@id"><value>way/622163142</value></Data><Data name="amenity"><value>school</value></Data><Data name="name"><value>ໂຮງຮຽນ ມັດທະຍົມສຶກສາຕອນຕົ້ນ ທ່າມ່ວງ</value></Data><Data name="name:en"><value>Thamuang Secondary School</value></Data><Data name="name:lo"><value>ໂຮງຮຽນ ມັດທະຍົມສຶກສາຕອນຕົ້ນ ທ່າມ່ວງ</value></Data></ExtendedData><Polygon><outerBoundaryIs><LinearRing><coordinates>102.7419734,17.8902352 102.7424583,17.8904545 102.7425391,17.890491 102.7422584,17.8910532 102.7422107,17.8910316 102.7421268,17.8911995 102.7414695,17.8909023 102.7416932,17.8904543 102.7418326,17.8905173 102.7419734,17.8902352</coordinates></LinearRing></outerBoundaryIs></Polygon></Placemark><Placemark><name>ໂຮງຮຽນ ປະຖົມສົມບູນ ບ້ານນາຂາວ</name><ExtendedData><Data name="@id"><value>way/622367859</value></Data><Data name="alt_name:en"><value>School NaKao</value></Data><Data name="amenity"><value>school</value></Data><Data name="name"><value>ໂຮງຮຽນ ປະຖົມສົມບູນ ບ້ານນາຂາວ</value></Data><Data name="name:en"><value>Ban Nakhao Primary School</value></Data><Data name="name:lo"><value>ໂຮງຮຽນ ປະຖົມສົມບູນ ບ້ານນາຂາວ</value></Data></ExtendedData><Polygon><outerBoundaryIs><LinearRing><coordinates>102.8599638,18.1069322 102.8601979,18.107102 102.8605646,18.1073681 102.8599101,18.1079748 102.8594595,18.1075083 102.8599638,18.1069322</coordinates></LinearRing></outerBoundaryIs></Polygon></Placemark><Placemark><name>ໂຮງຮຽນ ປະຖົມສົມບູນ ບ້ານ ຫົວນທົ່ງ</name><ExtendedData><Data name="@id"><value>way/622367861</value></Data><Data name="amenity"><value>school</value></Data><Data name="name"><value>ໂຮງຮຽນ ປະຖົມສົມບູນ ບ້ານ ຫົວນທົ່ງ</value></Data><Data name="name:en"><value>Ban Houamthong Primary Schol</value></Data><Data name="name:lo"><value>ໂຮງຮຽນ ປະຖົມສົມບູນ ບ້ານ ຫົວນທົ່ງ</value></Data></ExtendedData><Polygon><outerBoundaryIs><LinearRing><coordinates>102.8739086,18.1284323 102.8737235,18.1278205 102.874496,18.1275631 102.8746542,18.1282845 102.8739086,18.1284323</coordinates></LinearRing></outerBoundaryIs></Polygon></Placemark><Placemark><name>ໂຮງຮຽນ ອະນຸບານ,ປະຖົມສຶກສົມບູນ ແລະ ມັດທະຍົມສຶຂສາຕອນຕົ້ນດອນສ້າງໄຜ່</name><ExtendedData><Data name="@id"><value>way/622367866</value></Data><Data name="amenity"><value>school</value></Data><Data name="name"><value>ໂຮງຮຽນ ອະນຸບານ,ປະຖົມສຶກສົມບູນ ແລະ ມັດທະຍົມສຶຂສາຕອນຕົ້ນດອນສ້າງໄຜ່</value></Data><Data name="name:en"><value>Donsangphai Pre-School, Primary School and Lower Secondary School</value></Data><Data name="name:lo"><value>ໂຮງຮຽນ ອະນຸບານ,ປະຖົມສຶກສົມບູນ ແລະ ມັດທະຍົມສຶຂສາຕອນຕົ້ນດອນສ້າງໄຜ່</value></Data></ExtendedData><Polygon><outerBoundaryIs><LinearRing><coordinates>102.9169688,18.1143099 102.9173121,18.1129588 102.9187095,18.1131551 102.9183796,18.1144399 102.9169688,18.1143099</coordinates></LinearRing></outerBoundaryIs></Polygon></Placemark><Placemark><name>ໂຮງຮຽນ ປະຖົມສົມບູນ ໝາກຮຽວ</name><ExtendedData><Data name="@id"><value>way/622367868</value></Data><Data name="amenity"><value>school</value></Data><Data name="building"><value>school</value></Data><Data name="name"><value>ໂຮງຮຽນ ປະຖົມສົມບູນ ໝາກຮຽວ</value></Data><Data name="name:en"><value>Makhiew Primary School</value></Data><Data name="name:lo"><value>ໂຮງຮຽນ ປະຖົມສົມບູນ ໝາກຮຽວ</value></Data></ExtendedData><Polygon><outerBoundaryIs><LinearRing><coordinates>102.9268217,18.0009015 102.9269866,18.0005313 102.9270769,18.0005677 102.9269119,18.0009378 102.9268217,18.0009015</coordinates></LinearRing></outerBoundaryIs></Polygon></Placemark><Placemark><name>ໂຮງຮຽນ ມັດທະຍົມສຶກສາສົມບູນ ສິມມະໂນ</name><ExtendedData><Data name="@id"><value>way/622367871</value></Data><Data name="amenity"><value>school</value></Data><Data name="name"><value>ໂຮງຮຽນ ມັດທະຍົມສຶກສາສົມບູນ ສິມມະໂນ</value></Data><Data name="name:en"><value>Simmano Secondary School</value></Data><Data name="name:lo"><value>ໂຮງຮຽນ ມັດທະຍົມສຶກສາສົມບູນ ສິມມະໂນ</value></Data></ExtendedData><Polygon><outerBoundaryIs><LinearRing><coordinates>102.8392388,17.9663873 102.8394214,17.9660655 102.8396272,17.9661728 102.8394499,17.9665201 102.8392388,17.9663873</coordinates></LinearRing></outerBoundaryIs></Polygon></Placemark><Placemark><name>ໂຮງຮຽນ ປະຖົມສົມບູນ ບ.ຖິ່ນຕັມ</name><ExtendedData><Data name="@id"><value>way/622367875</value></Data><Data name="amenity"><value>school</value></Data><Data name="name"><value>ໂຮງຮຽນ ປະຖົມສົມບູນ ບ.ຖິ່ນຕັມ</value></Data><Data name="name:en"><value>Ban Thintam Primary School</value></Data><Data name="name:lo"><value>ໂຮງຮຽນ ປະຖົມສົມບູນ ບ.ຖິ່ນຕັມ</value></Data></ExtendedData><Polygon><outerBoundaryIs><LinearRing><coordinates>102.7565968,17.9005152 102.7571037,17.9011967 102.7565458,17.9016612 102.7560148,17.9009517 102.7565968,17.9005152</coordinates></LinearRing></outerBoundaryIs></Polygon></Placemark><Placemark><name>ໂຮງຮຽນ ປະຖົມສົມບູນ ບ້ານສົມສະໄໝ</name><ExtendedData><Data name="@id"><value>way/622675948</value></Data><Data name="alt_name:en"><value>School Somsami</value></Data><Data name="amenity"><value>school</value></Data><Data name="name"><value>ໂຮງຮຽນ ປະຖົມສົມບູນ ບ້ານສົມສະໄໝ</value></Data><Data name="name:en"><value>Ban Somsamai Primary School</value></Data><Data name="name:lo"><value>ໂຮງຮຽນ ປະຖົມສົມບູນ ບ້ານສົມສະໄໝ</value></Data></ExtendedData><Polygon><outerBoundaryIs><LinearRing><coordinates>102.8217906,18.1354995 102.822276,18.1355361 102.8228541,18.1355798 102.8227977,18.1363521 102.8217221,18.1362545 102.8217906,18.1354995</coordinates></LinearRing></outerBoundaryIs></Polygon></Placemark><Placemark><ExtendedData><Data name="@id"><value>way/623282450</value></Data><Data name="amenity"><value>school</value></Data></ExtendedData><Polygon><outerBoundaryIs><LinearRing><coordinates>103.0333471,18.0620114 103.0331057,18.0610602 103.0338219,18.060869 103.0338889,18.0616034 103.0338192,18.0619477 103.0333471,18.0620114</coordinates></LinearRing></outerBoundaryIs></Polygon></Placemark><Placemark><name>Primary School Houaxieng</name><ExtendedData><Data name="@id"><value>way/629373340</value></Data><Data name="amenity"><value>school</value></Data><Data name="name"><value>Primary School Houaxieng</value></Data></ExtendedData><Polygon><outerBoundaryIs><LinearRing><coordinates>102.7912113,18.0284836 102.7912854,18.0285063 102.7914334,18.0292818 102.7913879,18.0294405 102.7909668,18.0295704 102.7906975,18.0286146 102.7912113,18.0284836</coordinates></LinearRing></outerBoundaryIs></Polygon></Placemark><Placemark><ExtendedData><Data name="@id"><value>way/632488602</value></Data><Data name="amenity"><value>school</value></Data></ExtendedData><Polygon><outerBoundaryIs><LinearRing><coordinates>104.2562734,20.184474 104.2561661,20.1842827 104.2559516,20.184328 104.2559087,20.1841216 104.2564773,20.1839202 104.2566328,20.1843331 104.2562734,20.184474</coordinates></LinearRing></outerBoundaryIs></Polygon></Placemark><Placemark><name>ອາຄານຮຽນການທ່ອງທ່ຽວແລະການໂຮງແຮມ</name><ExtendedData><Data name="@id"><value>way/633372865</value></Data><Data name="amenity"><value>school</value></Data><Data name="building"><value>yes</value></Data><Data name="name"><value>ອາຄານຮຽນການທ່ອງທ່ຽວແລະການໂຮງແຮມ</value></Data></ExtendedData><Polygon><outerBoundaryIs><LinearRing><coordinates>102.6357797,18.0386426 102.6353107,18.038744 102.6353223,18.0387925 102.6351981,18.0388193 102.6351518,18.0386255 102.6352829,18.0385972 102.635292,18.0386354 102.635754,18.0385355 102.6357797,18.0386426</coordinates></LinearRing></outerBoundaryIs></Polygon></Placemark><Placemark><name>ຄະນະສຶກສາສາດ</name><ExtendedData><Data name="@id"><value>way/633376500</value></Data><Data name="amenity"><value>school</value></Data><Data name="building"><value>yes</value></Data><Data name="name"><value>ຄະນະສຶກສາສາດ</value></Data></ExtendedData><Polygon><outerBoundaryIs><LinearRing><coordinates>102.6362653,18.0379457 102.6361954,18.0376322 102.6363459,18.0376019 102.6363667,18.0376955 102.6363112,18.0377067 102.6363392,18.0378319 102.6363963,18.0378203 102.6364175,18.037915 102.6362653,18.0379457</coordinates></LinearRing></outerBoundaryIs></Polygon></Placemark><Placemark><ExtendedData><Data name="@id"><value>way/634111584</value></Data><Data name="amenity"><value>school</value></Data></ExtendedData><Polygon><outerBoundaryIs><LinearRing><coordinates>104.7007034,18.2336148 104.7003889,18.2330852 104.7004845,18.2330339 104.700799,18.2335636 104.7007034,18.2336148</coordinates></LinearRing></outerBoundaryIs></Polygon></Placemark><Placemark><name>ມສ ໂພນຕານ</name><ExtendedData><Data name="@id"><value>way/634111587</value></Data><Data name="amenity"><value>school</value></Data><Data name="name"><value>ມສ ໂພນຕານ</value></Data></ExtendedData><Polygon><outerBoundaryIs><LinearRing><coordinates>104.7005551,18.234088 104.7004851,18.2339532 104.7005655,18.2339155 104.7005757,18.2339351 104.7008426,18.2338101 104.7009024,18.2339253 104.7006324,18.2340518 104.7005551,18.234088</coordinates></LinearRing></outerBoundaryIs></Polygon></Placemark><Placemark><ExtendedData><Data name="@id"><value>way/634578113</value></Data><Data name="amenity"><value>school</value></Data></ExtendedData><Polygon><outerBoundaryIs><LinearRing><coordinates>102.7446061,18.2198748 102.7451144,18.2190677 102.7459072,18.2195974 102.7454899,18.2203396 102.7446061,18.2198748</coordinates></LinearRing></outerBoundaryIs></Polygon></Placemark><Placemark><ExtendedData><Data name="@id"><value>way/635219416</value></Data><Data name="amenity"><value>school</value></Data></ExtendedData><Polygon><outerBoundaryIs><LinearRing><coordinates>102.9161936,18.2031703 102.9161936,18.2026556 102.9173092,18.2025339 102.9175349,18.2027627 102.9175415,18.2029864 102.9161936,18.2031703</coordinates></LinearRing></outerBoundaryIs></Polygon></Placemark><Placemark><ExtendedData><Data name="@id"><value>way/635643569</value></Data><Data name="amenity"><value>school</value></Data></ExtendedData><Polygon><outerBoundaryIs><LinearRing><coordinates>102.950794,18.2162933 102.9503628,18.2148379 102.9511668,18.2145959 102.9516323,18.2160663 102.950794,18.2162933</coordinates></LinearRing></outerBoundaryIs></Polygon></Placemark><Placemark><ExtendedData><Data name="@id"><value>way/636356421</value></Data><Data name="amenity"><value>school</value></Data></ExtendedData><Polygon><outerBoundaryIs><LinearRing><coordinates>102.6965314,18.1508525 102.6967569,18.1516082 102.6964169,18.1517563 102.6961854,18.1518669 102.695603,18.1509743 102.6963488,18.1504484 102.6965314,18.1508525</coordinates></LinearRing></outerBoundaryIs></Polygon></Placemark><Placemark><ExtendedData><Data name="@id"><value>way/636577999</value></Data><Data name="amenity"><value>school</value></Data></ExtendedData><Polygon><outerBoundaryIs><LinearRing><coordinates>102.7832134,18.1676432 102.783079,18.167656 102.7812031,18.1678175 102.7811076,18.1668633 102.783318,18.166588 102.7833055,18.1667628 102.7832656,18.167322 102.7832134,18.1676432</coordinates></LinearRing></outerBoundaryIs></Polygon></Placemark><Placemark><ExtendedData><Data name="@id"><value>way/636578000</value></Data><Data name="amenity"><value>school</value></Data></ExtendedData><Polygon><outerBoundaryIs><LinearRing><coordinates>102.7717735,18.1711438 102.7725063,18.1708529 102.7729154,18.1718579 102.7719505,18.1722119 102.7717735,18.1711438</coordinates></LinearRing></outerBoundaryIs></Polygon></Placemark><Placemark><ExtendedData><Data name="@id"><value>way/636914027</value></Data><Data name="amenity"><value>school</value></Data></ExtendedData><Polygon><outerBoundaryIs><LinearRing><coordinates>102.7173722,18.2829292 102.7173865,18.2817182 102.7174409,18.281693 102.7178539,18.281598 102.7181819,18.281611 102.718564,18.2816926 102.7184826,18.2829852 102.7173722,18.2829292</coordinates></LinearRing></outerBoundaryIs></Polygon></Placemark><Placemark><ExtendedData><Data name="@id"><value>way/638395659</value></Data><Data name="amenity"><value>school</value></Data></ExtendedData><Polygon><outerBoundaryIs><LinearRing><coordinates>102.6663566,18.3196095 102.6679768,18.3195965 102.6677952,18.3207351 102.667759,18.3210303 102.6665303,18.3211375 102.6663566,18.3196095</coordinates></LinearRing></outerBoundaryIs></Polygon></Placemark><Placemark><ExtendedData><Data name="@id"><value>way/640044230</value></Data><Data name="amenity"><value>school</value></Data></ExtendedData><Polygon><outerBoundaryIs><LinearRing><coordinates>103.0026573,18.5511999 103.0025527,18.5498253 103.0026982,18.5498189 103.0032804,18.5497099 103.0033137,18.5497015 103.004028,18.5495225 103.0042053,18.5494844 103.0042976,18.5494646 103.0045617,18.5503252 103.0045295,18.5506863 103.0043417,18.5508999 103.0041271,18.5510626 103.0037087,18.5512304 103.0033922,18.5512559 103.0026573,18.5511999</coordinates></LinearRing></outerBoundaryIs></Polygon></Placemark><Placemark><ExtendedData><Data name="@id"><value>way/640044233</value></Data><Data name="amenity"><value>school</value></Data></ExtendedData><Polygon><outerBoundaryIs><LinearRing><coordinates>103.0135953,18.5612744 103.0136329,18.5608218 103.014797,18.5608574 103.0149472,18.5617778 103.0144268,18.5619304 103.0141854,18.561488 103.0138957,18.561432 103.0135953,18.5612744</coordinates></LinearRing></outerBoundaryIs></Polygon></Placemark><Placemark><ExtendedData><Data name="@id"><value>way/642063944</value></Data><Data name="amenity"><value>school</value></Data></ExtendedData><Polygon><outerBoundaryIs><LinearRing><coordinates>102.8268769,18.2066242 102.8264789,18.2057215 102.8270691,18.2054411 102.8275865,18.2051954 102.8279203,18.2057107 102.8281441,18.2063413 102.8268769,18.2066242</coordinates></LinearRing></outerBoundaryIs></Polygon></Placemark><Placemark><ExtendedData><Data name="@id"><value>way/642221843</value></Data><Data name="amenity"><value>school</value></Data></ExtendedData><Polygon><outerBoundaryIs><LinearRing><coordinates>102.8375716,18.1253651 102.8372782,18.1244438 102.8378699,18.1242528 102.8381658,18.1252297 102.8377903,18.1252766 102.8375716,18.1253651</coordinates></LinearRing></outerBoundaryIs></Polygon></Placemark><Placemark><ExtendedData><Data name="@id"><value>way/642779862</value></Data><Data name="amenity"><value>school</value></Data></ExtendedData><Polygon><outerBoundaryIs><LinearRing><coordinates>102.8722454,18.150252 102.8729403,18.1497412 102.8733327,18.1503918 102.8733889,18.1504851 102.8731106,18.1508306 102.8727924,18.1510559 102.8722454,18.150252</coordinates></LinearRing></outerBoundaryIs></Polygon></Placemark><Placemark><ExtendedData><Data name="@id"><value>way/642880755</value></Data><Data name="amenity"><value>school</value></Data></ExtendedData><Polygon><outerBoundaryIs><LinearRing><coordinates>102.8097919,18.141811 102.8091769,18.1414401 102.8091625,18.1413037 102.8095043,18.1410657 102.8097774,18.1408206 102.8098895,18.1407012 102.8103724,18.1409631 102.8097919,18.141811</coordinates></LinearRing></outerBoundaryIs></Polygon></Placemark><Placemark><ExtendedData><Data name="@id"><value>way/643451187</value></Data><Data name="amenity"><value>school</value></Data></ExtendedData><Polygon><outerBoundaryIs><LinearRing><coordinates>102.5094798,18.1014279 102.5093622,18.1005879 102.5099691,18.1004905 102.5099995,18.1013991 102.5094798,18.1014279</coordinates></LinearRing></outerBoundaryIs></Polygon></Placemark><Placemark><name>Ban Nahoy Primary School</name><ExtendedData><Data name="@id"><value>way/647106880</value></Data><Data name="amenity"><value>school</value></Data><Data name="building"><value>yes</value></Data><Data name="name"><value>Ban Nahoy Primary School</value></Data><Data name="school"><value>primary</value></Data></ExtendedData><Polygon><outerBoundaryIs><LinearRing><coordinates>102.2609568,18.1570255 102.2610587,18.156977 102.2613135,18.1572803 102.2612116,18.1573517 102.2609568,18.1570255</coordinates></LinearRing></outerBoundaryIs></Polygon></Placemark><Placemark><ExtendedData><Data name="@id"><value>way/647586863</value></Data><Data name="amenity"><value>school</value></Data></ExtendedData><Polygon><outerBoundaryIs><LinearRing><coordinates>101.8107936,21.065231 101.8105522,21.0647655 101.8112275,21.064271 101.8113327,21.0646328 101.8115957,21.065136 101.8110779,21.0651334 101.8107936,21.065231</coordinates></LinearRing></outerBoundaryIs></Polygon></Placemark><Placemark><name>Lao-American College</name><ExtendedData><Data name="@id"><value>way/651692038</value></Data><Data name="amenity"><value>school</value></Data><Data name="building"><value>yes</value></Data><Data name="name"><value>Lao-American College</value></Data><Data name="source"><value>DigitalGlobe-Premium</value></Data></ExtendedData><Polygon><outerBoundaryIs><LinearRing><coordinates>102.6329991,17.9870615 102.6332823,17.9869376 102.6335843,17.9868054 102.6337376,17.9871223 102.6335212,17.987217 102.6334273,17.9870231 102.6333312,17.9870652 102.6330586,17.9871845 102.6329991,17.9870615</coordinates></LinearRing></outerBoundaryIs></Polygon></Placemark><Placemark><ExtendedData><Data name="@id"><value>way/651692055</value></Data><Data name="amenity"><value>school</value></Data><Data name="building"><value>yes</value></Data></ExtendedData><Polygon><outerBoundaryIs><LinearRing><coordinates>102.6416405,17.9957191 102.641583,17.9956253 102.64182,17.9954939 102.6415431,17.9950418 102.6413052,17.9951736 102.6412374,17.9950628 102.6415771,17.9948746 102.6419793,17.9955313 102.6416405,17.9957191</coordinates></LinearRing></outerBoundaryIs></Polygon></Placemark><Placemark><name>Phonphanao primary school</name><ExtendedData><Data name="@id"><value>way/651692068</value></Data><Data name="addr:street"><value>Avenue Kaysone Phomvihane</value></Data><Data name="amenity"><value>school</value></Data><Data name="building"><value>yes</value></Data><Data name="name"><value>Phonphanao primary school</value></Data><Data name="source"><value>DigitalGlobe-Premium</value></Data></ExtendedData><Polygon><outerBoundaryIs><LinearRing><coordinates>102.6374345,17.9913442 102.637413,17.991252 102.6377936,17.9911717 102.6378151,17.9912639 102.6374345,17.9913442</coordinates></LinearRing></outerBoundaryIs></Polygon></Placemark><Placemark><ExtendedData><Data name="@id"><value>way/652022011</value></Data><Data name="amenity"><value>school</value></Data></ExtendedData><Polygon><outerBoundaryIs><LinearRing><coordinates>101.8772763,21.0474186 101.8771975,21.0473824 101.8769615,21.0469729 101.8769264,21.0467775 101.876954,21.0466924 101.8770296,21.0466083 101.8771659,21.0465252 101.8772928,21.0464882 101.8776059,21.0464509 101.8775976,21.0465365 101.8776252,21.0466593 101.8776729,21.0467535 101.877771,21.0468293 101.8778209,21.0468538 101.8777906,21.0468892 101.8777154,21.0471155 101.8776958,21.0471826 101.8775579,21.0473244 101.8774287,21.0473891 101.8772763,21.0474186</coordinates></LinearRing></outerBoundaryIs></Polygon></Placemark><Placemark><ExtendedData><Data name="@id"><value>way/653003313</value></Data><Data name="amenity"><value>school</value></Data><Data name="barrier"><value>wall</value></Data></ExtendedData><Polygon><outerBoundaryIs><LinearRing><coordinates>102.149511,21.0021756 102.1493286,21.0020203 102.149165,21.0016948 102.1492133,21.0015796 102.1493447,21.0014669 102.1496639,21.0013943 102.1497885,21.0014521 102.1501279,21.0016097 102.1500447,21.0018025 102.1499133,21.0019878 102.1497309,21.002123 102.149511,21.0021756</coordinates></LinearRing></outerBoundaryIs></Polygon></Placemark><Placemark><ExtendedData><Data name="@id"><value>way/656569798</value></Data><Data name="amenity"><value>school</value></Data></ExtendedData><Polygon><outerBoundaryIs><LinearRing><coordinates>104.7421811,17.958158 104.7423869,17.9578015 104.7424762,17.9578482 104.7422704,17.9582046 104.7421811,17.958158</coordinates></LinearRing></outerBoundaryIs></Polygon></Placemark><Placemark><ExtendedData><Data name="@id"><value>way/667717857</value></Data><Data name="amenity"><value>school</value></Data></ExtendedData><Polygon><outerBoundaryIs><LinearRing><coordinates>102.2266545,18.2888323 102.2266888,18.2885576 102.226766,18.2884212 102.2269739,18.2883826 102.2276276,18.2883968 102.2278715,18.2884485 102.2277273,18.289115 102.2269826,18.2889357 102.2266545,18.2888323</coordinates></LinearRing></outerBoundaryIs></Polygon></Placemark><Placemark><ExtendedData><Data name="@id"><value>way/671258119</value></Data><Data name="amenity"><value>school</value></Data></ExtendedData><Polygon><outerBoundaryIs><LinearRing><coordinates>104.6926081,18.006109 104.6929157,18.0056721 104.6936881,18.005917 104.6939349,18.0067741 104.6926081,18.006109</coordinates></LinearRing></outerBoundaryIs></Polygon></Placemark><Placemark><ExtendedData><Data name="@id"><value>way/673957776</value></Data><Data name="amenity"><value>school</value></Data></ExtendedData><Polygon><outerBoundaryIs><LinearRing><coordinates>104.9717715,18.1821125 104.9716052,18.1811722 104.9731824,18.1809199 104.9733165,18.1818654 104.9717715,18.1821125</coordinates></LinearRing></outerBoundaryIs></Polygon></Placemark><Placemark><name>ໂຮງຮຽນມັດທະຍົມສົມບູນພັນຫມັ້ນ</name><ExtendedData><Data name="@id"><value>way/676721418</value></Data><Data name="amenity"><value>school</value></Data><Data name="name"><value>ໂຮງຮຽນມັດທະຍົມສົມບູນພັນຫມັ້ນ</value></Data></ExtendedData><Polygon><outerBoundaryIs><LinearRing><coordinates>102.6174877,17.9270991 102.6166822,17.9269762 102.6167662,17.926478 102.6175717,17.9266009 102.6174877,17.9270991</coordinates></LinearRing></outerBoundaryIs></Polygon></Placemark><Placemark><ExtendedData><Data name="@id"><value>way/682196595</value></Data><Data name="amenity"><value>school</value></Data></ExtendedData><Polygon><outerBoundaryIs><LinearRing><coordinates>105.1498112,17.7159293 105.1497951,17.7155333 105.149771,17.7153646 105.1496261,17.7150657 105.149771,17.7149022 105.1499587,17.7149124 105.1503208,17.7150887 105.1503289,17.7156764 105.1500472,17.7159267 105.1498112,17.7159293</coordinates></LinearRing></outerBoundaryIs></Polygon></Placemark><Placemark><ExtendedData><Data name="@id"><value>way/685610926</value></Data><Data name="amenity"><value>school</value></Data></ExtendedData><Polygon><outerBoundaryIs><LinearRing><coordinates>101.9022463,19.4412482 101.9025267,19.4415366 101.9024838,19.441658 101.9023604,19.4418237 101.9021201,19.4420218 101.9019913,19.4420825 101.9018314,19.4421234 101.9016938,19.4421113 101.9015407,19.4420258 101.9012047,19.4416532 101.9014261,19.4415866 101.9018118,19.4414609 101.9020875,19.4413319 101.9022463,19.4412482</coordinates></LinearRing></outerBoundaryIs></Polygon></Placemark><Placemark><name>Liengnaboune Language and Computer Center</name><ExtendedData><Data name="@id"><value>way/697073264</value></Data><Data name="amenity"><value>school</value></Data><Data name="name"><value>Liengnaboune Language and Computer Center</value></Data><Data name="name:en"><value>Liengnaboune Language and Computer Center</value></Data></ExtendedData><Polygon><outerBoundaryIs><LinearRing><coordinates>104.9525581,18.1801658 104.9525912,18.1800547 104.9526901,18.1800814 104.952657,18.1801924 104.9525581,18.1801658</coordinates></LinearRing></outerBoundaryIs></Polygon></Placemark><Placemark><name>ໂຮງຮຽນ ມສ ອຸທຸມພອນ</name><ExtendedData><Data name="@id"><value>way/710518356</value></Data><Data name="addr:street"><value>9W Road</value></Data><Data name="amenity"><value>school</value></Data><Data name="name"><value>ໂຮງຮຽນ ມສ ອຸທຸມພອນ</value></Data><Data name="name:en"><value>Outhomphone Secondary School</value></Data><Data name="name:lo"><value>ໂຮງຮຽນ ມສ ອຸທຸມພອນ</value></Data></ExtendedData><Polygon><outerBoundaryIs><LinearRing><coordinates>104.9552532,16.6698088 104.9555334,16.6693284 104.9561621,16.6684237 104.9575799,16.6696796 104.9564761,16.670846 104.9559261,16.6703228 104.9552532,16.6698088</coordinates></LinearRing></outerBoundaryIs></Polygon></Placemark><Placemark><name>ໂຮງຮຽນ ມັດຖະຍົມຕອນຕົ້ນ ເຊໂນ</name><ExtendedData><Data name="@id"><value>way/710518365</value></Data><Data name="amenity"><value>school</value></Data><Data name="name"><value>ໂຮງຮຽນ ມັດຖະຍົມຕອນຕົ້ນ ເຊໂນ</value></Data><Data name="name:en"><value>Seno Highschool</value></Data><Data name="name:lo"><value>ໂຮງຮຽນ ມັດຖະຍົມຕອນຕົ້ນ ເຊໂນ</value></Data></ExtendedData><Polygon><outerBoundaryIs><LinearRing><coordinates>104.9757439,16.6721162 104.975194,16.6712144 104.9757895,16.6707518 104.9767792,16.6704204 104.9771413,16.6713069 104.9761355,16.67198 104.9757439,16.6721162</coordinates></LinearRing></outerBoundaryIs></Polygon></Placemark><Placemark><ExtendedData><Data name="@id"><value>way/721872894</value></Data><Data name="amenity"><value>school</value></Data></ExtendedData><Polygon><outerBoundaryIs><LinearRing><coordinates>101.7764452,19.4122476 101.7766812,19.4117037 101.7773491,19.411863 101.7770487,19.4125562 101.7764452,19.4122476</coordinates></LinearRing></outerBoundaryIs></Polygon></Placemark><Placemark><ExtendedData><Data name="@id"><value>way/722008431</value></Data><Data name="amenity"><value>school</value></Data></ExtendedData><Polygon><outerBoundaryIs><LinearRing><coordinates>101.7755873,19.5960946 101.7750259,19.5955157 101.7754886,19.5950476 101.7757959,19.5950333 101.7759628,19.5951369 101.7762966,19.5955765 101.7760083,19.5959946 101.7755873,19.5960946</coordinates></LinearRing></outerBoundaryIs></Polygon></Placemark><Placemark><name>ໂຮງຮຽນປະຖົມນາແລ້ງຫຼວງ</name><ExtendedData><Data name="@id"><value>way/735389341</value></Data><Data name="amenity"><value>school</value></Data><Data name="name"><value>ໂຮງຮຽນປະຖົມນາແລ້ງຫຼວງ</value></Data><Data name="name:en"><value>Naleng Louang Primary School</value></Data><Data name="name:lo"><value>ໂຮງຮຽນປະຖົມນາແລ້ງຫຼວງ</value></Data></ExtendedData><Polygon><outerBoundaryIs><LinearRing><coordinates>101.7503795,19.3181063 101.7509776,19.3180607 101.7510393,19.3180962 101.7510581,19.3181847 101.7510929,19.3183037 101.751109,19.3183797 101.7511171,19.3184758 101.7510071,19.3185568 101.7509481,19.3185821 101.7508837,19.31861 101.7508193,19.3186075 101.7507201,19.3186226 101.7504224,19.3186429 101.7503446,19.3186353 101.7502614,19.3186226 101.7503795,19.3181063</coordinates></LinearRing></outerBoundaryIs></Polygon></Placemark><Placemark><ExtendedData><Data name="@id"><value>way/740095358</value></Data><Data name="amenity"><value>school</value></Data></ExtendedData><Polygon><outerBoundaryIs><LinearRing><coordinates>102.6760312,20.7080332 102.676737,20.7080298 102.6767407,20.7082877 102.6760606,20.7082877 102.6760312,20.7080332</coordinates></LinearRing></outerBoundaryIs></Polygon></Placemark><Placemark><name>ໂຮງຮຽນເມືອງນານ</name><ExtendedData><Data name="@id"><value>way/742392612</value></Data><Data name="amenity"><value>school</value></Data><Data name="name"><value>ໂຮງຮຽນເມືອງນານ</value></Data></ExtendedData><Polygon><outerBoundaryIs><LinearRing><coordinates>101.8832494,19.499507 101.8832113,19.4993544 101.8830466,19.4985797 101.8830485,19.4983254 101.8831353,19.4980559 101.8833245,19.4976714 101.8839471,19.4976575 101.8842961,19.4976691 101.8842957,19.4979809 101.8845853,19.4981579 101.8845199,19.4991116 101.8839577,19.4991035 101.8839201,19.4994575 101.8832494,19.499507</coordinates></LinearRing></outerBoundaryIs></Polygon></Placemark><Placemark><ExtendedData><Data name="@id"><value>way/755271982</value></Data><Data name="amenity"><value>school</value></Data></ExtendedData><Polygon><outerBoundaryIs><LinearRing><coordinates>102.0562237,19.0851181 102.056339,19.0851308 102.0570847,19.0851663 102.0573315,19.085184 102.0575376,19.0863138 102.0565457,19.0863672 102.0564491,19.086423 102.0558053,19.0863614 102.0562237,19.0851181</coordinates></LinearRing></outerBoundaryIs></Polygon></Placemark><Placemark><ExtendedData><Data name="@id"><value>way/755271987</value></Data><Data name="amenity"><value>school</value></Data></ExtendedData><Polygon><outerBoundaryIs><LinearRing><coordinates>102.0496617,19.0734828 102.0507282,19.0730341 102.0508192,19.0734039 102.050905,19.0735358 102.0510042,19.0736194 102.050815,19.0737921 102.0504932,19.0741013 102.0499943,19.0743548 102.0495544,19.0739442 102.0495651,19.0735741 102.0496617,19.0734828</coordinates></LinearRing></outerBoundaryIs></Polygon></Placemark><Placemark><ExtendedData><Data name="@id"><value>way/755280406</value></Data><Data name="amenity"><value>school</value></Data></ExtendedData><Polygon><outerBoundaryIs><LinearRing><coordinates>102.0595622,19.0911881 102.0598734,19.0907217 102.0600239,19.0905531 102.0602489,19.090301 102.0608068,19.0907471 102.0610574,19.0910567 102.0610574,19.0915434 102.0607853,19.0918319 102.060206,19.0918471 102.059691,19.0917458 102.0594549,19.0914669 102.0595622,19.0911881</coordinates></LinearRing></outerBoundaryIs></Polygon></Placemark><Placemark><ExtendedData><Data name="@id"><value>way/755293088</value></Data><Data name="amenity"><value>school</value></Data></ExtendedData><Polygon><outerBoundaryIs><LinearRing><coordinates>102.1167377,19.1484954 102.1168335,19.1481809 102.1176693,19.1475427 102.1184193,19.148329 102.1183721,19.1486007 102.117694,19.1489486 102.1172515,19.1485965 102.1167377,19.1484954</coordinates></LinearRing></outerBoundaryIs></Polygon></Placemark><Placemark><ExtendedData><Data name="@id"><value>way/890168804</value></Data><Data name="amenity"><value>school</value></Data><Data name="education"><value>school</value></Data></ExtendedData><Polygon><outerBoundaryIs><LinearRing><coordinates>102.607602,17.9694501 102.6069575,17.9695934 102.6059766,17.9698175 102.6055157,17.9698983 102.6054069,17.9695813 102.6073449,17.9686386 102.6073587,17.9686651 102.6074295,17.9687993 102.6072828,17.9688664 102.607602,17.9694501</coordinates></LinearRing></outerBoundaryIs></Polygon></Placemark><Placemark><name>Thongpong High School</name><ExtendedData><Data name="@id"><value>way/931905153</value></Data><Data name="amenity"><value>school</value></Data><Data name="education"><value>school</value></Data><Data name="name"><value>Thongpong High School</value></Data><Data name="name:lo"><value>ໂຮງຮຽນ ມັດທະຍົມປາຍ ທົ່ງປົ່ງ</value></Data></ExtendedData><Polygon><outerBoundaryIs><LinearRing><coordinates>102.5419555,17.9938484 102.5417325,17.9948831 102.5404036,17.9946261 102.5405394,17.9938169 102.5419555,17.9938484</coordinates></LinearRing></outerBoundaryIs></Polygon></Placemark><Placemark><name>Ecole Elementaire de Chansavang</name><ExtendedData><Data name="@id"><value>way/946510890</value></Data><Data name="amenity"><value>school</value></Data><Data name="name"><value>Ecole Elementaire de Chansavang</value></Data></ExtendedData><Polygon><outerBoundaryIs><LinearRing><coordinates>102.5243068,18.0196528 102.5243315,18.0204688 102.523022,18.0205302 102.5229174,18.0197574 102.5243068,18.0196528</coordinates></LinearRing></outerBoundaryIs></Polygon></Placemark><Placemark><ExtendedData><Data name="@id"><value>way/954844872</value></Data><Data name="amenity"><value>school</value></Data></ExtendedData><Polygon><outerBoundaryIs><LinearRing><coordinates>105.7420859,14.7570902 105.742574,14.7555003 105.7428952,14.7555925 105.7439849,14.7561772 105.7440466,14.7574793 105.7438347,14.7575571 105.7436469,14.7575986 105.7420859,14.7570902</coordinates></LinearRing></outerBoundaryIs></Polygon></Placemark><Placemark><name>Vientiane Pattana School International Secondary-High school</name><ExtendedData><Data name="@id"><value>way/974055009</value></Data><Data name="amenity"><value>school</value></Data><Data name="education"><value>school</value></Data><Data name="name"><value>Vientiane Pattana School International Secondary-High school</value></Data></ExtendedData><Polygon><outerBoundaryIs><LinearRing><coordinates>102.5924465,17.9706607 102.5926187,17.9705702 102.5926463,17.970632 102.5926487,17.9706373 102.5927229,17.9708272 102.5928559,17.9707854 102.5928334,17.9707323 102.5928801,17.9707201 102.5929923,17.9706991 102.5930508,17.9706898 102.5931258,17.9706779 102.5931579,17.9707216 102.5932554,17.9708839 102.593322,17.9709946 102.5934342,17.9714835 102.5930486,17.971615 102.5930035,17.9716312 102.5927649,17.9717166 102.5926361,17.9714326 102.5925826,17.9713098 102.5925289,17.9712129 102.5926845,17.9711363 102.5924088,17.9706816 102.5924465,17.9706607</coordinates></LinearRing></outerBoundaryIs></Polygon></Placemark><Placemark><name>Vientiane Pattana School Pre-School &amp; Primary</name><ExtendedData><Data name="@id"><value>way/974055032</value></Data><Data name="amenity"><value>school</value></Data><Data name="education"><value>school</value></Data><Data name="name"><value>Vientiane Pattana School Pre-School &amp; Primary</value></Data></ExtendedData><Polygon><outerBoundaryIs><LinearRing><coordinates>102.5922759,17.9700095 102.5922134,17.9700284 102.5919112,17.9701256 102.5918955,17.9701243 102.5916235,17.9696851 102.5917976,17.9695944 102.5917629,17.9694111 102.5917074,17.9694268 102.5916209,17.9691908 102.5920437,17.9691071 102.5920549,17.9691322 102.5921098,17.9691205 102.5922673,17.9694813 102.5922336,17.9694964 102.5921903,17.9695159 102.5920607,17.9695742 102.5920523,17.969578 102.5922759,17.9700095</coordinates></LinearRing></outerBoundaryIs></Polygon></Placemark><Placemark><ExtendedData><Data name="@id"><value>way/974071970</value></Data><Data name="amenity"><value>school</value></Data><Data name="education"><value>school</value></Data></ExtendedData><Polygon><outerBoundaryIs><LinearRing><coordinates>102.5852358,17.9690938 102.5851002,17.9691036 102.5849306,17.9691182 102.5846172,17.9691347 102.5845795,17.9691358 102.584577,17.9689695 102.5845721,17.9688707 102.5845618,17.9687519 102.584751,17.9686175 102.5850157,17.9685981 102.5850368,17.9685966 102.5850787,17.9685926 102.5851571,17.9685839 102.5852006,17.9688352 102.5852151,17.9689194 102.5852207,17.9689516 102.5852224,17.9689616 102.5852242,17.9689798 102.5852358,17.9690938</coordinates></LinearRing></outerBoundaryIs></Polygon></Placemark><Placemark><ExtendedData><Data name="@id"><value>way/988550604</value></Data><Data name="amenity"><value>school</value></Data><Data name="note"><value>just a guess that this is a school</value></Data></ExtendedData><Polygon><outerBoundaryIs><LinearRing><coordinates>102.8192706,20.9586919 102.8192304,20.958618 102.8191258,20.9583763 102.8193095,20.9582311 102.8195107,20.9585604 102.8192706,20.9586919</coordinates></LinearRing></outerBoundaryIs></Polygon></Placemark><Placemark><ExtendedData><Data name="@id"><value>way/1009003928</value></Data><Data name="amenity"><value>school</value></Data></ExtendedData><Polygon><outerBoundaryIs><LinearRing><coordinates>102.638389,18.0384419 102.6379559,18.0366734 102.6391466,18.0364556 102.6392341,18.0369704 102.6392322,18.0371061 102.6393064,18.0372031 102.639425,18.0373 102.639627,18.0373899 102.6395714,18.0374833 102.639766,18.0383221 102.638389,18.0384419</coordinates></LinearRing></outerBoundaryIs></Polygon></Placemark><Placemark><ExtendedData><Data name="@id"><value>way/1024124144</value></Data><Data name="amenity"><value>school</value></Data><Data name="building"><value>yes</value></Data></ExtendedData><Polygon><outerBoundaryIs><LinearRing><coordinates>102.4385229,19.0375979 102.4383996,19.0375489 102.4384492,19.0374243 102.4385602,19.0374677 102.4385229,19.0375979</coordinates></LinearRing></outerBoundaryIs></Polygon></Placemark><Placemark><ExtendedData><Data name="@id"><value>way/1026901092</value></Data><Data name="amenity"><value>school</value></Data><Data name="building"><value>yes</value></Data><Data name="grades"><value>1-7</value></Data></ExtendedData><Polygon><outerBoundaryIs><LinearRing><coordinates>102.4280487,19.0768626 102.4279604,19.0768247 102.4281776,19.0764859 102.4282592,19.0765358 102.4280487,19.0768626</coordinates></LinearRing></outerBoundaryIs></Polygon></Placemark><Placemark><ExtendedData><Data name="@id"><value>way/1087289853</value></Data><Data name="amenity"><value>school</value></Data></ExtendedData><Polygon><outerBoundaryIs><LinearRing><coordinates>106.0237454,16.5340823 106.0236958,16.5334742 106.0237065,16.5333778 106.024023,16.5333456 106.0240149,16.5332287 106.0244428,16.5333032 106.024483,16.5333212 106.0245071,16.5333649 106.0246104,16.5336349 106.0246359,16.5337853 106.0246332,16.5341363 106.0237454,16.5340823</coordinates></LinearRing></outerBoundaryIs></Polygon></Placemark><Placemark><ExtendedData><Data name="@id"><value>way/1088548195</value></Data><Data name="amenity"><value>school</value></Data></ExtendedData><Polygon><outerBoundaryIs><LinearRing><coordinates>106.0396725,16.538117 106.0398281,16.5375616 106.0401701,16.5376272 106.0402573,16.5377159 106.0402948,16.5378059 106.04039,16.5380978 106.0404222,16.5382057 106.0404477,16.5383035 106.0404289,16.5383253 106.0403833,16.5383536 106.0402291,16.5383677 106.0401514,16.5383322 106.0396725,16.538117</coordinates></LinearRing></outerBoundaryIs></Polygon></Placemark><Placemark><ExtendedData><Data name="@id"><value>way/1106368617</value></Data><Data name="amenity"><value>school</value></Data></ExtendedData><Polygon><outerBoundaryIs><LinearRing><coordinates>102.6158052,17.9592515 102.6153948,17.9589559 102.6157354,17.9587288 102.6158803,17.9585987 102.6161726,17.9589431 102.6159939,17.9591007 102.6158052,17.9592515</coordinates></LinearRing></outerBoundaryIs></Polygon></Placemark><Placemark><name>ໂຮງຮຽນ ມສ ເມືອງແບງ</name><ExtendedData><Data name="@id"><value>way/1108448135</value></Data><Data name="amenity"><value>school</value></Data><Data name="name"><value>ໂຮງຮຽນ ມສ ເມືອງແບງ</value></Data><Data name="name:en"><value>Beng District Secondary School</value></Data></ExtendedData><Polygon><outerBoundaryIs><LinearRing><coordinates>101.6382393,20.2963485 101.6380713,20.2960417 101.6384339,20.2954446 101.6391059,20.2954114 101.6400343,20.2955192 101.6400609,20.2961744 101.6399459,20.296954 101.6391236,20.2972442 101.6387964,20.2968379 101.6382393,20.2963485</coordinates></LinearRing></outerBoundaryIs></Polygon></Placemark><Placemark><name>Visaithat School</name><ExtendedData><Data name="@id"><value>way/1110545244</value></Data><Data name="amenity"><value>school</value></Data><Data name="name"><value>Visaithat School</value></Data><Data name="name:lo"><value>ໂຮງຮຽນວິໄສທັດ</value></Data></ExtendedData><Polygon><outerBoundaryIs><LinearRing><coordinates>102.6701067,17.9519203 102.6690833,17.9519374 102.6689954,17.9511958 102.6691086,17.9511996 102.6696066,17.9511377 102.6698028,17.9510952 102.6700681,17.9517999 102.6701217,17.9518162 102.6701067,17.9519203</coordinates></LinearRing></outerBoundaryIs></Polygon></Placemark><Placemark><name>ໂຮງຮຽນປະຖົມໂພນໂຮງ</name><ExtendedData><Data name="@id"><value>way/1130367706</value></Data><Data name="amenity"><value>school</value></Data><Data name="name"><value>ໂຮງຮຽນປະຖົມໂພນໂຮງ</value></Data><Data name="name:en"><value>Phonhong Primary School</value></Data></ExtendedData><Polygon><outerBoundaryIs><LinearRing><coordinates>102.4118289,18.4890214 102.4119139,18.4898367 102.4114537,18.4898799 102.4113687,18.4890646 102.4118289,18.4890214</coordinates></LinearRing></outerBoundaryIs></Polygon></Placemark><Placemark><name>Phonhong Middle and Secondary School</name><ExtendedData><Data name="@id"><value>way/1130367714</value></Data><Data name="amenity"><value>school</value></Data><Data name="name"><value>Phonhong Middle and Secondary School</value></Data></ExtendedData><Polygon><outerBoundaryIs><LinearRing><coordinates>102.4104153,18.4899088 102.410361,18.4901011 102.4090737,18.4898103 102.4090816,18.4889598 102.4108327,18.4888724 102.4108347,18.4892173 102.4109017,18.489233 102.4109334,18.4892812 102.4110119,18.4899278 102.4104153,18.4899088</coordinates></LinearRing></outerBoundaryIs></Polygon></Placemark><Placemark><name>Light Blind School</name><ExtendedData><Data name="@id"><value>way/1131088923</value></Data><Data name="amenity"><value>school</value></Data><Data name="education"><value>school</value></Data><Data name="name"><value>Light Blind School</value></Data><Data name="name:en"><value>Light Blind School</value></Data></ExtendedData><Polygon><outerBoundaryIs><LinearRing><coordinates>102.5473192,17.993417 102.5472185,17.9931019 102.5475465,17.9930621 102.5481041,17.9931496 102.5479079,17.9936166 102.5477953,17.9935728 102.5476948,17.9937819 102.5472571,17.993693 102.5473192,17.993417</coordinates></LinearRing></outerBoundaryIs></Polygon></Placemark><Placemark><ExtendedData><Data name="@id"><value>way/1174906038</value></Data><Data name="amenity"><value>school</value></Data></ExtendedData><Polygon><outerBoundaryIs><LinearRing><coordinates>105.9706932,13.9514848 105.9708711,13.9509386 105.9711309,13.9509152 105.9715734,13.9508826 105.971886,13.9510287 105.9719149,13.9514147 105.9719111,13.9520034 105.971458,13.9524417 105.9710251,13.9523951 105.9706643,13.952087 105.9706932,13.9514848</coordinates></LinearRing></outerBoundaryIs></Polygon></Placemark><Placemark><ExtendedData><Data name="@id"><value>way/1193767152</value></Data><Data name="amenity"><value>school</value></Data><Data name="name:en"><value>Phiavat High School</value></Data></ExtendedData><Polygon><outerBoundaryIs><LinearRing><coordinates>102.6154588,17.961382 102.614907,17.9608941 102.6152243,17.9605693 102.6153176,17.9604854 102.6158639,17.9609865 102.6157683,17.9610653 102.6154588,17.961382</coordinates></LinearRing></outerBoundaryIs></Polygon></Placemark><Placemark><name>Thatkhao Primary and lower Secondary School</name><ExtendedData><Data name="@id"><value>way/1194218555</value></Data><Data name="amenity"><value>school</value></Data><Data name="name"><value>Thatkhao Primary and lower Secondary School</value></Data></ExtendedData><Polygon><outerBoundaryIs><LinearRing><coordinates>102.6178813,17.9558282 102.6177322,17.9557758 102.6176945,17.9557641 102.6173358,17.9556352 102.6171763,17.9555804 102.617283,17.9553714 102.6173302,17.95538 102.6174267,17.955213 102.6174461,17.9551793 102.6175182,17.9550539 102.6180204,17.955284 102.6179001,17.955757 102.6178813,17.9558282</coordinates></LinearRing></outerBoundaryIs></Polygon></Placemark><Placemark><ExtendedData><Data name="@id"><value>way/1209335903</value></Data><Data name="amenity"><value>school</value></Data><Data name="barrier"><value>wall</value></Data><Data name="name:en"><value>Houana Primary School</value></Data></ExtendedData><Polygon><outerBoundaryIs><LinearRing><coordinates>102.7545115,18.2650004 102.7547395,18.264896 102.7549407,18.2648094 102.7552008,18.2647253 102.7554127,18.2646744 102.7554771,18.2646896 102.7556649,18.265031 102.7556863,18.2651609 102.7555281,18.2652271 102.7552974,18.2652602 102.7546537,18.2653468 102.7545115,18.2650004</coordinates></LinearRing></outerBoundaryIs></Polygon></Placemark><Placemark><ExtendedData><Data name="@id"><value>way/1222010809</value></Data><Data name="amenity"><value>school</value></Data></ExtendedData><Polygon><outerBoundaryIs><LinearRing><coordinates>102.4006207,18.915349 102.4013005,18.9159231 102.4005229,18.9162434 102.400175,18.9156646 102.4006207,18.915349</coordinates></LinearRing></outerBoundaryIs></Polygon></Placemark><Placemark><ExtendedData><Data name="@id"><value>way/1265037207</value></Data><Data name="amenity"><value>school</value></Data><Data name="name:en"><value>Institute of vietnamese of savannakhet</value></Data><Data name="name:th"><value>สูลภาสาเหวียดนาม์</value></Data></ExtendedData><Polygon><outerBoundaryIs><LinearRing><coordinates>104.7521715,16.5710387 104.7522333,16.570386 104.7526482,16.570427 104.7525896,16.5710144 104.7521715,16.5710387</coordinates></LinearRing></outerBoundaryIs></Polygon></Placemark><Placemark><name>ໂຮງຮຽນປະຖົມສືກສາ ບ້ານດົງບັງ</name><ExtendedData><Data name="@id"><value>way/1292775565</value></Data><Data name="amenity"><value>school</value></Data><Data name="name"><value>ໂຮງຮຽນປະຖົມສືກສາ ບ້ານດົງບັງ</value></Data><Data name="name:en"><value>Dôngbang Primary School</value></Data></ExtendedData><Polygon><outerBoundaryIs><LinearRing><coordinates>102.7345246,18.124309 102.7344458,18.123286 102.7354352,18.1230176 102.7357035,18.1239807 102.7355656,18.1240485 102.7355656,18.1241219 102.7354226,18.1241525 102.735372,18.1241633 102.7353864,18.1243087 102.7345246,18.124309</coordinates></LinearRing></outerBoundaryIs></Polygon></Placemark><Placemark><name>nasala primary school</name><ExtendedData><Data name="@id"><value>way/1292775570</value></Data><Data name="amenity"><value>school</value></Data><Data name="name"><value>nasala primary school</value></Data></ExtendedData><Polygon><outerBoundaryIs><LinearRing><coordinates>102.7318568,18.1231754 102.7320359,18.1222663 102.7323563,18.1223407 102.7325533,18.1223857 102.7327236,18.122422 102.7327161,18.1225064 102.7326338,18.1232347 102.7318568,18.1231754</coordinates></LinearRing></outerBoundaryIs></Polygon></Placemark><Placemark><name>Ban Thong School</name><ExtendedData><Data name="@id"><value>way/1308807166</value></Data><Data name="amenity"><value>school</value></Data><Data name="name"><value>Ban Thong School</value></Data></ExtendedData><Polygon><outerBoundaryIs><LinearRing><coordinates>105.8006306,15.1166744 105.800723,15.1165108 105.8008223,15.1162481 105.8013353,15.1165388 105.8011148,15.1169293 105.8006306,15.1166744</coordinates></LinearRing></outerBoundaryIs></Polygon></Placemark><Placemark><name>Ban Thong Primary School</name><ExtendedData><Data name="@id"><value>way/1308807173</value></Data><Data name="amenity"><value>school</value></Data><Data name="name"><value>Ban Thong Primary School</value></Data></ExtendedData><Polygon><outerBoundaryIs><LinearRing><coordinates>105.8028736,15.1183741 105.8032232,15.1177174 105.8037993,15.1180015 105.8034121,15.1186524 105.8028736,15.1183741</coordinates></LinearRing></outerBoundaryIs></Polygon></Placemark><Placemark><ExtendedData><Data name="@id"><value>way/1308973704</value></Data><Data name="amenity"><value>school</value></Data></ExtendedData><Polygon><outerBoundaryIs><LinearRing><coordinates>105.8275139,15.1102568 105.827614,15.1097668 105.8276224,15.1096781 105.827781,15.1096652 105.8277793,15.1093783 105.8284805,15.1093751 105.8283845,15.1098844 105.8282084,15.1104034 105.8275139,15.1102568</coordinates></LinearRing></outerBoundaryIs></Polygon></Placemark><Placemark><name>Chomcheng Secondary School</name><ExtendedData><Data name="@id"><value>way/1309343846</value></Data><Data name="amenity"><value>school</value></Data><Data name="name"><value>Chomcheng Secondary School</value></Data></ExtendedData><Polygon><outerBoundaryIs><LinearRing><coordinates>104.8080919,17.3887835 104.8084989,17.387822 104.8090382,17.3879841 104.8088327,17.3890399 104.8080919,17.3887835</coordinates></LinearRing></outerBoundaryIs></Polygon></Placemark><Placemark><name>Kengkeung School</name><ExtendedData><Data name="@id"><value>way/1309521388</value></Data><Data name="amenity"><value>school</value></Data><Data name="name"><value>Kengkeung School</value></Data></ExtendedData><Polygon><outerBoundaryIs><LinearRing><coordinates>105.7807852,15.1231561 105.7821071,15.1245982 105.782109,15.1246681 105.7812056,15.124702 105.7801674,15.123779 105.780226,15.123611 105.7803472,15.1234864 105.7805819,15.1232618 105.7807852,15.1231561</coordinates></LinearRing></outerBoundaryIs></Polygon></Placemark><Placemark><ExtendedData><Data name="@id"><value>way/1315034842</value></Data><Data name="amenity"><value>school</value></Data><Data name="name:en"><value>Phanom Primary School</value></Data></ExtendedData><Polygon><outerBoundaryIs><LinearRing><coordinates>102.1585994,19.8847961 102.1587117,19.8843018 102.1593971,19.8845065 102.1592663,19.8848494 102.1585994,19.8847961</coordinates></LinearRing></outerBoundaryIs></Polygon></Placemark><Placemark><ExtendedData><Data name="@id"><value>way/1340701688</value></Data><Data name="amenity"><value>school</value></Data></ExtendedData><Polygon><outerBoundaryIs><LinearRing><coordinates>102.4271198,18.3455986 102.4274199,18.3454668 102.4276189,18.3456181 102.4278618,18.345515 102.4284592,18.3460632 102.4285667,18.3459438 102.4289785,18.346427 102.4283245,18.3471345 102.427216,18.348151 102.4266614,18.3481362 102.4265885,18.3478534 102.4266428,18.346916 102.4266847,18.3461239 102.4267533,18.3457553 102.4271198,18.3455986</coordinates></LinearRing></outerBoundaryIs></Polygon></Placemark><Placemark><ExtendedData><Data name="@id"><value>way/1344768014</value></Data><Data name="amenity"><value>school</value></Data></ExtendedData><Polygon><outerBoundaryIs><LinearRing><coordinates>102.6091339,20.5692671 102.6097146,20.569016 102.609905,20.5694203 102.609217,20.5696614 102.6091567,20.569532 102.6092452,20.5694969 102.6091339,20.5692671</coordinates></LinearRing></outerBoundaryIs></Polygon></Placemark><Placemark><name>ໂຮງຮຽນປະຖົມດອກງິ້ວຄໍາ 木棉小学</name><ExtendedData><Data name="@id"><value>way/1350378804</value></Data><Data name="amenity"><value>school</value></Data><Data name="education"><value>school</value></Data><Data name="name"><value>ໂຮງຮຽນປະຖົມດອກງິ້ວຄໍາ 木棉小学</value></Data><Data name="name:en"><value>Mumian Primary School</value></Data><Data name="name:lo"><value>ໂຮງຮຽນປະຖົມດອກງິ້ວຄໍາ</value></Data><Data name="name:zh"><value>木棉小学</value></Data></ExtendedData><Polygon><outerBoundaryIs><LinearRing><coordinates>100.1071591,20.3485044 100.1053834,20.3481332 100.1056784,20.3468619 100.1065767,20.3470407 100.1064085,20.347751 100.1073018,20.3479486 100.1071591,20.3485044</coordinates></LinearRing></outerBoundaryIs></Polygon></Placemark><Placemark><name>中老友谊学校</name><ExtendedData><Data name="@id"><value>way/1350641198</value></Data><Data name="amenity"><value>school</value></Data><Data name="name"><value>中老友谊学校</value></Data></ExtendedData><Polygon><outerBoundaryIs><LinearRing><coordinates>101.968062,20.6765514 101.9677449,20.6765438 101.9673302,20.6769064 101.9660238,20.6764246 101.9659696,20.6763308 101.9659642,20.676242 101.9665171,20.6752886 101.9668152,20.6754787 101.9678506,20.6755472 101.9681053,20.6757399 101.968062,20.6765514</coordinates></LinearRing></outerBoundaryIs></Polygon></Placemark><Placemark><name>ມັດຖະຍົມປາຍທ່າຊັນ</name><ExtendedData><Data name="@id"><value>way/1367629924</value></Data><Data name="amenity"><value>school</value></Data><Data name="name"><value>ມັດຖະຍົມປາຍທ່າຊັນ</value></Data></ExtendedData><Polygon><outerBoundaryIs><LinearRing><coordinates>102.508321,18.507933 102.5095726,18.5076555 102.5101859,18.5077086 102.5096099,18.5097605 102.5088503,18.5096247 102.5082868,18.5094121 102.5080439,18.5089574 102.508514,18.5088777 102.508321,18.507933</coordinates></LinearRing></outerBoundaryIs></Polygon></Placemark><Placemark><ExtendedData><Data name="@id"><value>way/1419079512</value></Data><Data name="amenity"><value>school</value></Data></ExtendedData><Polygon><outerBoundaryIs><LinearRing><coordinates>102.1106312,18.7141385 102.110548,18.7137018 102.110656,18.7136833 102.1107393,18.71412 102.1106312,18.7141385</coordinates></LinearRing></outerBoundaryIs></Polygon></Placemark><Placemark><ExtendedData><Data name="@id"><value>way/1419079513</value></Data><Data name="amenity"><value>school</value></Data></ExtendedData><Polygon><outerBoundaryIs><LinearRing><coordinates>102.109631,18.7147553 102.1096336,18.71438 102.1097471,18.7143808 102.1097444,18.714756 102.109631,18.7147553</coordinates></LinearRing></outerBoundaryIs></Polygon></Placemark><Placemark><ExtendedData><Data name="@id"><value>way/1419079514</value></Data><Data name="amenity"><value>school</value></Data></ExtendedData><Polygon><outerBoundaryIs><LinearRing><coordinates>102.110038,18.7148615 102.1103502,18.7148669 102.1103482,18.7149705 102.1101275,18.7149666 102.1101268,18.7150016 102.1100353,18.715 102.110038,18.7148615</coordinates></LinearRing></outerBoundaryIs></Polygon></Placemark><Placemark><ExtendedData><Data name="@id"><value>way/1419079515</value></Data><Data name="amenity"><value>school</value></Data></ExtendedData><Polygon><outerBoundaryIs><LinearRing><coordinates>102.1106443,18.714801 102.1106562,18.7144324 102.1107734,18.7144358 102.1107616,18.7148043 102.1106443,18.714801</coordinates></LinearRing></outerBoundaryIs></Polygon></Placemark><Placemark><name>ໂຮງຮຽນມັດທະຍົມ ສືກສາສົມບູນ ໂພນງາມ</name><ExtendedData><Data name="@id"><value>way/1447464252</value></Data><Data name="alt_name"><value>Phonngarm High School</value></Data><Data name="amenity"><value>school</value></Data><Data name="education"><value>school</value></Data><Data name="name"><value>ໂຮງຮຽນມັດທະຍົມ ສືກສາສົມບູນ ໂພນງາມ</value></Data></ExtendedData><Polygon><outerBoundaryIs><LinearRing><coordinates>102.7598934,18.1614633 102.7596696,18.1614633 102.7596611,18.1598461 102.7608648,18.1598622 102.7608859,18.1614793 102.7598934,18.1614633</coordinates></LinearRing></outerBoundaryIs></Polygon></Placemark><Placemark><name>ໂຮງຮຽນຈີນລຽວໂຕວ໌</name><ExtendedData><Data name="@id"><value>way/1460649381</value></Data><Data name="alt_name"><value>華僑公立寮都中學</value></Data><Data name="amenity"><value>school</value></Data><Data name="education"><value>school</value></Data><Data name="name"><value>ໂຮງຮຽນຈີນລຽວໂຕວ໌</value></Data><Data name="name:en"><value>Liewtou Chinese School</value></Data><Data name="name:zh"><value>寮都公學</value></Data></ExtendedData><Polygon><outerBoundaryIs><LinearRing><coordinates>102.6090821,17.9769023 102.6091457,17.9765692 102.6091134,17.9765394 102.609361,17.9760355 102.6093995,17.9760398 102.6105611,17.9762771 102.6102536,17.9772926 102.6102488,17.9773595 102.6097603,17.977281 102.6093721,17.9771951 102.6094335,17.9769797 102.6090821,17.9769023</coordinates></LinearRing></outerBoundaryIs></Polygon></Placemark><Placemark><name>ໂຮງຮຽນຈີນປາກເຊ</name><ExtendedData><Data name="@id"><value>way/1460649931</value></Data><Data name="amenity"><value>school</value></Data><Data name="education"><value>school</value></Data><Data name="name"><value>ໂຮງຮຽນຈີນປາກເຊ</value></Data><Data name="name:en"><value>Pakse Chinese School</value></Data><Data name="name:zh"><value>百細華僑公學</value></Data></ExtendedData><Polygon><outerBoundaryIs><LinearRing><coordinates>105.8118042,15.1202565 105.8121925,15.1196682 105.8123449,15.1196724 105.81345,15.1203829 105.8133727,15.1205735 105.8133856,15.1207806 105.8132826,15.1209629 105.8131131,15.1209567 105.8127762,15.1207972 105.8118042,15.1202565</coordinates></LinearRing></outerBoundaryIs></Polygon></Placemark><Placemark><name>Lycée français Josué Hoffet</name><ExtendedData><Data name="@id"><value>way/1465016151</value></Data><Data name="amenity"><value>school</value></Data><Data name="education"><value>school</value></Data><Data name="name"><value>Lycée français Josué Hoffet</value></Data></ExtendedData><Polygon><outerBoundaryIs><LinearRing><coordinates>102.6199185,17.946801 102.6196482,17.9468146 102.6191215,17.9468432 102.619077,17.9463477 102.6190395,17.9460937 102.6189793,17.9459136 102.6194949,17.9458898 102.6198287,17.9458398 102.6199435,17.9462004 102.6199185,17.946801</coordinates></LinearRing></outerBoundaryIs></Polygon></Placemark><Placemark><ExtendedData><Data name="@id"><value>way/1465090365</value></Data><Data name="amenity"><value>school</value></Data><Data name="education"><value>school</value></Data></ExtendedData><Polygon><outerBoundaryIs><LinearRing><coordinates>102.6072884,17.9729028 102.6072885,17.972617 102.6073079,17.9725995 102.6073076,17.9725776 102.6075957,17.9725835 102.6077441,17.9725808 102.6079072,17.9725864 102.6079023,17.9726877 102.6079017,17.9727304 102.6079134,17.9728031 102.6079195,17.9728294 102.6078641,17.9728294 102.6078592,17.9728025 102.6078025,17.9728019 102.6077982,17.9728382 102.6077656,17.9728404 102.6076885,17.9728457 102.6074652,17.972861 102.6072884,17.9729028</coordinates></LinearRing></outerBoundaryIs></Polygon></Placemark><Placemark><ExtendedData><Data name="@id"><value>way/1465807025</value></Data><Data name="amenity"><value>school</value></Data><Data name="education"><value>school</value></Data></ExtendedData><Polygon><outerBoundaryIs><LinearRing><coordinates>102.559995,17.9739627 102.5599883,17.9739442 102.5599691,17.9738911 102.5599388,17.9738072 102.5599333,17.9737921 102.5597739,17.9733514 102.5597655,17.9733281 102.5597089,17.9731715 102.5596435,17.9729907 102.5600457,17.9727507 102.5600868,17.9727261 102.5601631,17.9726806 102.5601859,17.9727661 102.5602235,17.9728871 102.5602407,17.9729534 102.5604135,17.9736202 102.5604465,17.9737438 102.560464,17.9738097 102.559995,17.9739627</coordinates></LinearRing></outerBoundaryIs></Polygon></Placemark><Placemark><ExtendedData><Data name="@id"><value>way/1465988283</value></Data><Data name="amenity"><value>school</value></Data><Data name="education"><value>school</value></Data></ExtendedData><Polygon><outerBoundaryIs><LinearRing><coordinates>102.5638644,17.9705794 102.5638446,17.9705482 102.5638656,17.9705389 102.563921,17.9705143 102.5638774,17.9704452 102.5638228,17.9703681 102.563795,17.9702209 102.5639758,17.9701818 102.5639914,17.9702275 102.5640174,17.9703091 102.5640323,17.9703857 102.5640747,17.9705313 102.5640625,17.9705341 102.5638644,17.9705794</coordinates></LinearRing></outerBoundaryIs></Polygon></Placemark><Placemark><name>ໂຮງຮຽນປະຖົມສົມບູນ ອາກາດ</name><ExtendedData><Data name="@id"><value>way/1467775129</value></Data><Data name="amenity"><value>school</value></Data><Data name="education"><value>school</value></Data><Data name="name"><value>ໂຮງຮຽນປະຖົມສົມບູນ ອາກາດ</value></Data></ExtendedData><Polygon><outerBoundaryIs><LinearRing><coordinates>102.5739718,17.9697632 102.574256,17.9697407 102.5742546,17.9698342 102.5742911,17.9698336 102.5742969,17.9699101 102.5743744,17.9699056 102.5743813,17.9699708 102.5742981,17.9699824 102.5743337,17.9703157 102.573998,17.970372 102.5739718,17.9697632</coordinates></LinearRing></outerBoundaryIs></Polygon></Placemark><Placemark><ExtendedData><Data name="@id"><value>way/1467952561</value></Data><Data name="amenity"><value>school</value></Data><Data name="education"><value>school</value></Data></ExtendedData><Polygon><outerBoundaryIs><LinearRing><coordinates>102.6228268,17.9743672 102.6232128,17.9747004 102.623254,17.974687 102.6233874,17.9747953 102.6227866,17.9752636 102.6227357,17.9752162 102.6226186,17.9753358 102.6223626,17.9748912 102.6225654,17.9746279 102.6227807,17.9743937 102.6228268,17.9743672</coordinates></LinearRing></outerBoundaryIs></Polygon></Placemark><Placemark><ExtendedData><Data name="@id"><value>way/1468903449</value></Data><Data name="amenity"><value>school</value></Data><Data name="education"><value>school</value></Data></ExtendedData><Polygon><outerBoundaryIs><LinearRing><coordinates>102.6201423,17.9540708 102.6197441,17.9539289 102.6197099,17.953882 102.6199055,17.9531713 102.6199562,17.9531452 102.620405,17.953265 102.6201423,17.9540708</coordinates></LinearRing></outerBoundaryIs></Polygon></Placemark><Placemark><ExtendedData><Data name="@id"><value>way/1472324098</value></Data><Data name="amenity"><value>school</value></Data><Data name="education"><value>school</value></Data></ExtendedData><Polygon><outerBoundaryIs><LinearRing><coordinates>102.6144764,17.9705666 102.6143345,17.9701911 102.6145343,17.9700941 102.6146199,17.970019 102.6147008,17.969938 102.6146623,17.9699148 102.6147167,17.9698691 102.6147291,17.9698454 102.6147533,17.9698743 102.6148705,17.9700136 102.6149714,17.9701256 102.6150372,17.9701987 102.6151168,17.9702812 102.6149474,17.9704383 102.6149211,17.9704165 102.6148366,17.9704563 102.6148274,17.9704422 102.6145169,17.9705749 102.6144967,17.9705804 102.6144764,17.9705666</coordinates></LinearRing></outerBoundaryIs></Polygon></Placemark><Placemark><name>ໂຮງຮຽນ ມັດທະຍົມສືກສາ ມິດຕະພາບ ລາວ-ກູບາ</name><ExtendedData><Data name="@id"><value>way/1483584345</value></Data><Data name="amenity"><value>school</value></Data><Data name="education"><value>school</value></Data><Data name="name"><value>ໂຮງຮຽນ ມັດທະຍົມສືກສາ ມິດຕະພາບ ລາວ-ກູບາ</value></Data><Data name="name:lo"><value>Dongbang Secondary School</value></Data></ExtendedData><Polygon><outerBoundaryIs><LinearRing><coordinates>102.7258416,18.1180492 102.7259023,18.1170661 102.7258896,18.1168434 102.7257492,18.1148757 102.727651,18.1150179 102.7277241,18.1150234 102.7283646,18.1150713 102.7282856,18.1154376 102.7282119,18.1155557 102.7279007,18.1159575 102.7276883,18.116377 102.7277238,18.1166114 102.7277374,18.116923 102.7275267,18.1172464 102.7273474,18.1175776 102.7273439,18.1180215 102.7258416,18.1180492</coordinates></LinearRing></outerBoundaryIs></Polygon></Placemark><Placemark><name>ໂຮງຮຽນ ອະນຸບານສືກສາ ດົງບັງ</name><ExtendedData><Data name="@id"><value>way/1483595460</value></Data><Data name="amenity"><value>school</value></Data><Data name="education"><value>school</value></Data><Data name="name"><value>ໂຮງຮຽນ ອະນຸບານສືກສາ ດົງບັງ</value></Data></ExtendedData><Polygon><outerBoundaryIs><LinearRing><coordinates>102.740312,18.1190854 102.7401166,18.1187048 102.7406385,18.1184103 102.7408901,18.1187591 102.740312,18.1190854</coordinates></LinearRing></outerBoundaryIs></Polygon></Placemark><Placemark><name>ໂຮງຮຽນ ປະຖົມສືກສາ ໜອງສອງຫ້ອງ</name><ExtendedData><Data name="@id"><value>way/1483627031</value></Data><Data name="amenity"><value>school</value></Data><Data name="education"><value>school</value></Data><Data name="name"><value>ໂຮງຮຽນ ປະຖົມສືກສາ ໜອງສອງຫ້ອງ</value></Data></ExtendedData><Polygon><outerBoundaryIs><LinearRing><coordinates>102.7680869,18.1618557 102.7667281,18.1620425 102.7667047,18.1618976 102.7665247,18.1619346 102.7663774,18.1614243 102.7678622,18.1611317 102.7680869,18.1618557</coordinates></LinearRing></outerBoundaryIs></Polygon></Placemark><Placemark><ExtendedData><Data name="@id"><value>way/1483627032</value></Data><Data name="amenity"><value>school</value></Data><Data name="education"><value>school</value></Data></ExtendedData><Polygon><outerBoundaryIs><LinearRing><coordinates>102.7766809,18.1314708 102.7764178,18.1303047 102.7777551,18.1300323 102.7779683,18.1313515 102.7766809,18.1314708</coordinates></LinearRing></outerBoundaryIs></Polygon></Placemark><Placemark><name>ໂຮງຮຽນແສງທິບ</name><ExtendedData><Data name="@id"><value>way/1526285458</value></Data><Data name="amenity"><value>school</value></Data><Data name="building"><value>school</value></Data><Data name="education"><value>school</value></Data><Data name="name"><value>ໂຮງຮຽນແສງທິບ</value></Data></ExtendedData><Polygon><outerBoundaryIs><LinearRing><coordinates>102.1374855,19.8759955 102.1375675,19.8756149 102.1379883,19.8757708 102.1379027,19.8761079 102.1374855,19.8759955</coordinates></LinearRing></outerBoundaryIs></Polygon></Placemark><Placemark><name>ໂຮງຣຽນ ມສ ປ່ອງຄຳ</name><ExtendedData><Data name="@id"><value>way/1526287179</value></Data><Data name="amenity"><value>school</value></Data><Data name="building"><value>school</value></Data><Data name="education"><value>school</value></Data><Data name="name"><value>ໂຮງຣຽນ ມສ ປ່ອງຄຳ</value></Data></ExtendedData><Polygon><outerBoundaryIs><LinearRing><coordinates>102.1331042,19.8787199 102.1335862,19.8792359 102.1336469,19.8793014 102.1337451,19.8794072 102.1333555,19.8797523 102.1332878,19.879817 102.1329064,19.8794919 102.1326775,19.8792762 102.1325687,19.8791735 102.1328504,19.8789349 102.1329316,19.8788661 102.1331042,19.8787199</coordinates></LinearRing></outerBoundaryIs></Polygon></Placemark><Placemark><name>Lycée français Josué Hoffet</name><ExtendedData><Data name="@id"><value>node/479149892</value></Data><Data name="amenity"><value>school</value></Data><Data name="name"><value>Lycée français Josué Hoffet</value></Data><Data name="name:fr"><value>Lycée français Josué Hoffet</value></Data></ExtendedData><Point><coordinates>102.6196564,17.946328</coordinates></Point></Placemark><Placemark><name>Gold English Institute</name><ExtendedData><Data name="@id"><value>node/512001114</value></Data><Data name="amenity"><value>school</value></Data><Data name="name"><value>Gold English Institute</value></Data><Data name="name:en"><value>Gold English Institute</value></Data></ExtendedData><Point><coordinates>102.6198079,17.9466548</coordinates></Point></Placemark><Placemark><name>Lao-German Technical School</name><ExtendedData><Data name="@id"><value>node/512023749</value></Data><Data name="amenity"><value>school</value></Data><Data name="check_date"><value>2023-01-02</value></Data><Data name="name"><value>Lao-German Technical School</value></Data><Data name="name:en"><value>Lao-German Technical School</value></Data></ExtendedData><Point><coordinates>102.6185069,17.9388348</coordinates></Point></Placemark><Placemark><name>Thatkhao Primary and lower Secondary School</name><ExtendedData><Data name="@id"><value>node/512440181</value></Data><Data name="amenity"><value>school</value></Data><Data name="name"><value>Thatkhao Primary and lower Secondary School</value></Data><Data name="name:en"><value>Thatkhao Primary and lower Secondary School</value></Data></ExtendedData><Point><coordinates>102.6176074,17.9554347</coordinates></Point></Placemark><Placemark><name>Eastern Star Bilingual School</name><ExtendedData><Data name="@id"><value>node/512440214</value></Data><Data name="amenity"><value>school</value></Data><Data name="name"><value>Eastern Star Bilingual School</value></Data><Data name="name:en"><value>Eastern Star Bilingual School</value></Data></ExtendedData><Point><coordinates>102.6264281,17.9370274</coordinates></Point></Placemark><Placemark><name>Kiettisack International School</name><ExtendedData><Data name="@id"><value>node/513607013</value></Data><Data name="amenity"><value>school</value></Data><Data name="name"><value>Kiettisack International School</value></Data><Data name="name:en"><value>Kiettisack International School</value></Data></ExtendedData><Point><coordinates>102.6276126,17.9427298</coordinates></Point></Placemark><Placemark><name>Pakpasak Technical College</name><ExtendedData><Data name="@id"><value>node/513632402</value></Data><Data name="amenity"><value>school</value></Data><Data name="education"><value>school</value></Data><Data name="name"><value>Pakpasak Technical College</value></Data><Data name="name:en"><value>Pakpasak Technical College</value></Data><Data name="name:fr"><value>Ecole Technique Pakpasak</value></Data></ExtendedData><Point><coordinates>102.5995871,17.9663311</coordinates></Point></Placemark><Placemark><name>Inspire</name><ExtendedData><Data name="@id"><value>node/513632457</value></Data><Data name="amenity"><value>school</value></Data><Data name="name"><value>Inspire</value></Data><Data name="name:en"><value>Inspire</value></Data></ExtendedData><Point><coordinates>102.6194641,17.945306</coordinates></Point></Placemark><Placemark><name>Romeo English School</name><ExtendedData><Data name="@id"><value>node/513638543</value></Data><Data name="addr:street"><value>ທະຫນົນທ່າເດື່ອ</value></Data><Data name="amenity"><value>school</value></Data><Data name="name"><value>Romeo English School</value></Data><Data name="name:en"><value>Romeo English School</value></Data><Data name="name:th"><value>ท่าพะลายไช</value></Data></ExtendedData><Point><coordinates>102.6167519,17.9313679</coordinates></Point></Placemark><Placemark><name>Vientiane International Music School</name><ExtendedData><Data name="@id"><value>node/525511758</value></Data><Data name="amenity"><value>school</value></Data><Data name="education"><value>school</value></Data><Data name="name"><value>Vientiane International Music School</value></Data><Data name="name:en"><value>Viantiane International Music School</value></Data></ExtendedData><Point><coordinates>102.6036686,17.967135</coordinates></Point></Placemark><Placemark><name>ໂຮງຮຽນມັດທະຍົມສຶກສາສົມບູນວຽງຈັນ</name><ExtendedData><Data name="@id"><value>node/528566886</value></Data><Data name="amenity"><value>school</value></Data><Data name="education"><value>school</value></Data><Data name="name"><value>ໂຮງຮຽນມັດທະຍົມສຶກສາສົມບູນວຽງຈັນ</value></Data><Data name="name:en"><value>Vientiane Secondary School</value></Data><Data name="name:fr"><value>Lycée de Vientiane</value></Data><Data name="name:lo"><value>ໂຮງຮຽນມັດທະຍົມສຶກສາສົມບູນວຽງຈັນ</value></Data><Data name="name:th"><value>โรงเรียนมัธยมศึกษาสมบูรณ์เวียงจันทน์</value></Data></ExtendedData><Point><coordinates>102.6169937,17.9699565</coordinates></Point></Placemark><Placemark><name>Sunshine School</name><ExtendedData><Data name="@id"><value>node/528566927</value></Data><Data name="amenity"><value>school</value></Data><Data name="name"><value>Sunshine School</value></Data><Data name="name:en"><value>Sunshine School</value></Data></ExtendedData><Point><coordinates>102.6188376,17.9566938</coordinates></Point></Placemark><Placemark><name>Sihom Vithaya Language Centre</name><ExtendedData><Data name="@id"><value>node/534029623</value></Data><Data name="amenity"><value>school</value></Data><Data name="education"><value>school</value></Data><Data name="name"><value>Sihom Vithaya Language Centre</value></Data><Data name="name:en"><value>Sihom Vithaya Language Centre</value></Data></ExtendedData><Point><coordinates>102.599975,17.9695646</coordinates></Point></Placemark><Placemark><name>Foreign Language and Vocational Training Centre</name><ExtendedData><Data name="@id"><value>node/534029625</value></Data><Data name="amenity"><value>school</value></Data><Data name="name"><value>Foreign Language and Vocational Training Centre</value></Data><Data name="name:en"><value>Foreign Language and Vocational Training Centre</value></Data></ExtendedData><Point><coordinates>102.5960412,17.9690287</coordinates></Point></Placemark><Placemark><name>Somvang College</name><ExtendedData><Data name="@id"><value>node/534181706</value></Data><Data name="amenity"><value>school</value></Data><Data name="education"><value>school</value></Data><Data name="name"><value>Somvang College</value></Data><Data name="name:en"><value>Somvang College</value></Data></ExtendedData><Point><coordinates>102.6148036,17.9712144</coordinates></Point></Placemark><Placemark><name>Sisa Vath Kindergarten and Primary School</name><ExtendedData><Data name="@id"><value>node/534181716</value></Data><Data name="amenity"><value>school</value></Data><Data name="education"><value>school</value></Data><Data name="name"><value>Sisa Vath Kindergarten and Primary School</value></Data><Data name="name:en"><value>Sisa Vath Kindergarten and Primary School</value></Data></ExtendedData><Point><coordinates>102.6157176,17.9725698</coordinates></Point></Placemark><Placemark><name>ພາກວິຊາ ກົດຫມາຍ</name><ExtendedData><Data name="@id"><value>node/540111381</value></Data><Data name="amenity"><value>school</value></Data><Data name="name"><value>ພາກວິຊາ ກົດຫມາຍ</value></Data><Data name="name:en"><value>Faculty of Law</value></Data></ExtendedData><Point><coordinates>102.6355655,17.935473</coordinates></Point></Placemark><Placemark><name>ວິທະຍາໄລ ຣັດຕະນະ</name><ExtendedData><Data name="@id"><value>node/540556913</value></Data><Data name="addr:housenumber"><value>70</value></Data><Data name="addr:street"><value>Dongpaina Road</value></Data><Data name="amenity"><value>school</value></Data><Data name="email"><value>info@rbac.info</value></Data><Data name="name"><value>ວິທະຍາໄລ ຣັດຕະນະ</value></Data><Data name="name:en"><value>RBAC-Rattana Institute</value></Data><Data name="opening_hours"><value>Mo-Fr 08:00-20:30; Sa-Su 08:30-17:00</value></Data><Data name="phone"><value>+85621413871</value></Data><Data name="website"><value>http://www.rbac.edu.la.com</value></Data></ExtendedData><Point><coordinates>102.6334615,17.9573986</coordinates></Point></Placemark><Placemark><name>Dongmakkhai Primary School</name><ExtendedData><Data name="@id"><value>node/541317227</value></Data><Data name="amenity"><value>school</value></Data><Data name="name"><value>Dongmakkhai Primary School</value></Data></ExtendedData><Point><coordinates>102.6927051,18.0943451</coordinates></Point></Placemark><Placemark><name>ໂຮງຮຽນ ນານຊາດ ປັນຍາທິບ</name><ExtendedData><Data name="@id"><value>node/549576510</value></Data><Data name="amenity"><value>school</value></Data><Data name="name"><value>ໂຮງຮຽນ ນານຊາດ ປັນຍາທິບ</value></Data><Data name="name:en"><value>Panyathip International School</value></Data><Data name="name:lo"><value>ໂຮງຮຽນ ນານຊາດ ປັນຍາທິບ</value></Data><Data name="phone"><value>+856 21 412825</value></Data></ExtendedData><Point><coordinates>102.6316953,17.9542786</coordinates></Point></Placemark><Placemark><name>Primary School Saphangmor</name><ExtendedData><Data name="@id"><value>node/573250457</value></Data><Data name="amenity"><value>school</value></Data><Data name="name"><value>Primary School Saphangmor</value></Data><Data name="name:en"><value>Primary School Saphangmor</value></Data><Data name="name:lo"><value>ໂຮງຮຽນ ປະຖົມ ສົມບູນ ບ້ານ ສະພັງໝ້ໍ</value></Data></ExtendedData><Point><coordinates>102.6337971,17.9628737</coordinates></Point></Placemark><Placemark><name>Dindee School</name><ExtendedData><Data name="@id"><value>node/573250458</value></Data><Data name="amenity"><value>school</value></Data><Data name="name"><value>Dindee School</value></Data><Data name="name:en"><value>Dindee School</value></Data></ExtendedData><Point><coordinates>102.6363426,17.9589727</coordinates></Point></Placemark><Placemark><name>Lao Youth Child School</name><ExtendedData><Data name="@id"><value>node/573250460</value></Data><Data name="amenity"><value>school</value></Data><Data name="name"><value>Lao Youth Child School</value></Data><Data name="name:en"><value>Lao Youth Child School</value></Data></ExtendedData><Point><coordinates>102.638929,17.9616135</coordinates></Point></Placemark><Placemark><name>Sathit Secondary School</name><ExtendedData><Data name="@id"><value>node/614136057</value></Data><Data name="amenity"><value>school</value></Data><Data name="name"><value>Sathit Secondary School</value></Data><Data name="name:en"><value>Sathit Secondary School</value></Data></ExtendedData><Point><coordinates>102.6401822,18.035277</coordinates></Point></Placemark><Placemark><name>Sathit Primary School</name><ExtendedData><Data name="@id"><value>node/614136058</value></Data><Data name="amenity"><value>school</value></Data><Data name="name"><value>Sathit Primary School</value></Data><Data name="name:en"><value>Sathit Primary School</value></Data></ExtendedData><Point><coordinates>102.6400655,18.0341769</coordinates></Point></Placemark><Placemark><name>Polytechnic College</name><ExtendedData><Data name="@id"><value>node/617667575</value></Data><Data name="amenity"><value>school</value></Data><Data name="name"><value>Polytechnic College</value></Data><Data name="name:en"><value>Polytechnic College</value></Data></ExtendedData><Point><coordinates>102.6293205,17.9437897</coordinates></Point></Placemark><Placemark><name>Chomkham School</name><ExtendedData><Data name="@id"><value>node/619991267</value></Data><Data name="amenity"><value>school</value></Data><Data name="name"><value>Chomkham School</value></Data><Data name="name:en"><value>Chomkham School</value></Data></ExtendedData><Point><coordinates>102.6081039,18.0025407</coordinates></Point></Placemark><Placemark><name>Sekkasad Kindergarten and Primary School</name><ExtendedData><Data name="@id"><value>node/622360049</value></Data><Data name="amenity"><value>school</value></Data><Data name="name"><value>Sekkasad Kindergarten and Primary School</value></Data></ExtendedData><Point><coordinates>102.6250749,17.9945771</coordinates></Point></Placemark><Placemark><name>Sinxay Primary and Junior Secondary School</name><ExtendedData><Data name="@id"><value>node/635872514</value></Data><Data name="amenity"><value>school</value></Data><Data name="name"><value>Sinxay Primary and Junior Secondary School</value></Data></ExtendedData><Point><coordinates>102.6229513,17.9745235</coordinates></Point></Placemark><Placemark><name>Sayphone Somboune Primary School</name><ExtendedData><Data name="@id"><value>node/647813934</value></Data><Data name="amenity"><value>school</value></Data><Data name="name"><value>Sayphone Somboune Primary School</value></Data><Data name="phone"><value>+856 21 313707</value></Data></ExtendedData><Point><coordinates>102.6224971,17.9090603</coordinates></Point></Placemark><Placemark><name>ໂຮງຮຽນ ປະຖົມສົມບູນ ວິຣະຖາວອນ</name><ExtendedData><Data name="@id"><value>node/647813988</value></Data><Data name="amenity"><value>school</value></Data><Data name="check_date"><value>2025-11-04</value></Data><Data name="education"><value>school</value></Data><Data name="name"><value>ໂຮງຮຽນ ປະຖົມສົມບູນ ວິຣະຖາວອນ</value></Data><Data name="name:en"><value>Virathavone Primary School</value></Data><Data name="name:lo"><value>ໂຮງຮຽນ ປະຖົມສົມບູນ ວິຣະຖາວອນ</value></Data><Data name="phone"><value>+856 21 353334</value></Data><Data name="training"><value>language</value></Data></ExtendedData><Point><coordinates>102.6204213,17.9148778</coordinates></Point></Placemark><Placemark><name>Ladsavong Kindergarten &amp; Primary School</name><ExtendedData><Data name="@id"><value>node/650513138</value></Data><Data name="amenity"><value>school</value></Data><Data name="name"><value>Ladsavong Kindergarten &amp; Primary School</value></Data><Data name="name:en"><value>Ladsavong Kindergarten &amp; Primary School</value></Data></ExtendedData><Point><coordinates>102.6365598,17.9902916</coordinates></Point></Placemark><Placemark><ExtendedData><Data name="@id"><value>node/702578592</value></Data><Data name="amenity"><value>school</value></Data><Data name="name:en"><value>Primary School Ban Nanoy</value></Data></ExtendedData><Point><coordinates>101.4337999,20.9546514</coordinates></Point></Placemark><Placemark><name>School Bouamphieng</name><ExtendedData><Data name="@id"><value>node/702578594</value></Data><Data name="amenity"><value>school</value></Data><Data name="name"><value>School Bouamphieng</value></Data><Data name="name:en"><value>School Bouamphieng</value></Data></ExtendedData><Point><coordinates>101.4534573,20.9627094</coordinates></Point></Placemark><Placemark><name>Ban Xaysomboune Primary School</name><ExtendedData><Data name="@id"><value>node/702619184</value></Data><Data name="amenity"><value>school</value></Data><Data name="name"><value>Ban Xaysomboune Primary School</value></Data><Data name="name:en"><value>Ban Xaysomboune Primary School</value></Data></ExtendedData><Point><coordinates>101.407128,21.0086328</coordinates></Point></Placemark><Placemark><name>ໂຮງຮຽນປະຖົມສົມບູນເເສງສະຫວ່າງ</name><ExtendedData><Data name="@id"><value>node/793892258</value></Data><Data name="amenity"><value>school</value></Data><Data name="name"><value>ໂຮງຮຽນປະຖົມສົມບູນເເສງສະຫວ່າງ</value></Data></ExtendedData><Point><coordinates>102.5152446,18.5206524</coordinates></Point></Placemark><Placemark><name>ມັດທະຍົມຕອນຕົ້ນເເສງສະຫວ່າງ</name><ExtendedData><Data name="@id"><value>node/793892259</value></Data><Data name="amenity"><value>school</value></Data><Data name="name"><value>ມັດທະຍົມຕອນຕົ້ນເເສງສະຫວ່າງ</value></Data></ExtendedData><Point><coordinates>102.5152509,18.5186314</coordinates></Point></Placemark><Placemark><name>ໂຮງຮຽນອະນຸບານ</name><ExtendedData><Data name="@id"><value>node/793892260</value></Data><Data name="amenity"><value>school</value></Data><Data name="name"><value>ໂຮງຮຽນອະນຸບານ</value></Data></ExtendedData><Point><coordinates>102.5146777,18.5199219</coordinates></Point></Placemark><Placemark><name>ວິທະຍາໄລ ລາວ-ທ້ັອບ</name><ExtendedData><Data name="@id"><value>node/825442493</value></Data><Data name="amenity"><value>school</value></Data><Data name="name"><value>ວິທະຍາໄລ ລາວ-ທ້ັອບ</value></Data><Data name="name:en"><value>Lao-Top College</value></Data><Data name="name:lo"><value>ວິທະຍາໄລ ລາວ-ທ້ັອບ</value></Data></ExtendedData><Point><coordinates>102.6392639,17.9451467</coordinates></Point></Placemark><Placemark><name>Eastern Star Bilingual School</name><ExtendedData><Data name="@id"><value>node/1109937555</value></Data><Data name="amenity"><value>school</value></Data><Data name="name"><value>Eastern Star Bilingual School</value></Data></ExtendedData><Point><coordinates>102.626992,17.9724163</coordinates></Point></Placemark><Placemark><name>Phou Soung Primary School</name><ExtendedData><Data name="@id"><value>node/1196617373</value></Data><Data name="amenity"><value>school</value></Data><Data name="name"><value>Phou Soung Primary School</value></Data></ExtendedData><Point><coordinates>102.4874483,19.4708235</coordinates></Point></Placemark><Placemark><ExtendedData><Data name="@id"><value>node/1201473928</value></Data><Data name="amenity"><value>school</value></Data></ExtendedData><Point><coordinates>102.6091788,18.7501527</coordinates></Point></Placemark><Placemark><ExtendedData><Data name="@id"><value>node/1217200626</value></Data><Data name="amenity"><value>school</value></Data></ExtendedData><Point><coordinates>102.4784828,18.9702798</coordinates></Point></Placemark><Placemark><name>Xaypanya primary &amp; Secondary School</name><ExtendedData><Data name="@id"><value>node/1395844621</value></Data><Data name="amenity"><value>school</value></Data><Data name="name"><value>Xaypanya primary &amp; Secondary School</value></Data></ExtendedData><Point><coordinates>102.6360407,17.9007925</coordinates></Point></Placemark><Placemark><name>Primary School Khoaydeng</name><ExtendedData><Data name="@id"><value>node/1429684424</value></Data><Data name="amenity"><value>school</value></Data><Data name="name"><value>Primary School Khoaydeng</value></Data></ExtendedData><Point><coordinates>102.8256191,17.9532925</coordinates></Point></Placemark><Placemark><name>Ban Houayyen Primary School</name><ExtendedData><Data name="@id"><value>node/1456946580</value></Data><Data name="amenity"><value>school</value></Data><Data name="name"><value>Ban Houayyen Primary School</value></Data></ExtendedData><Point><coordinates>102.2054618,19.8016013</coordinates></Point></Placemark><Placemark><ExtendedData><Data name="@id"><value>node/1637367126</value></Data><Data name="amenity"><value>school</value></Data><Data name="name:en"><value>Ecole Primaire Sithane</value></Data><Data name="source"><value>GPS survey</value></Data></ExtendedData><Point><coordinates>102.1313378,19.8831632</coordinates></Point></Placemark><Placemark><name>Khang Khay Teacher Training College</name><ExtendedData><Data name="@id"><value>node/1927437538</value></Data><Data name="amenity"><value>school</value></Data><Data name="name"><value>Khang Khay Teacher Training College</value></Data></ExtendedData><Point><coordinates>103.251518,19.4843238</coordinates></Point></Placemark><Placemark><ExtendedData><Data name="@id"><value>node/2045446986</value></Data><Data name="amenity"><value>school</value></Data></ExtendedData><Point><coordinates>102.7022592,17.9513425</coordinates></Point></Placemark><Placemark><name>Mueang Met High Scholl</name><ExtendedData><Data name="@id"><value>node/2066052928</value></Data><Data name="amenity"><value>school</value></Data><Data name="name"><value>Mueang Met High Scholl</value></Data></ExtendedData><Point><coordinates>101.928788,18.8396862</coordinates></Point></Placemark><Placemark><name>Mueang Met Primary School</name><ExtendedData><Data name="@id"><value>node/2066060560</value></Data><Data name="amenity"><value>school</value></Data><Data name="name"><value>Mueang Met Primary School</value></Data></ExtendedData><Point><coordinates>101.9276335,18.8356474</coordinates></Point></Placemark><Placemark><name>ໂຮງຮຽນປະຖົມບ້ານຖິ່ນຍຸງ</name><ExtendedData><Data name="@id"><value>node/2080729439</value></Data><Data name="amenity"><value>school</value></Data><Data name="name"><value>ໂຮງຮຽນປະຖົມບ້ານຖິ່ນຍຸງ</value></Data><Data name="source"><value>bing</value></Data></ExtendedData><Point><coordinates>102.53046,18.3682645</coordinates></Point></Placemark><Placemark><name>ໂຮງຮຽນມັດຖະຍົມຕອນຕົ້ນບ້ານຖິ່ນຍຸງ</name><ExtendedData><Data name="@id"><value>node/2080730509</value></Data><Data name="amenity"><value>school</value></Data><Data name="name"><value>ໂຮງຮຽນມັດຖະຍົມຕອນຕົ້ນບ້ານຖິ່ນຍຸງ</value></Data><Data name="source"><value>bing</value></Data></ExtendedData><Point><coordinates>102.5312389,18.3682823</coordinates></Point></Placemark><Placemark><name>ໂຮງຮຽນປະຖົມບ້ານວຽງຄຳ</name><ExtendedData><Data name="@id"><value>node/2080731956</value></Data><Data name="amenity"><value>school</value></Data><Data name="name"><value>ໂຮງຮຽນປະຖົມບ້ານວຽງຄຳ</value></Data><Data name="source"><value>bing</value></Data></ExtendedData><Point><coordinates>102.5440651,18.3641991</coordinates></Point></Placemark><Placemark><name>ໂຣງຣຽນປະຖົມເມືອງເກົາ</name><ExtendedData><Data name="@id"><value>node/2080883032</value></Data><Data name="amenity"><value>school</value></Data><Data name="name"><value>ໂຣງຣຽນປະຖົມເມືອງເກົາ</value></Data><Data name="source"><value>bing</value></Data></ExtendedData><Point><coordinates>102.5325968,18.4333017</coordinates></Point></Placemark><Placemark><name>ໂຮງຮຽນປະຖົມສົມບູນທ່າໂພໄຊ</name><ExtendedData><Data name="@id"><value>node/2080900158</value></Data><Data name="amenity"><value>school</value></Data><Data name="name"><value>ໂຮງຮຽນປະຖົມສົມບູນທ່າໂພໄຊ</value></Data><Data name="source"><value>bing</value></Data></ExtendedData><Point><coordinates>102.534924,18.4176326</coordinates></Point></Placemark><Placemark><name>ໂຮງຮຽນມັດຖະຍົມສຶກສາຕອນປາຍປາກແຈ້ງ</name><ExtendedData><Data name="@id"><value>node/2081776347</value></Data><Data name="amenity"><value>school</value></Data><Data name="name"><value>ໂຮງຮຽນມັດຖະຍົມສຶກສາຕອນປາຍປາກແຈ້ງ</value></Data><Data name="source"><value>bing</value></Data></ExtendedData><Point><coordinates>102.5354994,18.4113709</coordinates></Point></Placemark><Placemark><name>ໂຮງຮຽນປະຖົມສົມບູນບ້ານດອນກວດ</name><ExtendedData><Data name="@id"><value>node/2081900635</value></Data><Data name="amenity"><value>school</value></Data><Data name="name"><value>ໂຮງຮຽນປະຖົມສົມບູນບ້ານດອນກວດ</value></Data><Data name="source"><value>bing</value></Data></ExtendedData><Point><coordinates>102.5429753,18.3963567</coordinates></Point></Placemark><Placemark><name>ໂຮງຮຽນມັດທະຍົມສຶກສາສົມບູນໂພນໝີ</name><ExtendedData><Data name="@id"><value>node/2082869276</value></Data><Data name="amenity"><value>school</value></Data><Data name="name"><value>ໂຮງຮຽນມັດທະຍົມສຶກສາສົມບູນໂພນໝີ</value></Data><Data name="name:en"><value>Phonmy High School</value></Data><Data name="name:th"><value>โรงเรียนมัธยมศึกษาสมบูรณ์โพนหมี</value></Data><Data name="source"><value>bing</value></Data></ExtendedData><Point><coordinates>102.4903989,18.4870415</coordinates></Point></Placemark><Placemark><name>ໂຮງຮຽນປະຖົມສົມບູນບ້ານ ອີໄລເໜືອ</name><ExtendedData><Data name="@id"><value>node/2091754930</value></Data><Data name="amenity"><value>school</value></Data><Data name="name"><value>ໂຮງຮຽນປະຖົມສົມບູນບ້ານ ອີໄລເໜືອ</value></Data><Data name="source"><value>bing</value></Data></ExtendedData><Point><coordinates>102.5022976,18.1461701</coordinates></Point></Placemark><Placemark><name>ໂຮງຮຽນມັດຖະຍົມສົມບູນຕອນຕັ້ນບ້ານ ອີໄລເໜືອ</name><ExtendedData><Data name="@id"><value>node/2091755155</value></Data><Data name="amenity"><value>school</value></Data><Data name="name"><value>ໂຮງຮຽນມັດຖະຍົມສົມບູນຕອນຕັ້ນບ້ານ ອີໄລເໜືອ</value></Data><Data name="source"><value>bing</value></Data></ExtendedData><Point><coordinates>102.5019882,18.1479121</coordinates></Point></Placemark><Placemark><name>ໂຮງຮຽນມັດຖະຍົມສົມບູນຕອນປາຍບ້ານ ອີໄລ</name><ExtendedData><Data name="@id"><value>node/2091755214</value></Data><Data name="amenity"><value>school</value></Data><Data name="name"><value>ໂຮງຮຽນມັດຖະຍົມສົມບູນຕອນປາຍບ້ານ ອີໄລ</value></Data><Data name="source"><value>bing</value></Data></ExtendedData><Point><coordinates>102.5021706,18.1532489</coordinates></Point></Placemark><Placemark><ExtendedData><Data name="@id"><value>node/2120815474</value></Data><Data name="amenity"><value>school</value></Data><Data name="source"><value>Bing</value></Data></ExtendedData><Point><coordinates>102.4463279,17.9837023</coordinates></Point></Placemark><Placemark><name>ໂຮງຮຽນປະຖົມສົມບູນບ້ານໃໝ່</name><ExtendedData><Data name="@id"><value>node/2122117100</value></Data><Data name="amenity"><value>school</value></Data><Data name="name"><value>ໂຮງຮຽນປະຖົມສົມບູນບ້ານໃໝ່</value></Data><Data name="source"><value>Bing</value></Data></ExtendedData><Point><coordinates>102.4650916,17.9798134</coordinates></Point></Placemark><Placemark><name>Ban Thin Som Primary School</name><ExtendedData><Data name="@id"><value>node/2130198953</value></Data><Data name="amenity"><value>school</value></Data><Data name="name"><value>Ban Thin Som Primary School</value></Data></ExtendedData><Point><coordinates>102.0009933,19.8059975</coordinates></Point></Placemark><Placemark><name>Meung Khay Secondary School</name><ExtendedData><Data name="@id"><value>node/2130198955</value></Data><Data name="amenity"><value>school</value></Data><Data name="name"><value>Meung Khay Secondary School</value></Data></ExtendedData><Point><coordinates>101.9920123,19.7954902</coordinates></Point></Placemark><Placemark><name>Primary School Ban Lack Paid</name><ExtendedData><Data name="@id"><value>node/2130198957</value></Data><Data name="amenity"><value>school</value></Data><Data name="name"><value>Primary School Ban Lack Paid</value></Data><Data name="name:en"><value>Primary School Ban Lack Paid</value></Data></ExtendedData><Point><coordinates>102.0780828,19.8459537</coordinates></Point></Placemark><Placemark><name>ມັດທະຍົມຕອນຕົ້ນບ້ານຄອຍ</name><ExtendedData><Data name="@id"><value>node/2130313279</value></Data><Data name="amenity"><value>school</value></Data><Data name="name"><value>ມັດທະຍົມຕອນຕົ້ນບ້ານຄອຍ</value></Data><Data name="name:en"><value>Bankhoy Secondary School</value></Data><Data name="name:lo"><value>ມັດທະຍົມຕອນຕົ້ນບ້ານຄອຍ</value></Data></ExtendedData><Point><coordinates>102.1181792,19.8750248</coordinates></Point></Placemark><Placemark><name>ໂຮງຮຽນປະຖົມໂພນທັນ</name><ExtendedData><Data name="@id"><value>node/2195286645</value></Data><Data name="amenity"><value>school</value></Data><Data name="name"><value>ໂຮງຮຽນປະຖົມໂພນທັນ</value></Data></ExtendedData><Point><coordinates>102.6401589,17.9577712</coordinates></Point></Placemark><Placemark><ExtendedData><Data name="@id"><value>node/2244386980</value></Data><Data name="amenity"><value>school</value></Data></ExtendedData><Point><coordinates>102.1318661,20.0909588</coordinates></Point></Placemark><Placemark><ExtendedData><Data name="@id"><value>node/2275943352</value></Data><Data name="amenity"><value>school</value></Data><Data name="name:en"><value>Primary School Ban Pasak</value></Data><Data name="source"><value>GPS</value></Data><Data name="source:name"><value>photograph</value></Data></ExtendedData><Point><coordinates>101.4119444,20.9483799</coordinates></Point></Placemark><Placemark><name>Samaky Secondary School</name><ExtendedData><Data name="@id"><value>node/2275943353</value></Data><Data name="amenity"><value>school</value></Data><Data name="name"><value>Samaky Secondary School</value></Data><Data name="source"><value>GPS</value></Data><Data name="source:name"><value>photograph</value></Data></ExtendedData><Point><coordinates>101.3994428,20.9517434</coordinates></Point></Placemark><Placemark><ExtendedData><Data name="@id"><value>node/2275943374</value></Data><Data name="amenity"><value>school</value></Data></ExtendedData><Point><coordinates>101.4118261,21.0033959</coordinates></Point></Placemark><Placemark><name>ໂຮງຮຽນພະຍາບານສາດແຂວງວຽງຈັນ</name><ExtendedData><Data name="@id"><value>node/2394716845</value></Data><Data name="amenity"><value>school</value></Data><Data name="name"><value>ໂຮງຮຽນພະຍາບານສາດແຂວງວຽງຈັນ</value></Data><Data name="name:en"><value>Vientiane Province School of Nursing</value></Data><Data name="name:th"><value>โรงเรียนพยาบาลแขวงเวียงจันทน์</value></Data></ExtendedData><Point><coordinates>102.4867955,18.4721578</coordinates></Point></Placemark><Placemark><name>ຮ/ຮ ອານຸບານ</name><ExtendedData><Data name="@id"><value>node/2394726149</value></Data><Data name="amenity"><value>school</value></Data><Data name="name"><value>ຮ/ຮ ອານຸບານ</value></Data></ExtendedData><Point><coordinates>102.4859425,18.4716744</coordinates></Point></Placemark><Placemark><name>College Khone</name><ExtendedData><Data name="@id"><value>node/2539425554</value></Data><Data name="amenity"><value>school</value></Data><Data name="name"><value>College Khone</value></Data></ExtendedData><Point><coordinates>105.9232049,13.9638327</coordinates></Point></Placemark><Placemark><ExtendedData><Data name="@id"><value>node/2608735670</value></Data><Data name="amenity"><value>school</value></Data></ExtendedData><Point><coordinates>102.6204194,17.9139795</coordinates></Point></Placemark><Placemark><name>Political Administration School</name><ExtendedData><Data name="@id"><value>node/2649370822</value></Data><Data name="amenity"><value>school</value></Data><Data name="local_ref"><value>Sekong Province</value></Data><Data name="name"><value>Political Administration School</value></Data></ExtendedData><Point><coordinates>106.7099659,15.3415406</coordinates></Point></Placemark><Placemark><name>Viengphoukha Complete Secondary School</name><ExtendedData><Data name="@id"><value>node/2760122179</value></Data><Data name="amenity"><value>school</value></Data><Data name="name"><value>Viengphoukha Complete Secondary School</value></Data></ExtendedData><Point><coordinates>101.0658699,20.6773207</coordinates></Point></Placemark><Placemark><name>Pha Thom Nam Lo</name><ExtendedData><Data name="@id"><value>node/2760502755</value></Data><Data name="amenity"><value>school</value></Data><Data name="name"><value>Pha Thom Nam Lo</value></Data></ExtendedData><Point><coordinates>101.0879956,20.7759408</coordinates></Point></Placemark><Placemark><ExtendedData><Data name="@id"><value>node/2760503285</value></Data><Data name="amenity"><value>school</value></Data></ExtendedData><Point><coordinates>101.0374212,20.7920278</coordinates></Point></Placemark><Placemark><ExtendedData><Data name="@id"><value>node/2790338392</value></Data><Data name="amenity"><value>school</value></Data></ExtendedData><Point><coordinates>105.853608,14.110205</coordinates></Point></Placemark><Placemark><name>Ecole Primaire de Chomcheng</name><ExtendedData><Data name="@id"><value>node/2791090695</value></Data><Data name="amenity"><value>school</value></Data><Data name="name"><value>Ecole Primaire de Chomcheng</value></Data></ExtendedData><Point><coordinates>104.8090373,17.3894145</coordinates></Point></Placemark><Placemark><name>Somsaat Primary School</name><ExtendedData><Data name="@id"><value>node/2792775293</value></Data><Data name="amenity"><value>school</value></Data><Data name="name"><value>Somsaat Primary School</value></Data></ExtendedData><Point><coordinates>104.8099601,17.3995818</coordinates></Point></Placemark><Placemark><name>ໂຮງຮຽນປະຖົມສຶກສາປັນຍາປະເສີດ</name><ExtendedData><Data name="@id"><value>node/3355300220</value></Data><Data name="addr:city"><value>Savannakhet</value></Data><Data name="addr:postcode"><value>13000</value></Data><Data name="amenity"><value>school</value></Data><Data name="name"><value>ໂຮງຮຽນປະຖົມສຶກສາປັນຍາປະເສີດ</value></Data><Data name="name:en"><value>Panya Pasert Primary School</value></Data><Data name="name:lo"><value>ໂຮງຮຽນປະຖົມສຶກສາປັນຍາປະເສີດ</value></Data></ExtendedData><Point><coordinates>104.7525767,16.5540553</coordinates></Point></Placemark><Placemark><ExtendedData><Data name="@id"><value>node/3357316906</value></Data><Data name="amenity"><value>school</value></Data></ExtendedData><Point><coordinates>102.6375308,20.5847784</coordinates></Point></Placemark><Placemark><ExtendedData><Data name="@id"><value>node/3509584155</value></Data><Data name="amenity"><value>school</value></Data></ExtendedData><Point><coordinates>102.4300228,19.4397062</coordinates></Point></Placemark><Placemark><name>ມະຍຸລີ</name><ExtendedData><Data name="@id"><value>node/3587464191</value></Data><Data name="amenity"><value>school</value></Data><Data name="name"><value>ມະຍຸລີ</value></Data><Data name="name:en"><value>Mayuly</value></Data><Data name="name:lo"><value>ມະຍຸລີ</value></Data><Data name="phone"><value>+856 21 314856</value></Data></ExtendedData><Point><coordinates>102.6491806,17.9007496</coordinates></Point></Placemark><Placemark><name>Chomphet Kindergarten and Primary School</name><ExtendedData><Data name="@id"><value>node/3599757763</value></Data><Data name="amenity"><value>school</value></Data><Data name="name"><value>Chomphet Kindergarten and Primary School</value></Data></ExtendedData><Point><coordinates>102.6246524,17.9114552</coordinates></Point></Placemark><Placemark><name>Ketsavann</name><ExtendedData><Data name="@id"><value>node/3612503647</value></Data><Data name="amenity"><value>school</value></Data><Data name="name"><value>Ketsavann</value></Data><Data name="name:lo"><value>ເກດສະຫວັນ</value></Data></ExtendedData><Point><coordinates>102.62767,17.9467046</coordinates></Point></Placemark><Placemark><name>iLearn English Center</name><ExtendedData><Data name="@id"><value>node/3612503650</value></Data><Data name="amenity"><value>school</value></Data><Data name="contact:email"><value>ilearn.vte@gmail.com</value></Data><Data name="name"><value>iLearn English Center</value></Data><Data name="phone"><value>+856 20 58998447</value></Data></ExtendedData><Point><coordinates>102.626241,17.9442492</coordinates></Point></Placemark><Placemark><name>Kiettisack International School</name><ExtendedData><Data name="@id"><value>node/3612516342</value></Data><Data name="amenity"><value>school</value></Data><Data name="name"><value>Kiettisack International School</value></Data><Data name="phone"><value>+856 21 314979</value></Data></ExtendedData><Point><coordinates>102.6260917,17.9511348</coordinates></Point></Placemark><Placemark><name>ໂຮງໂຽນ ນານຊາດ ຊາຣອນ</name><ExtendedData><Data name="@id"><value>node/3678438743</value></Data><Data name="amenity"><value>school</value></Data><Data name="name"><value>ໂຮງໂຽນ ນານຊາດ ຊາຣອນ</value></Data><Data name="name:en"><value>Sharon International School</value></Data><Data name="name:lo"><value>ໂຮງໂຽນ ນານຊາດ ຊາຣອນ</value></Data><Data name="phone"><value>+856 30 5150937;+856 21 353275</value></Data></ExtendedData><Point><coordinates>102.6316803,17.9537514</coordinates></Point></Placemark><Placemark><name>ໂຮງຮຽນ ລ້ຽງເດັກ-ອະນຸບານ ວິຣະຖາວອນ</name><ExtendedData><Data name="@id"><value>node/3686379747</value></Data><Data name="amenity"><value>school</value></Data><Data name="name"><value>ໂຮງຮຽນ ລ້ຽງເດັກ-ອະນຸບານ ວິຣະຖາວອນ</value></Data><Data name="name:en"><value>Virathavone Nursery Kindergarten School</value></Data><Data name="name:lo"><value>ໂຮງຮຽນ ລ້ຽງເດັກ-ອະນຸບານ ວິຣະຖາວອນ</value></Data><Data name="phone"><value>+856 21 353334</value></Data></ExtendedData><Point><coordinates>102.6210347,17.9150368</coordinates></Point></Placemark><Placemark><name>Nathong Elementary</name><ExtendedData><Data name="@id"><value>node/3698547521</value></Data><Data name="amenity"><value>school</value></Data><Data name="name"><value>Nathong Elementary</value></Data></ExtendedData><Point><coordinates>102.4007566,18.9155662</coordinates></Point></Placemark><Placemark><name>Lao Vision School</name><ExtendedData><Data name="@id"><value>node/3739076291</value></Data><Data name="amenity"><value>school</value></Data><Data name="name"><value>Lao Vision School</value></Data><Data name="phone"><value>+856 20 55194453</value></Data></ExtendedData><Point><coordinates>102.6233849,17.9361541</coordinates></Point></Placemark><Placemark><ExtendedData><Data name="@id"><value>node/3751813749</value></Data><Data name="amenity"><value>school</value></Data><Data name="name:en"><value>Xaymoungkhoune Vithaya</value></Data></ExtendedData><Point><coordinates>102.6230235,17.9132905</coordinates></Point></Placemark><Placemark><name>ໂຮງຮຽນ ກຸນນະວົງ</name><ExtendedData><Data name="@id"><value>node/3752318116</value></Data><Data name="amenity"><value>school</value></Data><Data name="name"><value>ໂຮງຮຽນ ກຸນນະວົງ</value></Data><Data name="name:en"><value>Kounnavong School</value></Data><Data name="name:lo"><value>ໂຮງຮຽນ ກຸນນະວົງ</value></Data></ExtendedData><Point><coordinates>102.6382543,17.9482524</coordinates></Point></Placemark><Placemark><ExtendedData><Data name="@id"><value>node/3783023580</value></Data><Data name="amenity"><value>school</value></Data></ExtendedData><Point><coordinates>102.6262875,17.9351403</coordinates></Point></Placemark><Placemark><ExtendedData><Data name="@id"><value>node/3788584425</value></Data><Data name="amenity"><value>school</value></Data></ExtendedData><Point><coordinates>102.6207684,17.9797032</coordinates></Point></Placemark><Placemark><name>Ban Huaylarn Primary School</name><ExtendedData><Data name="@id"><value>node/3789999316</value></Data><Data name="addr:city"><value>Ban Huaylarn</value></Data><Data name="amenity"><value>school</value></Data><Data name="name"><value>Ban Huaylarn Primary School</value></Data></ExtendedData><Point><coordinates>102.6693537,20.5928469</coordinates></Point></Placemark><Placemark><ExtendedData><Data name="@id"><value>node/3789999318</value></Data><Data name="amenity"><value>school</value></Data><Data name="name:en"><value>Bansamsaath School</value></Data></ExtendedData><Point><coordinates>102.6477679,20.6053483</coordinates></Point></Placemark><Placemark><ExtendedData><Data name="@id"><value>node/3789999320</value></Data><Data name="addr:city"><value>Hardsao</value></Data><Data name="amenity"><value>school</value></Data><Data name="name:en"><value>Hardsao Primary School</value></Data></ExtendedData><Point><coordinates>102.6374708,20.5847115</coordinates></Point></Placemark><Placemark><ExtendedData><Data name="@id"><value>node/3790056520</value></Data><Data name="amenity"><value>school</value></Data><Data name="name:en"><value>Phompilavanh</value></Data><Data name="name:lo"><value>ພົມພິລາວັນ</value></Data><Data name="phone"><value>+865 21 316050;+856 20 55217979</value></Data></ExtendedData><Point><coordinates>102.6350181,17.953948</coordinates></Point></Placemark><Placemark><name>ແສງສະໄໝ</name><ExtendedData><Data name="@id"><value>node/3799073594</value></Data><Data name="amenity"><value>school</value></Data><Data name="name"><value>ແສງສະໄໝ</value></Data><Data name="name:en"><value>Sengsamai</value></Data><Data name="name:lo"><value>ແສງສະໄໝ</value></Data></ExtendedData><Point><coordinates>102.6197271,17.911274</coordinates></Point></Placemark><Placemark><ExtendedData><Data name="@id"><value>node/3806348200</value></Data><Data name="amenity"><value>school</value></Data></ExtendedData><Point><coordinates>105.9271114,13.967632</coordinates></Point></Placemark><Placemark><ExtendedData><Data name="@id"><value>node/3811210971</value></Data><Data name="amenity"><value>school</value></Data></ExtendedData><Point><coordinates>106.0378215,14.7719386</coordinates></Point></Placemark><Placemark><name>Ban Phonthieng School</name><ExtendedData><Data name="@id"><value>node/3813482104</value></Data><Data name="amenity"><value>school</value></Data><Data name="name"><value>Ban Phonthieng School</value></Data></ExtendedData><Point><coordinates>102.1161557,19.0659442</coordinates></Point></Placemark><Placemark><ExtendedData><Data name="@id"><value>node/3816470544</value></Data><Data name="amenity"><value>school</value></Data></ExtendedData><Point><coordinates>105.8841288,14.9081326</coordinates></Point></Placemark><Placemark><name>ປະຖົມສົມບູນ</name><ExtendedData><Data name="@id"><value>node/3830136709</value></Data><Data name="amenity"><value>school</value></Data><Data name="name"><value>ປະຖົມສົມບູນ</value></Data></ExtendedData><Point><coordinates>102.6196508,17.9355685</coordinates></Point></Placemark><Placemark><name>Youth Vocational Training Centre</name><ExtendedData><Data name="@id"><value>node/3862472894</value></Data><Data name="amenity"><value>school</value></Data><Data name="name"><value>Youth Vocational Training Centre</value></Data><Data name="phone"><value>+85621416767</value></Data></ExtendedData><Point><coordinates>102.6387201,17.9619475</coordinates></Point></Placemark><Placemark><ExtendedData><Data name="@id"><value>node/3862586057</value></Data><Data name="amenity"><value>school</value></Data><Data name="name:lo"><value>ສູນຟືກອົບຮົມ ໄອທີ ແລາ ພາສາ ມັດສເຕີສ</value></Data><Data name="phone"><value>+856 21 486082</value></Data></ExtendedData><Point><coordinates>102.6320987,17.9574322</coordinates></Point></Placemark><Placemark><ExtendedData><Data name="@id"><value>node/3864439906</value></Data><Data name="amenity"><value>school</value></Data><Data name="name:fr"><value>École Élémentaire de Tha Heua Tay</value></Data></ExtendedData><Point><coordinates>102.5092641,18.7846328</coordinates></Point></Placemark><Placemark><ExtendedData><Data name="@id"><value>node/3870326844</value></Data><Data name="amenity"><value>school</value></Data></ExtendedData><Point><coordinates>102.6420176,17.917448</coordinates></Point></Placemark><Placemark><name>ໂຮງຮຽນປະຖົມ ແລະ ມັດທະຍົມຕົ້ນ ສວນມອນ</name><ExtendedData><Data name="@id"><value>node/3874301672</value></Data><Data name="amenity"><value>school</value></Data><Data name="name"><value>ໂຮງຮຽນປະຖົມ ແລະ ມັດທະຍົມຕົ້ນ ສວນມອນ</value></Data><Data name="name:en"><value>Suanmone Elementary and Secondary School</value></Data><Data name="tower:construction"><value>lattice</value></Data><Data name="tower:type"><value>communication</value></Data></ExtendedData><Point><coordinates>102.6208468,17.9199082</coordinates></Point></Placemark><Placemark><ExtendedData><Data name="@id"><value>node/3896086563</value></Data><Data name="amenity"><value>school</value></Data></ExtendedData><Point><coordinates>102.1243566,19.8576597</coordinates></Point></Placemark><Placemark><ExtendedData><Data name="@id"><value>node/3952889142</value></Data><Data name="amenity"><value>school</value></Data><Data name="name:en"><value>Somdy English Center</value></Data><Data name="phone"><value>+856 20 58681232</value></Data></ExtendedData><Point><coordinates>102.63102,17.9547797</coordinates></Point></Placemark><Placemark><ExtendedData><Data name="@id"><value>node/3956126076</value></Data><Data name="amenity"><value>school</value></Data><Data name="education"><value>school</value></Data><Data name="name:en"><value>Nahaidiew Primary School</value></Data><Data name="name:lo"><value>ໂຮງຮຽນປະຖົມສຶກສາສົມບູນ ນາໄຮ່ດຽວ</value></Data></ExtendedData><Point><coordinates>102.6146661,17.9703428</coordinates></Point></Placemark><Placemark><name>ໂຮງຮຽນປະຖົມສົມບູນດົງຄຳຊ້າງ</name><ExtendedData><Data name="@id"><value>node/4113575891</value></Data><Data name="amenity"><value>school</value></Data><Data name="name"><value>ໂຮງຮຽນປະຖົມສົມບູນດົງຄຳຊ້າງ</value></Data><Data name="opening_hours"><value>Mo-Fr 07:00-05:00</value></Data></ExtendedData><Point><coordinates>102.6638595,17.9043237</coordinates></Point></Placemark><Placemark><name>Nongbone Secondary School</name><ExtendedData><Data name="@id"><value>node/4193262467</value></Data><Data name="amenity"><value>school</value></Data><Data name="name"><value>Nongbone Secondary School</value></Data></ExtendedData><Point><coordinates>102.628981,17.9812774</coordinates></Point></Placemark><Placemark><name>ໂຮງຮຽນອານຸບານ-ປະຖົມ ສີວັດທະນາ</name><ExtendedData><Data name="@id"><value>node/4198281392</value></Data><Data name="addr:housenumber"><value>68/68</value></Data><Data name="addr:street"><value>ສະພານທອງໃຕ້</value></Data><Data name="amenity"><value>school</value></Data><Data name="name"><value>ໂຮງຮຽນອານຸບານ-ປະຖົມ ສີວັດທະນາ</value></Data><Data name="opening_hours"><value>Mo-Fr 08:00-17:00</value></Data><Data name="phone"><value>+856 21 990099</value></Data></ExtendedData><Point><coordinates>102.6317809,17.9557746</coordinates></Point></Placemark><Placemark><name>ອານຸສອກ</name><ExtendedData><Data name="@id"><value>node/4204317313</value></Data><Data name="amenity"><value>school</value></Data><Data name="name"><value>ອານຸສອກ</value></Data><Data name="name:en"><value>Anousok</value></Data><Data name="name:lo"><value>ອານຸສອກ</value></Data></ExtendedData><Point><coordinates>102.6047691,17.9735696</coordinates></Point></Placemark><Placemark><name>Haak Keo School Thongkang</name><ExtendedData><Data name="@id"><value>node/4210389590</value></Data><Data name="amenity"><value>school</value></Data><Data name="name"><value>Haak Keo School Thongkang</value></Data></ExtendedData><Point><coordinates>102.625796,17.9336604</coordinates></Point></Placemark><Placemark><name>Nong Kiew Village Primary School</name><ExtendedData><Data name="@id"><value>node/4219527349</value></Data><Data name="amenity"><value>school</value></Data><Data name="name"><value>Nong Kiew Village Primary School</value></Data></ExtendedData><Point><coordinates>103.6912812,19.3716492</coordinates></Point></Placemark><Placemark><name>Thalian Village Primary School</name><ExtendedData><Data name="@id"><value>node/4220662239</value></Data><Data name="amenity"><value>school</value></Data><Data name="name"><value>Thalian Village Primary School</value></Data></ExtendedData><Point><coordinates>103.4542813,19.4268283</coordinates></Point></Placemark><Placemark><ExtendedData><Data name="@id"><value>node/4223010110</value></Data><Data name="amenity"><value>school</value></Data><Data name="name:en"><value>Sisattanak Lower Secondary School</value></Data><Data name="name:lo"><value>ໂຮງຮຽນ ມັດທະຍົມ ສຶກສາຕອນຕົ້ນ ສີສັດຕະນາກ</value></Data></ExtendedData><Point><coordinates>102.6272313,17.9338908</coordinates></Point></Placemark><Placemark><ExtendedData><Data name="@id"><value>node/4223010112</value></Data><Data name="amenity"><value>school</value></Data><Data name="name:en"><value>Xaypasert Kindergarten and Primary School</value></Data><Data name="name:lo"><value>ໂຮງຮຽນ ໄຊປະເສີດ</value></Data><Data name="phone"><value>+856 20 22420118</value></Data></ExtendedData><Point><coordinates>102.6283535,17.9043411</coordinates></Point></Placemark><Placemark><name>ໂຮງຮຽນ ປະຖົມ ຮາກແ້ວ</name><ExtendedData><Data name="@id"><value>node/4223010921</value></Data><Data name="amenity"><value>school</value></Data><Data name="name"><value>ໂຮງຮຽນ ປະຖົມ ຮາກແ້ວ</value></Data><Data name="name:en"><value>Haakkeo Elementary School</value></Data><Data name="name:lo"><value>ໂຮງຮຽນ ປະຖົມ ຮາກແ້ວ</value></Data><Data name="phone"><value>+856 21 315772;+856 21 480957-8</value></Data></ExtendedData><Point><coordinates>102.6258185,17.9336774</coordinates></Point></Placemark><Placemark><name>ມ ຕົ້ນດອກເຜິ້ງ</name><ExtendedData><Data name="@id"><value>node/4247761091</value></Data><Data name="amenity"><value>school</value></Data><Data name="name"><value>ມ ຕົ້ນດອກເຜິ້ງ</value></Data><Data name="opening_hours"><value>Mo-Fr 08:00-16:00</value></Data></ExtendedData><Point><coordinates>101.0590383,19.6920706</coordinates></Point></Placemark><Placemark><name>ໂຮງຮຽນກຸນດາວົງ</name><ExtendedData><Data name="@id"><value>node/4251837990</value></Data><Data name="amenity"><value>school</value></Data><Data name="name"><value>ໂຮງຮຽນກຸນດາວົງ</value></Data><Data name="name:en"><value>Kundawong</value></Data><Data name="name:lo"><value>ໂຮງຮຽນກຸນດາວົງ</value></Data></ExtendedData><Point><coordinates>102.6381002,17.9482129</coordinates></Point></Placemark><Placemark><name>ໂຮງຮຽນເມຈິກພາມ</name><ExtendedData><Data name="@id"><value>node/4251885989</value></Data><Data name="addr:street"><value>ໂພນທັນເໜືອ ຮ່ອມ 12</value></Data><Data name="amenity"><value>school</value></Data><Data name="name"><value>ໂຮງຮຽນເມຈິກພາມ</value></Data></ExtendedData><Point><coordinates>102.6412933,17.9539354</coordinates></Point></Placemark><Placemark><name>higso</name><ExtendedData><Data name="@id"><value>node/4267941891</value></Data><Data name="amenity"><value>school</value></Data><Data name="name"><value>higso</value></Data></ExtendedData><Point><coordinates>105.9170166,16.5584442</coordinates></Point></Placemark><Placemark><name>xethamouak High school</name><ExtendedData><Data name="@id"><value>node/4267995489</value></Data><Data name="amenity"><value>school</value></Data><Data name="name"><value>xethamouak High school</value></Data></ExtendedData><Point><coordinates>105.9173634,16.5664636</coordinates></Point></Placemark><Placemark><name>ໂຮງຮຽນປະຖົມ ເຊສະຫວາດ ບ້ານຊະນະມີໄຊ</name><ExtendedData><Data name="@id"><value>node/4268047893</value></Data><Data name="amenity"><value>school</value></Data><Data name="name"><value>ໂຮງຮຽນປະຖົມ ເຊສະຫວາດ ບ້ານຊະນະມີໄຊ</value></Data></ExtendedData><Point><coordinates>105.9188443,16.5748368</coordinates></Point></Placemark><Placemark><ExtendedData><Data name="@id"><value>node/4271344555</value></Data><Data name="amenity"><value>school</value></Data><Data name="name:en"><value>Ba Thung School</value></Data></ExtendedData><Point><coordinates>101.1127161,19.7651789</coordinates></Point></Placemark><Placemark><name>ໂຮງຮຽນປະຖົມດອນກອຍ</name><ExtendedData><Data name="@id"><value>node/4280957691</value></Data><Data name="addr:street"><value>Don Koi Hom 12</value></Data><Data name="amenity"><value>school</value></Data><Data name="name"><value>ໂຮງຮຽນປະຖົມດອນກອຍ</value></Data><Data name="name:en"><value>Don Koi Primary School</value></Data><Data name="name:lo"><value>ໂຮງຮຽນປະຖົມດອນກອຍ</value></Data></ExtendedData><Point><coordinates>102.6474589,17.9326091</coordinates></Point></Placemark><Placemark><name>Pakse Upper Secondary School</name><ExtendedData><Data name="@id"><value>node/4280975989</value></Data><Data name="amenity"><value>school</value></Data><Data name="name"><value>Pakse Upper Secondary School</value></Data></ExtendedData><Point><coordinates>105.8191859,15.109146</coordinates></Point></Placemark><Placemark><name>ວິທະຍາໄລຄອມເຊັນເຕີ</name><ExtendedData><Data name="@id"><value>node/4326615096</value></Data><Data name="addr:street"><value>Dong Palan</value></Data><Data name="amenity"><value>school</value></Data><Data name="name"><value>ວິທະຍາໄລຄອມເຊັນເຕີ</value></Data></ExtendedData><Point><coordinates>102.6222885,17.95718</coordinates></Point></Placemark><Placemark><ExtendedData><Data name="@id"><value>node/4330648429</value></Data><Data name="amenity"><value>school</value></Data><Data name="source"><value>GPS</value></Data></ExtendedData><Point><coordinates>101.1064928,19.6548684</coordinates></Point></Placemark><Placemark><name>Raffles International Center of Education</name><ExtendedData><Data name="@id"><value>node/4332017360</value></Data><Data name="amenity"><value>school</value></Data><Data name="name"><value>Raffles International Center of Education</value></Data><Data name="phone"><value>+856 21 262291</value></Data></ExtendedData><Point><coordinates>102.6312897,17.953958</coordinates></Point></Placemark><Placemark><name>ໂຮງຮຽນປະຖົມສົມບູນໂພນໂຮງ</name><ExtendedData><Data name="@id"><value>node/4334828591</value></Data><Data name="amenity"><value>school</value></Data><Data name="name"><value>ໂຮງຮຽນປະຖົມສົມບູນໂພນໂຮງ</value></Data></ExtendedData><Point><coordinates>102.6516151,18.3582707</coordinates></Point></Placemark><Placemark><ExtendedData><Data name="@id"><value>node/4349458639</value></Data><Data name="amenity"><value>school</value></Data></ExtendedData><Point><coordinates>102.5873536,18.0914231</coordinates></Point></Placemark><Placemark><ExtendedData><Data name="@id"><value>node/4370774773</value></Data><Data name="amenity"><value>school</value></Data><Data name="education"><value>school</value></Data></ExtendedData><Point><coordinates>102.56502,17.9748831</coordinates></Point></Placemark><Placemark><name>ພິມພອນພັດທະນາ</name><ExtendedData><Data name="@id"><value>node/4370777971</value></Data><Data name="amenity"><value>school</value></Data><Data name="education"><value>school</value></Data><Data name="name"><value>ພິມພອນພັດທະນາ</value></Data><Data name="name:en"><value>Phimphon Phatthana</value></Data><Data name="name:lo"><value>ພິມພອນພັດທະນາ</value></Data><Data name="phone"><value>+856 20 99964392;+856 30 5719317</value></Data></ExtendedData><Point><coordinates>102.5579058,17.9779115</coordinates></Point></Placemark><Placemark><ExtendedData><Data name="@id"><value>node/4370778472</value></Data><Data name="amenity"><value>school</value></Data><Data name="education"><value>school</value></Data></ExtendedData><Point><coordinates>102.5582765,17.9781086</coordinates></Point></Placemark><Placemark><ExtendedData><Data name="@id"><value>node/4370778474</value></Data><Data name="amenity"><value>school</value></Data></ExtendedData><Point><coordinates>102.5506978,17.9795656</coordinates></Point></Placemark><Placemark><name>ແສງດາລາ</name><ExtendedData><Data name="@id"><value>node/4379964726</value></Data><Data name="amenity"><value>school</value></Data><Data name="name"><value>ແສງດາລາ</value></Data><Data name="name:en"><value>Sengdara</value></Data><Data name="name:lo"><value>ແສງດາລາ</value></Data><Data name="phone"><value>+856 21 315898</value></Data><Data name="website"><value>https://sengdara.la/</value></Data></ExtendedData><Point><coordinates>102.6304326,17.9424287</coordinates></Point></Placemark><Placemark><ExtendedData><Data name="@id"><value>node/4383620350</value></Data><Data name="amenity"><value>school</value></Data></ExtendedData><Point><coordinates>102.1057417,21.6858929</coordinates></Point></Placemark><Placemark><name>vernhongkham primary school</name><ExtendedData><Data name="@id"><value>node/4406588895</value></Data><Data name="amenity"><value>school</value></Data><Data name="name"><value>vernhongkham primary school</value></Data></ExtendedData><Point><coordinates>106.0234901,16.5341286</coordinates></Point></Placemark><Placemark><name>Phin High school</name><ExtendedData><Data name="@id"><value>node/4406602091</value></Data><Data name="amenity"><value>school</value></Data><Data name="name"><value>Phin High school</value></Data></ExtendedData><Point><coordinates>106.0153085,16.5321955</coordinates></Point></Placemark><Placemark><ExtendedData><Data name="@id"><value>node/4406868789</value></Data><Data name="amenity"><value>school</value></Data></ExtendedData><Point><coordinates>106.0187391,16.5298392</coordinates></Point></Placemark><Placemark><name>Ban Phou Thid Phueng Primary School</name><ExtendedData><Data name="@id"><value>node/4436345864</value></Data><Data name="amenity"><value>school</value></Data><Data name="name"><value>Ban Phou Thid Phueng Primary School</value></Data></ExtendedData><Point><coordinates>102.7862705,20.5177948</coordinates></Point></Placemark><Placemark><name>Longkham Primary School</name><ExtendedData><Data name="@id"><value>node/4436345865</value></Data><Data name="amenity"><value>school</value></Data><Data name="name"><value>Longkham Primary School</value></Data></ExtendedData><Point><coordinates>102.7127562,20.5252866</coordinates></Point></Placemark><Placemark><name>Primary School</name><ExtendedData><Data name="@id"><value>node/4437511038</value></Data><Data name="amenity"><value>school</value></Data><Data name="name"><value>Primary School</value></Data><Data name="name:en"><value>Houay Sen Primary School</value></Data><Data name="source"><value>school sign</value></Data></ExtendedData><Point><coordinates>102.7212719,20.7143222</coordinates></Point></Placemark><Placemark><ExtendedData><Data name="@id"><value>node/4441586990</value></Data><Data name="amenity"><value>school</value></Data><Data name="name:th"><value>ໂຮງຮຽນ ວິຊາຊີບ</value></Data></ExtendedData><Point><coordinates>101.7187129,19.3053889</coordinates></Point></Placemark><Placemark><ExtendedData><Data name="@id"><value>node/4460699200</value></Data><Data name="amenity"><value>school</value></Data><Data name="name:en"><value>Syphom Primary School</value></Data></ExtendedData><Point><coordinates>103.3670509,19.3330381</coordinates></Point></Placemark><Placemark><name>ສະຖາບັນການທະນາຄານ</name><ExtendedData><Data name="@id"><value>node/4462821791</value></Data><Data name="addr:street"><value>ທາງເຂົ້າໂຮງຮຽນທະນາຄານ</value></Data><Data name="amenity"><value>school</value></Data><Data name="name"><value>ສະຖາບັນການທະນາຄານ</value></Data><Data name="name:en"><value>Banking Institute of Laos</value></Data><Data name="opening_hours"><value>Mo-Fr 20:00-05:00</value></Data><Data name="operator"><value>Bank of Lao P.D.R</value></Data><Data name="website"><value>https://www.bibol.edu.la/</value></Data></ExtendedData><Point><coordinates>102.6261828,18.0227472</coordinates></Point></Placemark><Placemark><ExtendedData><Data name="@id"><value>node/4466166793</value></Data><Data name="amenity"><value>school</value></Data></ExtendedData><Point><coordinates>105.7231373,15.2639276</coordinates></Point></Placemark><Placemark><name>Thaluang Primary School</name><ExtendedData><Data name="@id"><value>node/4466186992</value></Data><Data name="amenity"><value>school</value></Data><Data name="check_date"><value>2026-03-04</value></Data><Data name="name"><value>Thaluang Primary School</value></Data></ExtendedData><Point><coordinates>105.799647,15.1232305</coordinates></Point></Placemark><Placemark><ExtendedData><Data name="@id"><value>node/4467161089</value></Data><Data name="amenity"><value>school</value></Data><Data name="name:en"><value>Laos language school</value></Data><Data name="name:ko"><value>어학교 교실(베트남어 학과 건물)</value></Data></ExtendedData><Point><coordinates>102.6380458,18.0361469</coordinates></Point></Placemark><Placemark><name>Pathonsomboun</name><ExtendedData><Data name="@id"><value>node/4468058731</value></Data><Data name="amenity"><value>school</value></Data><Data name="name"><value>Pathonsomboun</value></Data></ExtendedData><Point><coordinates>102.6238186,17.9379412</coordinates></Point></Placemark><Placemark><ExtendedData><Data name="@id"><value>node/4483472190</value></Data><Data name="amenity"><value>school</value></Data></ExtendedData><Point><coordinates>102.13982,19.8942521</coordinates></Point></Placemark><Placemark><name>ນາລີຕ້າ</name><ExtendedData><Data name="@id"><value>node/4487937667</value></Data><Data name="amenity"><value>school</value></Data><Data name="education"><value>school</value></Data><Data name="name"><value>ນາລີຕ້າ</value></Data><Data name="name:en"><value>Nalita</value></Data><Data name="name:lo"><value>ນາລີຕ້າ</value></Data><Data name="phone"><value>+856 21 55529655</value></Data></ExtendedData><Point><coordinates>102.5392069,17.9935789</coordinates></Point></Placemark><Placemark><name>ນິຕ້າ</name><ExtendedData><Data name="@id"><value>node/4487937668</value></Data><Data name="amenity"><value>school</value></Data><Data name="education"><value>school</value></Data><Data name="name"><value>ນິຕ້າ</value></Data><Data name="name:en"><value>Nita</value></Data><Data name="name:lo"><value>ນິຕ້າ</value></Data><Data name="phone"><value>+856 21 620226</value></Data></ExtendedData><Point><coordinates>102.5432889,17.993821</coordinates></Point></Placemark><Placemark><name>Souksavath College</name><ExtendedData><Data name="@id"><value>node/4491923583</value></Data><Data name="amenity"><value>school</value></Data><Data name="name"><value>Souksavath College</value></Data></ExtendedData><Point><coordinates>102.6134034,18.0121299</coordinates></Point></Placemark><Placemark><name>First Aid Services</name><ExtendedData><Data name="@id"><value>node/4497756219</value></Data><Data name="amenity"><value>school</value></Data><Data name="name"><value>First Aid Services</value></Data><Data name="website"><value>https://www.cprlao.com/</value></Data></ExtendedData><Point><coordinates>102.6350668,17.9680279</coordinates></Point></Placemark><Placemark><ExtendedData><Data name="@id"><value>node/4509832892</value></Data><Data name="amenity"><value>school</value></Data><Data name="name:en"><value>FES</value></Data><Data name="name:th"><value>ຄສວ</value></Data></ExtendedData><Point><coordinates>102.6426818,18.0407045</coordinates></Point></Placemark><Placemark><name>Sanaphon</name><ExtendedData><Data name="@id"><value>node/4511604081</value></Data><Data name="amenity"><value>school</value></Data><Data name="education"><value>school</value></Data><Data name="name"><value>Sanaphon</value></Data></ExtendedData><Point><coordinates>102.5508137,17.9891605</coordinates></Point></Placemark><Placemark><ExtendedData><Data name="@id"><value>node/4511604616</value></Data><Data name="amenity"><value>school</value></Data></ExtendedData><Point><coordinates>102.5448386,18.0176291</coordinates></Point></Placemark><Placemark><name>ໄວຍາກອນ</name><ExtendedData><Data name="@id"><value>node/4518520305</value></Data><Data name="amenity"><value>school</value></Data><Data name="name"><value>ໄວຍາກອນ</value></Data><Data name="name:en"><value>Vayakone</value></Data><Data name="phone"><value>+856 20 91943114</value></Data></ExtendedData><Point><coordinates>102.6341069,17.9690104</coordinates></Point></Placemark><Placemark><name>ສະເຫຼີມສຸກ</name><ExtendedData><Data name="@id"><value>node/4518520447</value></Data><Data name="amenity"><value>school</value></Data><Data name="name"><value>ສະເຫຼີມສຸກ</value></Data><Data name="name:en"><value>Saleumsouk</value></Data><Data name="name:lo"><value>ສະເຫຼີມສຸກ</value></Data></ExtendedData><Point><coordinates>102.5436862,18.016933</coordinates></Point></Placemark><Placemark><ExtendedData><Data name="@id"><value>node/4528322589</value></Data><Data name="amenity"><value>school</value></Data></ExtendedData><Point><coordinates>102.5689777,21.136219</coordinates></Point></Placemark><Placemark><ExtendedData><Data name="@id"><value>node/4535138489</value></Data><Data name="amenity"><value>school</value></Data><Data name="name:en"><value>ໂຮງຮຽນ</value></Data></ExtendedData><Point><coordinates>100.5518509,19.6950533</coordinates></Point></Placemark><Placemark><name>Ecole primaire de Ban Khon Tai</name><ExtendedData><Data name="@id"><value>node/4542633327</value></Data><Data name="amenity"><value>school</value></Data><Data name="name"><value>Ecole primaire de Ban Khon Tai</value></Data></ExtendedData><Point><coordinates>105.9234924,13.9639549</coordinates></Point></Placemark><Placemark><ExtendedData><Data name="@id"><value>node/4546305692</value></Data><Data name="addr:street"><value>Ban Nonsavang, Outhumphone District, Savannakhet Province</value></Data><Data name="amenity"><value>school</value></Data><Data name="name:en"><value>Kodama Primary School</value></Data><Data name="website"><value>https://m.facebook.com/kodamakikin/</value></Data></ExtendedData><Point><coordinates>105.038902,16.613199</coordinates></Point></Placemark><Placemark><ExtendedData><Data name="@id"><value>node/4557261023</value></Data><Data name="amenity"><value>school</value></Data><Data name="education"><value>school</value></Data></ExtendedData><Point><coordinates>102.6056361,17.9696144</coordinates></Point></Placemark><Placemark><name>ໄຊສົມບັດ</name><ExtendedData><Data name="@id"><value>node/4580583791</value></Data><Data name="amenity"><value>school</value></Data><Data name="name"><value>ໄຊສົມບັດ</value></Data><Data name="name:lo"><value>ວິທະຍາໄລ ໄຊສົມບັດ ເຕັກໂນໂລຊີ</value></Data></ExtendedData><Point><coordinates>104.7690499,16.5753365</coordinates></Point></Placemark><Placemark><ExtendedData><Data name="@id"><value>node/4588911802</value></Data><Data name="addr:housenumber"><value>195</value></Data><Data name="addr:street"><value>13</value></Data><Data name="amenity"><value>school</value></Data><Data name="name:en"><value>Kay</value></Data><Data name="name:th"><value>ไก</value></Data><Data name="phone"><value>02022811103</value></Data></ExtendedData><Point><coordinates>103.6091617,18.4104276</coordinates></Point></Placemark><Placemark><name>ວິທະຍໄລເຕກນິກ-ວິຊາຊີບແຂວງຈໍາປາສັກ</name><ExtendedData><Data name="@id"><value>node/4623110195</value></Data><Data name="amenity"><value>school</value></Data><Data name="check_date"><value>2026-03-05</value></Data><Data name="name"><value>ວິທະຍໄລເຕກນິກ-ວິຊາຊີບແຂວງຈໍາປາສັກ</value></Data><Data name="name:lo"><value>ວິທະຍໄລເຕກນິກ-ວິຊາຊີບແຂວງຈໍາປາສັກ</value></Data></ExtendedData><Point><coordinates>105.79785,15.116911</coordinates></Point></Placemark><Placemark><ExtendedData><Data name="@id"><value>node/4627470193</value></Data><Data name="amenity"><value>school</value></Data><Data name="name:en"><value>National University of Laos</value></Data><Data name="name:zh"><value>老挝国立大学</value></Data></ExtendedData><Point><coordinates>102.6346456,18.0369455</coordinates></Point></Placemark><Placemark><ExtendedData><Data name="@id"><value>node/4635739543</value></Data><Data name="amenity"><value>school</value></Data></ExtendedData><Point><coordinates>102.2344289,20.0032286</coordinates></Point></Placemark><Placemark><name>ໂຮງຮຽນລ້ຽງເດັກລັດສະໝີ</name><ExtendedData><Data name="@id"><value>node/4666682955</value></Data><Data name="amenity"><value>school</value></Data><Data name="name"><value>ໂຮງຮຽນລ້ຽງເດັກລັດສະໝີ</value></Data></ExtendedData><Point><coordinates>102.5087038,18.123065</coordinates></Point></Placemark><Placemark><name>ໂຮງຮຽນມັດຖະຍົມສົມບູນນາຊາຍທອງ</name><ExtendedData><Data name="@id"><value>node/4666832827</value></Data><Data name="amenity"><value>school</value></Data><Data name="name"><value>ໂຮງຮຽນມັດຖະຍົມສົມບູນນາຊາຍທອງ</value></Data></ExtendedData><Point><coordinates>102.5355671,18.0690614</coordinates></Point></Placemark><Placemark><name>Lao Singapore Business College</name><ExtendedData><Data name="@id"><value>node/4670725518</value></Data><Data name="amenity"><value>school</value></Data><Data name="email"><value>info@lsbcollege.info</value></Data><Data name="name"><value>Lao Singapore Business College</value></Data><Data name="name:en"><value>Lao Singapore Business College</value></Data><Data name="name:lo"><value>ວິທະຍຳໄລ ທຸລະກິດ ລາວ-ສິງມະໂປ</value></Data><Data name="phone"><value>+856 21 262522</value></Data><Data name="website"><value>www.lsbcollege.info</value></Data></ExtendedData><Point><coordinates>102.624107,17.9649626</coordinates></Point></Placemark><Placemark><ExtendedData><Data name="@id"><value>node/4677952743</value></Data><Data name="amenity"><value>school</value></Data></ExtendedData><Point><coordinates>101.6394994,20.1108366</coordinates></Point></Placemark><Placemark><ExtendedData><Data name="@id"><value>node/4678414167</value></Data><Data name="amenity"><value>school</value></Data></ExtendedData><Point><coordinates>101.7180456,19.9470555</coordinates></Point></Placemark><Placemark><ExtendedData><Data name="@id"><value>node/4678415043</value></Data><Data name="amenity"><value>school</value></Data></ExtendedData><Point><coordinates>101.7995337,20.118538</coordinates></Point></Placemark><Placemark><ExtendedData><Data name="@id"><value>node/4678415130</value></Data><Data name="amenity"><value>school</value></Data></ExtendedData><Point><coordinates>101.9605351,20.3791267</coordinates></Point></Placemark><Placemark><ExtendedData><Data name="@id"><value>node/4678415313</value></Data><Data name="amenity"><value>school</value></Data></ExtendedData><Point><coordinates>101.9767453,20.2671518</coordinates></Point></Placemark><Placemark><ExtendedData><Data name="@id"><value>node/4678415595</value></Data><Data name="amenity"><value>school</value></Data></ExtendedData><Point><coordinates>101.9972294,20.4986418</coordinates></Point></Placemark><Placemark><ExtendedData><Data name="@id"><value>node/4678415778</value></Data><Data name="amenity"><value>school</value></Data></ExtendedData><Point><coordinates>101.9725473,20.5595339</coordinates></Point></Placemark><Placemark><ExtendedData><Data name="@id"><value>node/4678415896</value></Data><Data name="amenity"><value>school</value></Data></ExtendedData><Point><coordinates>102.0014333,20.5270905</coordinates></Point></Placemark><Placemark><ExtendedData><Data name="@id"><value>node/4678910317</value></Data><Data name="amenity"><value>school</value></Data></ExtendedData><Point><coordinates>101.5240197,20.5761084</coordinates></Point></Placemark><Placemark><ExtendedData><Data name="@id"><value>node/4678911122</value></Data><Data name="amenity"><value>school</value></Data></ExtendedData><Point><coordinates>101.9366594,20.6283886</coordinates></Point></Placemark><Placemark><ExtendedData><Data name="@id"><value>node/4678911850</value></Data><Data name="amenity"><value>school</value></Data></ExtendedData><Point><coordinates>102.0064788,20.9193472</coordinates></Point></Placemark><Placemark><ExtendedData><Data name="@id"><value>node/4678955391</value></Data><Data name="amenity"><value>school</value></Data></ExtendedData><Point><coordinates>102.1589668,20.5705142</coordinates></Point></Placemark><Placemark><ExtendedData><Data name="@id"><value>node/4681327228</value></Data><Data name="amenity"><value>school</value></Data></ExtendedData><Point><coordinates>103.6669919,20.0580859</coordinates></Point></Placemark><Placemark><ExtendedData><Data name="@id"><value>node/4681327404</value></Data><Data name="amenity"><value>school</value></Data></ExtendedData><Point><coordinates>103.8481854,20.067701</coordinates></Point></Placemark><Placemark><ExtendedData><Data name="@id"><value>node/4681327794</value></Data><Data name="amenity"><value>school</value></Data></ExtendedData><Point><coordinates>103.7495172,20.1350159</coordinates></Point></Placemark><Placemark><ExtendedData><Data name="@id"><value>node/4681328160</value></Data><Data name="amenity"><value>school</value></Data></ExtendedData><Point><coordinates>103.8457104,20.1677427</coordinates></Point></Placemark><Placemark><ExtendedData><Data name="@id"><value>node/4681328179</value></Data><Data name="amenity"><value>school</value></Data></ExtendedData><Point><coordinates>103.8157565,20.1688228</coordinates></Point></Placemark><Placemark><ExtendedData><Data name="@id"><value>node/4681699573</value></Data><Data name="amenity"><value>school</value></Data></ExtendedData><Point><coordinates>102.5448525,18.017653</coordinates></Point></Placemark><Placemark><ExtendedData><Data name="@id"><value>node/4681822463</value></Data><Data name="amenity"><value>school</value></Data></ExtendedData><Point><coordinates>104.3024184,20.3572567</coordinates></Point></Placemark><Placemark><name>ໂຮງຮຽນປະຖົມສົມບູນໂພໄຊ</name><ExtendedData><Data name="@id"><value>node/4682623366</value></Data><Data name="amenity"><value>school</value></Data><Data name="name"><value>ໂຮງຮຽນປະຖົມສົມບູນໂພໄຊ</value></Data></ExtendedData><Point><coordinates>102.6186814,17.9229735</coordinates></Point></Placemark><Placemark><ExtendedData><Data name="@id"><value>node/4686727054</value></Data><Data name="amenity"><value>school</value></Data></ExtendedData><Point><coordinates>101.2099114,20.7193073</coordinates></Point></Placemark><Placemark><ExtendedData><Data name="@id"><value>node/4688394289</value></Data><Data name="amenity"><value>school</value></Data><Data name="name:en"><value>Aphay Primary School</value></Data></ExtendedData><Point><coordinates>102.1379854,19.8883072</coordinates></Point></Placemark><Placemark><ExtendedData><Data name="@id"><value>node/4688396907</value></Data><Data name="amenity"><value>school</value></Data><Data name="name:en"><value>UNESCO Training Centre</value></Data></ExtendedData><Point><coordinates>102.1374797,19.8934433</coordinates></Point></Placemark><Placemark><ExtendedData><Data name="@id"><value>node/4688961483</value></Data><Data name="amenity"><value>school</value></Data></ExtendedData><Point><coordinates>101.1409205,20.245424</coordinates></Point></Placemark><Placemark><name>Vientiane Pattana School</name><ExtendedData><Data name="@id"><value>node/4696928393</value></Data><Data name="addr:city"><value>Vientiane</value></Data><Data name="addr:housenumber"><value>70/105 Unit 8, Ban Khounta</value></Data><Data name="addr:postcode"><value>0102</value></Data><Data name="addr:street"><value>Souphanouvong Avenue</value></Data><Data name="amenity"><value>school</value></Data><Data name="education"><value>school</value></Data><Data name="email"><value>info@vps-lao.com</value></Data><Data name="name"><value>Vientiane Pattana School</value></Data><Data name="phone"><value>+85621219497</value></Data><Data name="website"><value>http://vps-lao.com</value></Data></ExtendedData><Point><coordinates>102.5918671,17.9697766</coordinates></Point></Placemark><Placemark><ExtendedData><Data name="@id"><value>node/4696963100</value></Data><Data name="amenity"><value>school</value></Data><Data name="name:de"><value>Englisch Nachhilfe</value></Data><Data name="name:en"><value>English afternoon lessons</value></Data></ExtendedData><Point><coordinates>101.4104956,21.0035914</coordinates></Point></Placemark><Placemark><ExtendedData><Data name="@id"><value>node/4697008289</value></Data><Data name="amenity"><value>school</value></Data><Data name="name:en"><value>Ministry of education and sport - Keophoxai business administration college</value></Data></ExtendedData><Point><coordinates>101.4092535,21.0054654</coordinates></Point></Placemark><Placemark><ExtendedData><Data name="@id"><value>node/4697468351</value></Data><Data name="amenity"><value>school</value></Data></ExtendedData><Point><coordinates>106.6563619,15.3140019</coordinates></Point></Placemark><Placemark><ExtendedData><Data name="@id"><value>node/4697469748</value></Data><Data name="amenity"><value>school</value></Data></ExtendedData><Point><coordinates>107.2556489,15.523388</coordinates></Point></Placemark><Placemark><ExtendedData><Data name="@id"><value>node/4697736398</value></Data><Data name="amenity"><value>school</value></Data></ExtendedData><Point><coordinates>106.7242542,15.4943167</coordinates></Point></Placemark><Placemark><ExtendedData><Data name="@id"><value>node/4700483189</value></Data><Data name="addr:street"><value>Namo District</value></Data><Data name="amenity"><value>school</value></Data><Data name="name:en"><value>Mixay Primary School</value></Data><Data name="opening_hours"><value>Mo-Fr 08:00-16:00</value></Data></ExtendedData><Point><coordinates>101.7874187,21.0162865</coordinates></Point></Placemark><Placemark><ExtendedData><Data name="@id"><value>node/4700483190</value></Data><Data name="addr:street"><value>Namo</value></Data><Data name="amenity"><value>school</value></Data><Data name="name:en"><value>Houay Hok Primary School</value></Data><Data name="opening_hours"><value>Mo-Fr 08:00-16:00</value></Data></ExtendedData><Point><coordinates>101.7846437,20.9621268</coordinates></Point></Placemark><Placemark><ExtendedData><Data name="@id"><value>node/4704651821</value></Data><Data name="amenity"><value>school</value></Data></ExtendedData><Point><coordinates>103.6604006,18.3778042</coordinates></Point></Placemark><Placemark><ExtendedData><Data name="@id"><value>node/4707781697</value></Data><Data name="amenity"><value>school</value></Data><Data name="name:en"><value>Orphan school</value></Data></ExtendedData><Point><coordinates>102.4271259,18.4567757</coordinates></Point></Placemark><Placemark><ExtendedData><Data name="@id"><value>node/4730436628</value></Data><Data name="amenity"><value>school</value></Data></ExtendedData><Point><coordinates>103.0723703,19.2124533</coordinates></Point></Placemark><Placemark><ExtendedData><Data name="@id"><value>node/4810895861</value></Data><Data name="amenity"><value>school</value></Data></ExtendedData><Point><coordinates>102.6320508,17.8411597</coordinates></Point></Placemark><Placemark><name>ໂຮງຮຽນ ປະຖົມ ສົມບູນ ແກັງປາຢ້າງ</name><ExtendedData><Data name="@id"><value>node/4810896079</value></Data><Data name="amenity"><value>school</value></Data><Data name="name"><value>ໂຮງຮຽນ ປະຖົມ ສົມບູນ ແກັງປາຢ້າງ</value></Data><Data name="name:en"><value>Kengpayang Primary School</value></Data><Data name="name:lo"><value>ໂຮງຮຽນ ປະຖົມ ສົມບູນ ແກັງປາຢ້າງ</value></Data></ExtendedData><Point><coordinates>102.6159554,17.8700867</coordinates></Point></Placemark><Placemark><name>ໂຮງຮຽນ ປະຖົມ ສົມບູນ ບ້ານອ່າງນ້ຳຫຸມ</name><ExtendedData><Data name="@id"><value>node/4828973353</value></Data><Data name="amenity"><value>school</value></Data><Data name="name"><value>ໂຮງຮຽນ ປະຖົມ ສົມບູນ ບ້ານອ່າງນ້ຳຫຸມ</value></Data><Data name="name:en"><value>Primary School Ban Angnamhoum</value></Data><Data name="name:lo"><value>ໂຮງຮຽນ ປະຖົມ ສົມບູນ ບ້ານອ່າງນ້ຳຫຸມ</value></Data></ExtendedData><Point><coordinates>102.4685222,18.1708786</coordinates></Point></Placemark><Placemark><ExtendedData><Data name="@id"><value>node/4834296022</value></Data><Data name="amenity"><value>school</value></Data><Data name="name:en"><value>Savannakhet high school</value></Data><Data name="name:th"><value>ม.ส สะหวัน</value></Data></ExtendedData><Point><coordinates>104.7510343,16.5705898</coordinates></Point></Placemark><Placemark><ExtendedData><Data name="@id"><value>node/4839741921</value></Data><Data name="amenity"><value>school</value></Data></ExtendedData><Point><coordinates>105.3792254,15.8908279</coordinates></Point></Placemark><Placemark><ExtendedData><Data name="@id"><value>node/4845040322</value></Data><Data name="amenity"><value>school</value></Data><Data name="name:en"><value>Secondary school</value></Data></ExtendedData><Point><coordinates>105.3826797,16.0902819</coordinates></Point></Placemark><Placemark><ExtendedData><Data name="@id"><value>node/4845527421</value></Data><Data name="amenity"><value>school</value></Data></ExtendedData><Point><coordinates>102.5304827,18.855111</coordinates></Point></Placemark><Placemark><ExtendedData><Data name="@id"><value>node/4853555330</value></Data><Data name="amenity"><value>school</value></Data><Data name="name:en"><value>Secondary school</value></Data></ExtendedData><Point><coordinates>105.6826266,14.5867061</coordinates></Point></Placemark><Placemark><name>Phonthan Primary School</name><ExtendedData><Data name="@id"><value>node/4871026373</value></Data><Data name="amenity"><value>school</value></Data><Data name="name"><value>Phonthan Primary School</value></Data></ExtendedData><Point><coordinates>102.6394577,17.964087</coordinates></Point></Placemark><Placemark><name>ໂຮງຮຽນ ຂຸນສຳນານ</name><ExtendedData><Data name="@id"><value>node/4896179140</value></Data><Data name="amenity"><value>school</value></Data><Data name="contact:phone"><value>+856 30 5102878</value></Data><Data name="name"><value>ໂຮງຮຽນ ຂຸນສຳນານ</value></Data><Data name="name:en"><value>Khounsamnane School</value></Data><Data name="name:lo"><value>ໂຮງຮຽນ ຂຸນສຳມານ</value></Data></ExtendedData><Point><coordinates>102.6384891,17.9850944</coordinates></Point></Placemark><Placemark><name>ໂຮງຮຽນປະຖົມສົມບູນ ບ້ານດຸງໃຫຍ່</name><ExtendedData><Data name="@id"><value>node/4898531107</value></Data><Data name="amenity"><value>school</value></Data><Data name="name"><value>ໂຮງຮຽນປະຖົມສົມບູນ ບ້ານດຸງໃຫຍ່</value></Data><Data name="name:en"><value>Doungyai Village Primary School</value></Data><Data name="name:lo"><value>ໂຮງຮຽນປະຖົມສົມບູນ ບ້ານດຸງໃຫຍ່</value></Data></ExtendedData><Point><coordinates>102.7027107,17.9852237</coordinates></Point></Placemark><Placemark><name>CMED</name><description>Consultancy in Medical Education and Development</description><ExtendedData><Data name="@id"><value>node/4899681787</value></Data><Data name="amenity"><value>school</value></Data><Data name="description"><value>Consultancy in Medical Education and Development</value></Data><Data name="name"><value>CMED</value></Data><Data name="phone"><value>021265005</value></Data></ExtendedData><Point><coordinates>102.6340169,17.9628961</coordinates></Point></Placemark><Placemark><name>Glory Center</name><ExtendedData><Data name="@id"><value>node/4899681788</value></Data><Data name="amenity"><value>school</value></Data><Data name="name"><value>Glory Center</value></Data></ExtendedData><Point><coordinates>102.634218,17.9629803</coordinates></Point></Placemark><Placemark><name>ສູນຢຶຫອົບຮົທພະຍາບນ ແລະ ຜະດຸງຄັນ</name><ExtendedData><Data name="@id"><value>node/4908655305</value></Data><Data name="amenity"><value>school</value></Data><Data name="name"><value>ສູນຢຶຫອົບຮົທພະຍາບນ ແລະ ຜະດຸງຄັນ</value></Data><Data name="name:en"><value>Nurse and Midwife Training Center</value></Data><Data name="name:lo"><value>ສູນຢຶຫອົບຮົທພະຍາບນ ແລະ ຜະດຸງຄັນ</value></Data></ExtendedData><Point><coordinates>102.6160778,17.9556708</coordinates></Point></Placemark><Placemark><ExtendedData><Data name="@id"><value>node/4912040121</value></Data><Data name="addr:postcode"><value>01000</value></Data><Data name="amenity"><value>school</value></Data><Data name="name:en"><value>Phouhuad Secondary School</value></Data><Data name="opening_hours"><value>Mo-Fr 09:00-18:00</value></Data><Data name="operator"><value>Government</value></Data></ExtendedData><Point><coordinates>102.0428056,20.1865179</coordinates></Point></Placemark><Placemark><ExtendedData><Data name="@id"><value>node/4912040221</value></Data><Data name="addr:postcode"><value>01000</value></Data><Data name="amenity"><value>school</value></Data><Data name="name:en"><value>Hoiaysalak Primary School</value></Data><Data name="opening_hours"><value>Mo-Fr 08:00-16:30</value></Data><Data name="operator"><value>Government</value></Data></ExtendedData><Point><coordinates>102.1000089,20.2166151</coordinates></Point></Placemark><Placemark><ExtendedData><Data name="@id"><value>node/4912040222</value></Data><Data name="addr:postcode"><value>01000</value></Data><Data name="amenity"><value>school</value></Data><Data name="name:en"><value>Kewlakkham Primary School</value></Data><Data name="operator"><value>Government</value></Data></ExtendedData><Point><coordinates>102.1165883,20.2279118</coordinates></Point></Placemark><Placemark><ExtendedData><Data name="@id"><value>node/4914327521</value></Data><Data name="amenity"><value>school</value></Data><Data name="name:en"><value>Mokchaleng</value></Data></ExtendedData><Point><coordinates>102.053885,20.1916289</coordinates></Point></Placemark><Placemark><ExtendedData><Data name="@id"><value>node/4917822621</value></Data><Data name="addr:postcode"><value>01000</value></Data><Data name="addr:street"><value>2248</value></Data><Data name="amenity"><value>school</value></Data><Data name="name:en"><value>Chomleng Noi Primary School</value></Data><Data name="opening_hours"><value>Mo-Fr</value></Data><Data name="operator"><value>Lao Government</value></Data></ExtendedData><Point><coordinates>101.1370636,19.9781704</coordinates></Point></Placemark><Placemark><ExtendedData><Data name="@id"><value>node/4921568621</value></Data><Data name="addr:postcode"><value>01000</value></Data><Data name="amenity"><value>school</value></Data><Data name="name:en"><value>ໂຮງຮຽນປະຖົມບ້ານງິ້ວ</value></Data><Data name="operator"><value>Lao Government</value></Data></ExtendedData><Point><coordinates>101.4608545,20.0838533</coordinates></Point></Placemark><Placemark><ExtendedData><Data name="@id"><value>node/4921568622</value></Data><Data name="addr:postcode"><value>01000</value></Data><Data name="amenity"><value>school</value></Data><Data name="name:en"><value>Donna Primary School</value></Data><Data name="operator"><value>Lao Government</value></Data></ExtendedData><Point><coordinates>101.4931385,20.0805582</coordinates></Point></Placemark><Placemark><name>Houey Hong Vocational Training Center for Women</name><ExtendedData><Data name="@id"><value>node/4933464721</value></Data><Data name="amenity"><value>school</value></Data><Data name="name"><value>Houey Hong Vocational Training Center for Women</value></Data><Data name="name:en"><value>Houey Hong Vocational Training Center for Women</value></Data><Data name="tourism"><value>attraction</value></Data></ExtendedData><Point><coordinates>102.61651,18.023429</coordinates></Point></Placemark><Placemark><name>Hong Art Studio</name><ExtendedData><Data name="@id"><value>node/5001488464</value></Data><Data name="amenity"><value>school</value></Data><Data name="name"><value>Hong Art Studio</value></Data><Data name="name:en"><value>Hong Art Studio</value></Data><Data name="name:lo"><value>ສູນຮົງອາດສະຕູດີໂອ ຈຳກັດຜູ້ດຽວ</value></Data><Data name="phone"><value>+856 20 55304332</value></Data></ExtendedData><Point><coordinates>102.6254269,17.9314938</coordinates></Point></Placemark><Placemark><ExtendedData><Data name="@id"><value>node/5004229056</value></Data><Data name="amenity"><value>school</value></Data></ExtendedData><Point><coordinates>102.6443634,18.0274325</coordinates></Point></Placemark><Placemark><ExtendedData><Data name="@id"><value>node/5006356201</value></Data><Data name="amenity"><value>school</value></Data></ExtendedData><Point><coordinates>102.6485404,18.0385616</coordinates></Point></Placemark><Placemark><ExtendedData><Data name="@id"><value>node/5033922427</value></Data><Data name="amenity"><value>school</value></Data><Data name="name:en"><value>Kewpha Primary School</value></Data></ExtendedData><Point><coordinates>101.3645586,19.9973339</coordinates></Point></Placemark><Placemark><ExtendedData><Data name="@id"><value>node/5044649022</value></Data><Data name="amenity"><value>school</value></Data></ExtendedData><Point><coordinates>102.6401992,17.9618659</coordinates></Point></Placemark><Placemark><ExtendedData><Data name="@id"><value>node/5044649023</value></Data><Data name="amenity"><value>school</value></Data><Data name="name:ko"><value>기관</value></Data></ExtendedData><Point><coordinates>102.6387265,17.9615533</coordinates></Point></Placemark><Placemark><ExtendedData><Data name="@id"><value>node/5076264721</value></Data><Data name="addr:street"><value>10</value></Data><Data name="amenity"><value>school</value></Data><Data name="name:en"><value>NEES (ໂຮງຮຽນສອນພາສາອັງກິດຍຸກໃໝ່)</value></Data><Data name="opening_hours"><value>Mo-Fr 16:00-20:00</value></Data><Data name="operator"><value>Aj. Sengkeo Prasisomboune</value></Data><Data name="phone"><value>020 54 021 617</value></Data></ExtendedData><Point><coordinates>102.5452595,18.4052196</coordinates></Point></Placemark><Placemark><ExtendedData><Data name="@id"><value>node/5102379722</value></Data><Data name="amenity"><value>school</value></Data><Data name="name:en"><value>Ban Kham Pre-Primary School</value></Data><Data name="operator"><value>Government of Laos</value></Data></ExtendedData><Point><coordinates>101.0584014,19.9143156</coordinates></Point></Placemark><Placemark><ExtendedData><Data name="@id"><value>node/5102379723</value></Data><Data name="amenity"><value>school</value></Data><Data name="name:en"><value>Ban Kham Primary School</value></Data><Data name="operator"><value>Government of Laos</value></Data></ExtendedData><Point><coordinates>101.0581254,19.9147528</coordinates></Point></Placemark><Placemark><ExtendedData><Data name="@id"><value>node/5116513626</value></Data><Data name="amenity"><value>school</value></Data><Data name="name:en"><value>Xaimua</value></Data><Data name="operator"><value>Governmen</value></Data></ExtendedData><Point><coordinates>101.5287233,20.1414066</coordinates></Point></Placemark><Placemark><ExtendedData><Data name="@id"><value>node/5143615522</value></Data><Data name="amenity"><value>school</value></Data><Data name="name:en"><value>savang Km3</value></Data></ExtendedData><Point><coordinates>104.7538478,16.5750642</coordinates></Point></Placemark><Placemark><ExtendedData><Data name="@id"><value>node/5172773621</value></Data><Data name="amenity"><value>school</value></Data></ExtendedData><Point><coordinates>105.8734882,14.8744356</coordinates></Point></Placemark><Placemark><ExtendedData><Data name="@id"><value>node/5174564221</value></Data><Data name="amenity"><value>school</value></Data></ExtendedData><Point><coordinates>105.8426218,14.8467493</coordinates></Point></Placemark><Placemark><ExtendedData><Data name="@id"><value>node/5174564321</value></Data><Data name="amenity"><value>school</value></Data></ExtendedData><Point><coordinates>105.8432869,14.8467884</coordinates></Point></Placemark><Placemark><ExtendedData><Data name="@id"><value>node/5174564322</value></Data><Data name="amenity"><value>school</value></Data></ExtendedData><Point><coordinates>105.8545199,14.8482167</coordinates></Point></Placemark><Placemark><ExtendedData><Data name="@id"><value>node/5240257221</value></Data><Data name="amenity"><value>school</value></Data><Data name="name:en"><value>Bo-oh Lower Secondary school</value></Data><Data name="opening_hours"><value>Mo-Fr 08:00-16:00; Sa-Su 00:00-24:00</value></Data></ExtendedData><Point><coordinates>102.6108936,17.883164</coordinates></Point></Placemark><Placemark><ExtendedData><Data name="@id"><value>node/5242352222</value></Data><Data name="amenity"><value>school</value></Data><Data name="name:en"><value>Namyao</value></Data></ExtendedData><Point><coordinates>100.7790747,20.2029149</coordinates></Point></Placemark><Placemark><ExtendedData><Data name="@id"><value>node/5251614521</value></Data><Data name="amenity"><value>school</value></Data><Data name="name:en"><value>Hongsah high school</value></Data></ExtendedData><Point><coordinates>101.3443075,19.7050625</coordinates></Point></Placemark><Placemark><ExtendedData><Data name="@id"><value>node/5276698322</value></Data><Data name="amenity"><value>school</value></Data><Data name="name:en"><value>Big Sister Mouse School</value></Data><Data name="name:nl"><value>Big Sister Mouse School</value></Data></ExtendedData><Point><coordinates>102.1174163,19.8496873</coordinates></Point></Placemark><Placemark><ExtendedData><Data name="@id"><value>node/5277456522</value></Data><Data name="amenity"><value>school</value></Data><Data name="name:en"><value>Primary school</value></Data></ExtendedData><Point><coordinates>102.1697647,19.8935079</coordinates></Point></Placemark><Placemark><name>ໂຮງຮຽນພູນສະຫວັດ</name><ExtendedData><Data name="@id"><value>node/5382571921</value></Data><Data name="amenity"><value>school</value></Data><Data name="name"><value>ໂຮງຮຽນພູນສະຫວັດ</value></Data><Data name="name:en"><value>Phounsavat School</value></Data><Data name="name:lo"><value>ໂຮງຮຽນພູນສະຫວັດ</value></Data></ExtendedData><Point><coordinates>102.6330681,18.053318</coordinates></Point></Placemark><Placemark><name>ໂຮງຮຽນ ອະນຸບານ+ປະຖົມສົມບູນ</name><ExtendedData><Data name="@id"><value>node/5414377499</value></Data><Data name="amenity"><value>school</value></Data><Data name="name"><value>ໂຮງຮຽນ ອະນຸບານ+ປະຖົມສົມບູນ</value></Data><Data name="name:en"><value>Vangheua Kindergarten &amp; Primary School</value></Data><Data name="name:lo"><value>ໂຮງຮຽນ ອະນຸບານ+ປະຖົມສົມບູນ</value></Data></ExtendedData><Point><coordinates>102.808418,18.3394226</coordinates></Point></Placemark><Placemark><name>Sayabouli Primary School</name><ExtendedData><Data name="@id"><value>node/5418254282</value></Data><Data name="amenity"><value>school</value></Data><Data name="name"><value>Sayabouli Primary School</value></Data></ExtendedData><Point><coordinates>101.7089369,19.2597256</coordinates></Point></Placemark><Placemark><name>Lycee Nala</name><ExtendedData><Data name="@id"><value>node/5418254918</value></Data><Data name="amenity"><value>school</value></Data><Data name="name"><value>Lycee Nala</value></Data></ExtendedData><Point><coordinates>101.764219,19.3460884</coordinates></Point></Placemark><Placemark><ExtendedData><Data name="@id"><value>node/5418254964</value></Data><Data name="amenity"><value>school</value></Data><Data name="name:en"><value>Ethnic Minority School</value></Data></ExtendedData><Point><coordinates>101.721051,19.3073989</coordinates></Point></Placemark><Placemark><ExtendedData><Data name="@id"><value>node/5426044124</value></Data><Data name="amenity"><value>school</value></Data><Data name="name:en"><value>Primary School</value></Data></ExtendedData><Point><coordinates>105.8784276,14.8958745</coordinates></Point></Placemark><Placemark><ExtendedData><Data name="@id"><value>node/5426085622</value></Data><Data name="amenity"><value>school</value></Data><Data name="name:en"><value>Secondary school</value></Data></ExtendedData><Point><coordinates>105.8891929,14.9189014</coordinates></Point></Placemark><Placemark><name>English Club Laos</name><ExtendedData><Data name="@id"><value>node/5458302821</value></Data><Data name="amenity"><value>school</value></Data><Data name="name"><value>English Club Laos</value></Data><Data name="name:en"><value>English Club Laos</value></Data><Data name="operator:type"><value>private</value></Data><Data name="wheelchair"><value>no</value></Data></ExtendedData><Point><coordinates>102.1382881,19.8921192</coordinates></Point></Placemark><Placemark><name>Lao People’s Revolutionary Youth Union Development Centre</name><ExtendedData><Data name="@id"><value>node/5462631026</value></Data><Data name="addr:street"><value>Th 21</value></Data><Data name="amenity"><value>school</value></Data><Data name="check_date"><value>2026-03-05</value></Data><Data name="name"><value>Lao People’s Revolutionary Youth Union Development Centre</value></Data><Data name="name:en"><value>Lao People’s Revolutionary Youth Union Development Centre</value></Data><Data name="opening_hours"><value>Mo-Fr 08:00-18:30</value></Data><Data name="operator"><value>Lao People’s Revolutionary Youth Union</value></Data><Data name="phone"><value>02054858206</value></Data></ExtendedData><Point><coordinates>105.8022516,15.1228741</coordinates></Point></Placemark><Placemark><ExtendedData><Data name="@id"><value>node/5469050121</value></Data><Data name="addr:postcode"><value>85620</value></Data><Data name="addr:street"><value>4 B</value></Data><Data name="amenity"><value>school</value></Data><Data name="name:en"><value>Sommoungkhoun High School</value></Data><Data name="name:th"><value>ม.ส สมมุงคุณ</value></Data></ExtendedData><Point><coordinates>103.6556725,18.4860985</coordinates></Point></Placemark><Placemark><ExtendedData><Data name="@id"><value>node/5476260727</value></Data><Data name="amenity"><value>school</value></Data></ExtendedData><Point><coordinates>102.4435036,18.9864738</coordinates></Point></Placemark><Placemark><ExtendedData><Data name="@id"><value>node/5476260728</value></Data><Data name="amenity"><value>school</value></Data><Data name="name:en"><value>Glory language school</value></Data></ExtendedData><Point><coordinates>102.6341521,17.9629925</coordinates></Point></Placemark><Placemark><ExtendedData><Data name="@id"><value>node/5476286726</value></Data><Data name="amenity"><value>school</value></Data><Data name="name:en"><value>Logos college</value></Data></ExtendedData><Point><coordinates>102.633398,17.9892309</coordinates></Point></Placemark><Placemark><ExtendedData><Data name="@id"><value>node/5476286729</value></Data><Data name="amenity"><value>school</value></Data></ExtendedData><Point><coordinates>102.6362887,18.0415729</coordinates></Point></Placemark><Placemark><ExtendedData><Data name="@id"><value>node/5476289021</value></Data><Data name="amenity"><value>school</value></Data><Data name="name:en"><value>Lak10 elementary school</value></Data></ExtendedData><Point><coordinates>105.0194148,18.2483158</coordinates></Point></Placemark><Placemark><ExtendedData><Data name="@id"><value>node/5492739821</value></Data><Data name="amenity"><value>school</value></Data><Data name="name:en"><value>Houaykheuang Primary School</value></Data><Data name="name:th"><value>ໂຮງຮຽນປະຖົມບ້ານຫ້ວຍເຄືອງ</value></Data></ExtendedData><Point><coordinates>101.4012136,20.4909342</coordinates></Point></Placemark><Placemark><ExtendedData><Data name="@id"><value>node/5517629521</value></Data><Data name="amenity"><value>school</value></Data><Data name="name:en"><value>LOGO Academy</value></Data></ExtendedData><Point><coordinates>105.790025,15.130769</coordinates></Point></Placemark><Placemark><ExtendedData><Data name="@id"><value>node/5582072521</value></Data><Data name="amenity"><value>school</value></Data><Data name="name:en"><value>Mok Prai</value></Data><Data name="opening_hours"><value>Mo-Fr 08:30-16:00</value></Data><Data name="operator"><value>Lao Government</value></Data></ExtendedData><Point><coordinates>101.3757744,20.1397053</coordinates></Point></Placemark><Placemark><ExtendedData><Data name="@id"><value>node/5601119722</value></Data><Data name="amenity"><value>school</value></Data><Data name="name:en"><value>Ponseem School</value></Data></ExtendedData><Point><coordinates>104.8479642,16.6107203</coordinates></Point></Placemark><Placemark><ExtendedData><Data name="@id"><value>node/5601120021</value></Data><Data name="amenity"><value>school</value></Data><Data name="name:en"><value>Nongkalong</value></Data></ExtendedData><Point><coordinates>105.1015029,16.5586689</coordinates></Point></Placemark><Placemark><ExtendedData><Data name="@id"><value>node/5602588980</value></Data><Data name="amenity"><value>school</value></Data></ExtendedData><Point><coordinates>105.8271457,15.1120356</coordinates></Point></Placemark><Placemark><name>Sabpanya Bilingual School</name><ExtendedData><Data name="@id"><value>node/5619885588</value></Data><Data name="amenity"><value>school</value></Data><Data name="education"><value>school</value></Data><Data name="facebook"><value>https://www.facebook.com/sabpanya/</value></Data><Data name="name"><value>Sabpanya Bilingual School</value></Data></ExtendedData><Point><coordinates>102.5553495,17.9794046</coordinates></Point></Placemark><Placemark><ExtendedData><Data name="@id"><value>node/5773418753</value></Data><Data name="addr:street"><value>ໂນນແສງຈັນ</value></Data><Data name="amenity"><value>school</value></Data><Data name="name:en"><value>Nonseangjan scool ໂນນແສງຈັນ</value></Data></ExtendedData><Point><coordinates>102.6263663,18.0749985</coordinates></Point></Placemark><Placemark><ExtendedData><Data name="@id"><value>node/5853761386</value></Data><Data name="amenity"><value>school</value></Data><Data name="name:en"><value>Non-formal education center Viengmai Village</value></Data></ExtendedData><Point><coordinates>102.1451091,19.8840092</coordinates></Point></Placemark><Placemark><name>ARDA Skills Training Center</name><ExtendedData><Data name="@id"><value>node/5898043632</value></Data><Data name="amenity"><value>school</value></Data><Data name="name"><value>ARDA Skills Training Center</value></Data></ExtendedData><Point><coordinates>102.6196482,17.9132937</coordinates></Point></Placemark><Placemark><name>ໂຮງຮຽນປະຖົມສືກສາ ສົນບູນ ສະພັງມໍ້</name><ExtendedData><Data name="@id"><value>node/5902959000</value></Data><Data name="alt_name"><value>Saphangmo Primary School</value></Data><Data name="amenity"><value>school</value></Data><Data name="name"><value>ໂຮງຮຽນປະຖົມສືກສາ ສົນບູນ ສະພັງມໍ້</value></Data><Data name="name:en"><value>Spungmor Primary School</value></Data><Data name="name:lo"><value>ໂຮງຮຽນປະຖົມສືກສາ ສົນບູນ ສະພັງມໍ້</value></Data></ExtendedData><Point><coordinates>102.6335818,17.9628484</coordinates></Point></Placemark><Placemark><ExtendedData><Data name="@id"><value>node/5903453187</value></Data><Data name="amenity"><value>school</value></Data><Data name="name:en"><value>Fasay Garden</value></Data></ExtendedData><Point><coordinates>101.9979889,19.754262</coordinates></Point></Placemark><Placemark><ExtendedData><Data name="@id"><value>node/5909689885</value></Data><Data name="amenity"><value>school</value></Data></ExtendedData><Point><coordinates>106.5100342,16.2362269</coordinates></Point></Placemark><Placemark><ExtendedData><Data name="@id"><value>node/5909689985</value></Data><Data name="amenity"><value>school</value></Data></ExtendedData><Point><coordinates>106.5065948,16.2791227</coordinates></Point></Placemark><Placemark><ExtendedData><Data name="@id"><value>node/5996996981</value></Data><Data name="amenity"><value>school</value></Data></ExtendedData><Point><coordinates>102.7486521,18.2796692</coordinates></Point></Placemark><Placemark><name>Champasak Technical Vocational College</name><ExtendedData><Data name="@id"><value>node/5997561293</value></Data><Data name="amenity"><value>school</value></Data><Data name="check_date"><value>2026-03-08</value></Data><Data name="name"><value>Champasak Technical Vocational College</value></Data><Data name="name:en"><value>Champasak Technical Vocational College</value></Data></ExtendedData><Point><coordinates>105.798135,15.1176191</coordinates></Point></Placemark><Placemark><name>Public Transport Training Institute</name><ExtendedData><Data name="@id"><value>node/5997571786</value></Data><Data name="amenity"><value>school</value></Data><Data name="name"><value>Public Transport Training Institute</value></Data><Data name="short_name"><value>PTTI</value></Data></ExtendedData><Point><coordinates>102.7113154,17.883959</coordinates></Point></Placemark><Placemark><ExtendedData><Data name="@id"><value>node/6053730285</value></Data><Data name="amenity"><value>school</value></Data></ExtendedData><Point><coordinates>102.6931677,17.8798063</coordinates></Point></Placemark><Placemark><ExtendedData><Data name="@id"><value>node/6053913490</value></Data><Data name="amenity"><value>school</value></Data></ExtendedData><Point><coordinates>102.6335205,17.9577551</coordinates></Point></Placemark><Placemark><ExtendedData><Data name="@id"><value>node/6053960186</value></Data><Data name="amenity"><value>school</value></Data></ExtendedData><Point><coordinates>102.6355136,17.9740946</coordinates></Point></Placemark><Placemark><ExtendedData><Data name="@id"><value>node/6053961186</value></Data><Data name="amenity"><value>school</value></Data><Data name="education"><value>school</value></Data></ExtendedData><Point><coordinates>102.6264152,17.9734894</coordinates></Point></Placemark><Placemark><name>ໂຮງຮຽນປະຖົມສົມບູນທົ່ງຂັນຄຳ</name><ExtendedData><Data name="@id"><value>node/6053970086</value></Data><Data name="amenity"><value>school</value></Data><Data name="education"><value>school</value></Data><Data name="name"><value>ໂຮງຮຽນປະຖົມສົມບູນທົ່ງຂັນຄຳ</value></Data></ExtendedData><Point><coordinates>102.6077494,17.9726841</coordinates></Point></Placemark><Placemark><ExtendedData><Data name="@id"><value>node/6053973592</value></Data><Data name="amenity"><value>school</value></Data><Data name="education"><value>school</value></Data></ExtendedData><Point><coordinates>102.5921182,17.9764942</coordinates></Point></Placemark><Placemark><ExtendedData><Data name="@id"><value>node/6054003324</value></Data><Data name="amenity"><value>school</value></Data></ExtendedData><Point><coordinates>102.4569348,18.316498</coordinates></Point></Placemark><Placemark><ExtendedData><Data name="@id"><value>node/6054003395</value></Data><Data name="amenity"><value>school</value></Data><Data name="leisure"><value>playground</value></Data></ExtendedData><Point><coordinates>102.4265242,18.4134865</coordinates></Point></Placemark><Placemark><ExtendedData><Data name="@id"><value>node/6054003407</value></Data><Data name="amenity"><value>school</value></Data></ExtendedData><Point><coordinates>102.5315001,18.818355</coordinates></Point></Placemark><Placemark><ExtendedData><Data name="@id"><value>node/6054003443</value></Data><Data name="amenity"><value>school</value></Data></ExtendedData><Point><coordinates>102.1458956,19.8884983</coordinates></Point></Placemark><Placemark><ExtendedData><Data name="@id"><value>node/6054003499</value></Data><Data name="amenity"><value>school</value></Data><Data name="education"><value>school</value></Data></ExtendedData><Point><coordinates>102.6064652,17.9695631</coordinates></Point></Placemark><Placemark><ExtendedData><Data name="@id"><value>node/6054003547</value></Data><Data name="amenity"><value>school</value></Data></ExtendedData><Point><coordinates>102.4299516,19.0721243</coordinates></Point></Placemark><Placemark><ExtendedData><Data name="@id"><value>node/6054006387</value></Data><Data name="amenity"><value>school</value></Data></ExtendedData><Point><coordinates>102.5334499,18.854214</coordinates></Point></Placemark><Placemark><ExtendedData><Data name="@id"><value>node/6054009889</value></Data><Data name="amenity"><value>school</value></Data></ExtendedData><Point><coordinates>101.9822546,20.6858388</coordinates></Point></Placemark><Placemark><ExtendedData><Data name="@id"><value>node/6054032894</value></Data><Data name="amenity"><value>school</value></Data></ExtendedData><Point><coordinates>101.9930841,20.7032891</coordinates></Point></Placemark><Placemark><ExtendedData><Data name="@id"><value>node/6054034586</value></Data><Data name="amenity"><value>school</value></Data></ExtendedData><Point><coordinates>101.9921825,20.6904857</coordinates></Point></Placemark><Placemark><ExtendedData><Data name="@id"><value>node/6054034620</value></Data><Data name="amenity"><value>school</value></Data></ExtendedData><Point><coordinates>101.9852449,20.6955661</coordinates></Point></Placemark><Placemark><ExtendedData><Data name="@id"><value>node/6054035586</value></Data><Data name="amenity"><value>school</value></Data></ExtendedData><Point><coordinates>101.9927974,20.6885768</coordinates></Point></Placemark><Placemark><ExtendedData><Data name="@id"><value>node/6054036190</value></Data><Data name="amenity"><value>school</value></Data></ExtendedData><Point><coordinates>101.9902713,20.6905141</coordinates></Point></Placemark><Placemark><name>Pankeo School</name><ExtendedData><Data name="@id"><value>node/6072306176</value></Data><Data name="addr:city"><value>vientiane</value></Data><Data name="amenity"><value>school</value></Data><Data name="name"><value>Pankeo School</value></Data></ExtendedData><Point><coordinates>102.6578924,17.970073</coordinates></Point></Placemark><Placemark><ExtendedData><Data name="@id"><value>node/6154831285</value></Data><Data name="amenity"><value>school</value></Data><Data name="name:en"><value>Naluong primary school</value></Data></ExtendedData><Point><coordinates>102.6038215,20.6329953</coordinates></Point></Placemark><Placemark><name>Paksé Bilingual Primary School</name><ExtendedData><Data name="@id"><value>node/6192397636</value></Data><Data name="amenity"><value>school</value></Data><Data name="check_date"><value>2026-03-04</value></Data><Data name="name"><value>Paksé Bilingual Primary School</value></Data></ExtendedData><Point><coordinates>105.7976542,15.1160841</coordinates></Point></Placemark><Placemark><name>Phonxay Secondary Bilingual School</name><ExtendedData><Data name="@id"><value>node/6192397638</value></Data><Data name="amenity"><value>school</value></Data><Data name="name"><value>Phonxay Secondary Bilingual School</value></Data></ExtendedData><Point><coordinates>105.8052855,15.1201572</coordinates></Point></Placemark><Placemark><name>ETC Evening English School</name><ExtendedData><Data name="@id"><value>node/6192397639</value></Data><Data name="amenity"><value>school</value></Data><Data name="name"><value>ETC Evening English School</value></Data></ExtendedData><Point><coordinates>105.7995489,15.123224</coordinates></Point></Placemark><Placemark><name>Ban Thahin Primary School</name><ExtendedData><Data name="@id"><value>node/6194130409</value></Data><Data name="amenity"><value>school</value></Data><Data name="name"><value>Ban Thahin Primary School</value></Data></ExtendedData><Point><coordinates>105.7907079,15.1184314</coordinates></Point></Placemark><Placemark><name>Thipaneth School</name><ExtendedData><Data name="@id"><value>node/6194130470</value></Data><Data name="amenity"><value>school</value></Data><Data name="name"><value>Thipaneth School</value></Data></ExtendedData><Point><coordinates>105.8250829,15.1144433</coordinates></Point></Placemark><Placemark><ExtendedData><Data name="@id"><value>node/6197240287</value></Data><Data name="amenity"><value>school</value></Data><Data name="name:en"><value>BAN Vern primary school and secondary school</value></Data></ExtendedData><Point><coordinates>105.8419419,14.4597316</coordinates></Point></Placemark><Placemark><ExtendedData><Data name="@id"><value>node/6207559765</value></Data><Data name="amenity"><value>school</value></Data></ExtendedData><Point><coordinates>105.8116013,15.1144768</coordinates></Point></Placemark><Placemark><ExtendedData><Data name="@id"><value>node/6222474352</value></Data><Data name="amenity"><value>school</value></Data></ExtendedData><Point><coordinates>105.8897505,14.938753</coordinates></Point></Placemark><Placemark><name>ໂຮງຮຽນປະຖົມບ້ານສ້າງເວົຍ</name><ExtendedData><Data name="@id"><value>node/6231848722</value></Data><Data name="amenity"><value>school</value></Data><Data name="name"><value>ໂຮງຮຽນປະຖົມບ້ານສ້າງເວົຍ</value></Data><Data name="name:en"><value>Sangwei Primary School</value></Data><Data name="name:lo"><value>ໂຮງຮຽນປະຖົມບ້ານສ້າງເວົຍ</value></Data></ExtendedData><Point><coordinates>102.6254536,17.9191521</coordinates></Point></Placemark><Placemark><ExtendedData><Data name="@id"><value>node/6237842888</value></Data><Data name="amenity"><value>school</value></Data></ExtendedData><Point><coordinates>105.8274285,14.4896332</coordinates></Point></Placemark><Placemark><ExtendedData><Data name="@id"><value>node/6237842985</value></Data><Data name="amenity"><value>school</value></Data></ExtendedData><Point><coordinates>105.8322908,14.414547</coordinates></Point></Placemark><Placemark><ExtendedData><Data name="@id"><value>node/6245954273</value></Data><Data name="amenity"><value>school</value></Data></ExtendedData><Point><coordinates>102.6361441,17.9012684</coordinates></Point></Placemark><Placemark><ExtendedData><Data name="@id"><value>node/6245954707</value></Data><Data name="amenity"><value>school</value></Data></ExtendedData><Point><coordinates>102.6199777,17.9537077</coordinates></Point></Placemark><Placemark><ExtendedData><Data name="@id"><value>node/6249838168</value></Data><Data name="amenity"><value>school</value></Data></ExtendedData><Point><coordinates>102.2798181,18.0769897</coordinates></Point></Placemark><Placemark><ExtendedData><Data name="@id"><value>node/6251074485</value></Data><Data name="amenity"><value>school</value></Data><Data name="name:en"><value>Primary school</value></Data></ExtendedData><Point><coordinates>102.6098968,20.5696939</coordinates></Point></Placemark><Placemark><ExtendedData><Data name="@id"><value>node/6268171740</value></Data><Data name="amenity"><value>school</value></Data></ExtendedData><Point><coordinates>105.7814848,15.5196346</coordinates></Point></Placemark><Placemark><ExtendedData><Data name="@id"><value>node/6285338004</value></Data><Data name="amenity"><value>school</value></Data><Data name="name:en"><value>secondary and primary school</value></Data></ExtendedData><Point><coordinates>103.3733061,20.0882334</coordinates></Point></Placemark><Placemark><name>ໂຮງຮຽນສອນພາສາຈີນ</name><ExtendedData><Data name="@id"><value>node/6308072285</value></Data><Data name="amenity"><value>school</value></Data><Data name="name"><value>ໂຮງຮຽນສອນພາສາຈີນ</value></Data><Data name="name:en"><value>Chinese Language School</value></Data><Data name="name:lo"><value>ໂຮງຮຽນສອນພາສາຈີນ</value></Data></ExtendedData><Point><coordinates>102.6450733,18.0027928</coordinates></Point></Placemark><Placemark><name>Open Nakai Teaching English School</name><ExtendedData><Data name="@id"><value>node/6312025891</value></Data><Data name="addr:street"><value>1E Road, Oudomsouk village, Nakai district, Khammoune province,Laos</value></Data><Data name="amenity"><value>school</value></Data><Data name="email"><value>thondam2@gmail.com</value></Data><Data name="name"><value>Open Nakai Teaching English School</value></Data><Data name="name:en"><value>Open Nakai Teaching English School</value></Data><Data name="operator"><value>Thon</value></Data><Data name="phone"><value>+856 20 97876122;+856 30 5957551</value></Data></ExtendedData><Point><coordinates>105.1480774,17.7153597</coordinates></Point></Placemark><Placemark><name>ໂຮງຮຽນປະຖົມສົມບູນ ນີໄຊ</name><ExtendedData><Data name="@id"><value>node/6317615128</value></Data><Data name="amenity"><value>school</value></Data><Data name="education"><value>school</value></Data><Data name="name"><value>ໂຮງຮຽນປະຖົມສົມບູນ ນີໄຊ</value></Data><Data name="name:en"><value>Mixay Primary School</value></Data><Data name="name:lo"><value>ໂຮງຮຽນປະຖົມສົມບູນ ນີໄຊ</value></Data></ExtendedData><Point><coordinates>102.6052201,17.9649242</coordinates></Point></Placemark><Placemark><ExtendedData><Data name="@id"><value>node/6322379685</value></Data><Data name="amenity"><value>school</value></Data></ExtendedData><Point><coordinates>102.5197919,18.4392498</coordinates></Point></Placemark><Placemark><ExtendedData><Data name="@id"><value>node/6380095944</value></Data><Data name="amenity"><value>school</value></Data></ExtendedData><Point><coordinates>105.1533276,17.7133708</coordinates></Point></Placemark><Placemark><ExtendedData><Data name="@id"><value>node/6415856485</value></Data><Data name="amenity"><value>school</value></Data><Data name="name:en"><value>Bounvilay Kindergarten Primary School</value></Data></ExtendedData><Point><coordinates>102.4601329,18.4957212</coordinates></Point></Placemark><Placemark><ExtendedData><Data name="@id"><value>node/6584045847</value></Data><Data name="amenity"><value>school</value></Data></ExtendedData><Point><coordinates>101.4686054,20.662567</coordinates></Point></Placemark><Placemark><ExtendedData><Data name="@id"><value>node/6625402788</value></Data><Data name="amenity"><value>school</value></Data></ExtendedData><Point><coordinates>103.048103,18.1388074</coordinates></Point></Placemark><Placemark><ExtendedData><Data name="@id"><value>node/6627229386</value></Data><Data name="amenity"><value>school</value></Data><Data name="name:en"><value>Naphasouk Primary School</value></Data></ExtendedData><Point><coordinates>102.8368141,18.0541591</coordinates></Point></Placemark><Placemark><ExtendedData><Data name="@id"><value>node/6627267786</value></Data><Data name="amenity"><value>school</value></Data></ExtendedData><Point><coordinates>102.793024,18.0615341</coordinates></Point></Placemark><Placemark><ExtendedData><Data name="@id"><value>node/6642805390</value></Data><Data name="amenity"><value>school</value></Data></ExtendedData><Point><coordinates>106.1493172,15.1929091</coordinates></Point></Placemark><Placemark><ExtendedData><Data name="@id"><value>node/6645616288</value></Data><Data name="amenity"><value>school</value></Data></ExtendedData><Point><coordinates>106.2341296,15.1730202</coordinates></Point></Placemark><Placemark><ExtendedData><Data name="@id"><value>node/6645811887</value></Data><Data name="amenity"><value>school</value></Data></ExtendedData><Point><coordinates>105.9245067,15.1458533</coordinates></Point></Placemark><Placemark><ExtendedData><Data name="@id"><value>node/6645812086</value></Data><Data name="amenity"><value>school</value></Data></ExtendedData><Point><coordinates>105.951175,15.1592026</coordinates></Point></Placemark><Placemark><ExtendedData><Data name="@id"><value>node/6646367885</value></Data><Data name="amenity"><value>school</value></Data><Data name="name:en"><value>College de Khangnhou</value></Data></ExtendedData><Point><coordinates>105.882061,14.9669083</coordinates></Point></Placemark><Placemark><ExtendedData><Data name="@id"><value>node/6649157408</value></Data><Data name="amenity"><value>school</value></Data></ExtendedData><Point><coordinates>105.8852953,14.4258594</coordinates></Point></Placemark><Placemark><ExtendedData><Data name="@id"><value>node/6649163988</value></Data><Data name="amenity"><value>school</value></Data><Data name="name:en"><value>secondary school</value></Data></ExtendedData><Point><coordinates>105.9088305,14.9960799</coordinates></Point></Placemark><Placemark><ExtendedData><Data name="@id"><value>node/6649168197</value></Data><Data name="amenity"><value>school</value></Data></ExtendedData><Point><coordinates>105.90402,14.6439684</coordinates></Point></Placemark><Placemark><ExtendedData><Data name="@id"><value>node/6649168886</value></Data><Data name="amenity"><value>school</value></Data></ExtendedData><Point><coordinates>105.8735872,14.1134347</coordinates></Point></Placemark><Placemark><ExtendedData><Data name="@id"><value>node/6652569388</value></Data><Data name="amenity"><value>school</value></Data></ExtendedData><Point><coordinates>105.9240363,13.9817168</coordinates></Point></Placemark><Placemark><ExtendedData><Data name="@id"><value>node/6652791086</value></Data><Data name="amenity"><value>school</value></Data></ExtendedData><Point><coordinates>105.9472317,13.9397115</coordinates></Point></Placemark><Placemark><ExtendedData><Data name="@id"><value>node/6654570699</value></Data><Data name="amenity"><value>school</value></Data></ExtendedData><Point><coordinates>105.9088588,14.1967703</coordinates></Point></Placemark><Placemark><ExtendedData><Data name="@id"><value>node/6654574298</value></Data><Data name="amenity"><value>school</value></Data></ExtendedData><Point><coordinates>105.9530354,14.8336199</coordinates></Point></Placemark><Placemark><ExtendedData><Data name="@id"><value>node/6654574304</value></Data><Data name="amenity"><value>school</value></Data></ExtendedData><Point><coordinates>105.9336554,14.9008613</coordinates></Point></Placemark><Placemark><name>ໂຮງຮຽນປະຖົມຈອມເພັດ</name><ExtendedData><Data name="@id"><value>node/6655577785</value></Data><Data name="amenity"><value>school</value></Data><Data name="name"><value>ໂຮງຮຽນປະຖົມຈອມເພັດ</value></Data><Data name="name:en"><value>Primary School</value></Data><Data name="name:lo"><value>ໂຮງຮຽນປະຖົມຈອມເພັດ</value></Data></ExtendedData><Point><coordinates>104.9843618,16.6720832</coordinates></Point></Placemark><Placemark><name>ໂຮງຮຽນປະຖົມ ວົງພັນສີ</name><ExtendedData><Data name="@id"><value>node/6655584185</value></Data><Data name="amenity"><value>school</value></Data><Data name="name"><value>ໂຮງຮຽນປະຖົມ ວົງພັນສີ</value></Data><Data name="name:en"><value>Primary School</value></Data><Data name="name:lo"><value>ໂຮງຮຽນປະຖົມ ວົງພັນສີ</value></Data></ExtendedData><Point><coordinates>104.9813432,16.6768642</coordinates></Point></Placemark><Placemark><name>ໂຮງຮຽນປະຖົມ ມະນີວົງໄຊ</name><ExtendedData><Data name="@id"><value>node/6655590085</value></Data><Data name="amenity"><value>school</value></Data><Data name="name"><value>ໂຮງຮຽນປະຖົມ ມະນີວົງໄຊ</value></Data><Data name="name:en"><value>Manivongxay Primary School</value></Data><Data name="name:lo"><value>ໂຮງຮຽນປະຖົມ ມະນີວົງໄຊ</value></Data></ExtendedData><Point><coordinates>104.9901791,16.6791633</coordinates></Point></Placemark><Placemark><name>ໂຮງຮຽນປະຖົມ ໄຊຍະເພັດ</name><ExtendedData><Data name="@id"><value>node/6655614085</value></Data><Data name="amenity"><value>school</value></Data><Data name="name"><value>ໂຮງຮຽນປະຖົມ ໄຊຍະເພັດ</value></Data><Data name="name:en"><value>Xaynyaphet Primary School</value></Data><Data name="name:lo"><value>ໂຮງຮຽນປະຖົມ ໄຊຍະເພັດ</value></Data></ExtendedData><Point><coordinates>104.9996917,16.6803625</coordinates></Point></Placemark><Placemark><name>ໂຮງຮຽນ ມສ ເຊໂນ 2</name><ExtendedData><Data name="@id"><value>node/6655614086</value></Data><Data name="amenity"><value>school</value></Data><Data name="name"><value>ໂຮງຮຽນ ມສ ເຊໂນ 2</value></Data><Data name="name:lo"><value>ໂຮງຮຽນ ມສ ເຊໂນ 2</value></Data></ExtendedData><Point><coordinates>104.9983957,16.6808749</coordinates></Point></Placemark><Placemark><name>ໂຮງຮຽນປະຖົມ ໄຊຍະມົງຄຸນ</name><ExtendedData><Data name="@id"><value>node/6655640585</value></Data><Data name="amenity"><value>school</value></Data><Data name="name"><value>ໂຮງຮຽນປະຖົມ ໄຊຍະມົງຄຸນ</value></Data><Data name="name:en"><value>Xaynyamongkhoun Primary School</value></Data><Data name="name:lo"><value>ໂຮງຮຽນປະຖົມ ໄຊຍະມົງຄຸນ</value></Data></ExtendedData><Point><coordinates>104.9591541,16.6777933</coordinates></Point></Placemark><Placemark><ExtendedData><Data name="@id"><value>node/6690162529</value></Data><Data name="amenity"><value>school</value></Data></ExtendedData><Point><coordinates>105.1935929,16.5862592</coordinates></Point></Placemark><Placemark><ExtendedData><Data name="@id"><value>node/6702674186</value></Data><Data name="amenity"><value>school</value></Data></ExtendedData><Point><coordinates>105.8003378,15.6554407</coordinates></Point></Placemark><Placemark><ExtendedData><Data name="@id"><value>node/6758189385</value></Data><Data name="amenity"><value>school</value></Data><Data name="name:en"><value>ໂຮງຮຽນ ປກສ ຫຼັກ 62</value></Data></ExtendedData><Point><coordinates>102.4144318,18.4367323</coordinates></Point></Placemark><Placemark><name>Lao IT Service</name><ExtendedData><Data name="@id"><value>node/6796964186</value></Data><Data name="addr:street"><value>ຖະຫນົນ ເຈົ້າອານຸ</value></Data><Data name="amenity"><value>school</value></Data><Data name="email"><value>laoitserv@gmail.com</value></Data><Data name="internet_access"><value>wlan</value></Data><Data name="name"><value>Lao IT Service</value></Data><Data name="name:en"><value>Lao IT Service</value></Data><Data name="opening_hours"><value>Mo-Sa 09:00-18:00</value></Data><Data name="phone"><value>+856 20 77615355</value></Data><Data name="website"><value>https://laoitserv.com/</value></Data></ExtendedData><Point><coordinates>102.6203,18.0277244</coordinates></Point></Placemark><Placemark><ExtendedData><Data name="@id"><value>node/6818636697</value></Data><Data name="amenity"><value>school</value></Data><Data name="name:en"><value>Hadxaikhao Primary School</value></Data></ExtendedData><Point><coordinates>102.6359363,17.9069913</coordinates></Point></Placemark><Placemark><ExtendedData><Data name="@id"><value>node/6821891946</value></Data><Data name="amenity"><value>school</value></Data></ExtendedData><Point><coordinates>101.5834267,20.345049</coordinates></Point></Placemark><Placemark><name>NK English School Office</name><ExtendedData><Data name="@id"><value>node/6934824585</value></Data><Data name="amenity"><value>school</value></Data><Data name="name"><value>NK English School Office</value></Data><Data name="survey:date"><value>2025-01-19</value></Data></ExtendedData><Point><coordinates>102.613142,20.5717416</coordinates></Point></Placemark><Placemark><ExtendedData><Data name="@id"><value>node/7063354186</value></Data><Data name="amenity"><value>school</value></Data><Data name="name:en"><value>Houay Bo Primary School</value></Data><Data name="opening_hours"><value>Mo-Fr 08:00-11:00, 13:00-16:00</value></Data></ExtendedData><Point><coordinates>102.7110429,20.6802948</coordinates></Point></Placemark><Placemark><name>Lao-Korean College</name><ExtendedData><Data name="@id"><value>node/7108422585</value></Data><Data name="amenity"><value>school</value></Data><Data name="name"><value>Lao-Korean College</value></Data><Data name="name:en"><value>Lao-Korean College</value></Data><Data name="name:ko"><value>라오-코리안 대학</value></Data></ExtendedData><Point><coordinates>102.5275685,17.9937697</coordinates></Point></Placemark><Placemark><ExtendedData><Data name="@id"><value>node/7808936585</value></Data><Data name="amenity"><value>school</value></Data><Data name="name:en"><value>ໂຮງຮຽນວັດທະນະທໍາຫຼັກ 67</value></Data></ExtendedData><Point><coordinates>102.4283413,18.4545103</coordinates></Point></Placemark><Placemark><name>Ban Khone Lay Primary School</name><ExtendedData><Data name="@id"><value>node/7855633767</value></Data><Data name="amenity"><value>school</value></Data><Data name="name"><value>Ban Khone Lay Primary School</value></Data></ExtendedData><Point><coordinates>105.8320451,15.0786005</coordinates></Point></Placemark><Placemark><name>ICT Training And Development Center</name><ExtendedData><Data name="@id"><value>node/8445519813</value></Data><Data name="addr:street"><value>Khamphengmeung</value></Data><Data name="amenity"><value>school</value></Data><Data name="name"><value>ICT Training And Development Center</value></Data></ExtendedData><Point><coordinates>102.6433697,17.9510601</coordinates></Point></Placemark><Placemark><name>ໂຮງຮຽນປະຖົມສົມບູນບ້ານໂພນສະຫວາດ</name><ExtendedData><Data name="@id"><value>node/8482211117</value></Data><Data name="amenity"><value>school</value></Data><Data name="name"><value>ໂຮງຮຽນປະຖົມສົມບູນບ້ານໂພນສະຫວາດ</value></Data><Data name="name:en"><value>Phonsavat Elementary school</value></Data><Data name="name:th"><value>โรงเรียนประถมศึกษา บ้านโพนสะหวาด</value></Data></ExtendedData><Point><coordinates>102.4633542,18.4961347</coordinates></Point></Placemark><Placemark><name>ໂຮງຮຽນມັດທະຍົມນາເຫຼົ່າ</name><ExtendedData><Data name="@id"><value>node/8482425917</value></Data><Data name="amenity"><value>school</value></Data><Data name="name"><value>ໂຮງຮຽນມັດທະຍົມນາເຫຼົ່າ</value></Data><Data name="name:en"><value>Nalao Secondary school</value></Data><Data name="name:th"><value>โรงเรียนมัธยมนาเหล่า</value></Data></ExtendedData><Point><coordinates>102.4672746,18.4967447</coordinates></Point></Placemark><Placemark><ExtendedData><Data name="@id"><value>node/8515938817</value></Data><Data name="amenity"><value>school</value></Data><Data name="name:en"><value>ມັດທະຍົມຕົ້ນພູແຊ</value></Data></ExtendedData><Point><coordinates>101.2744078,20.0881976</coordinates></Point></Placemark><Placemark><ExtendedData><Data name="@id"><value>node/8535842217</value></Data><Data name="amenity"><value>school</value></Data><Data name="name:en"><value>Khangdone primary school</value></Data></ExtendedData><Point><coordinates>103.4056958,19.5592575</coordinates></Point></Placemark><Placemark><ExtendedData><Data name="@id"><value>node/8597169117</value></Data><Data name="amenity"><value>school</value></Data><Data name="name:en"><value>Nasala kindergarten</value></Data></ExtendedData><Point><coordinates>103.438921,19.5936605</coordinates></Point></Placemark><Placemark><ExtendedData><Data name="@id"><value>node/8597169217</value></Data><Data name="amenity"><value>school</value></Data><Data name="name:en"><value>Nasala primary school</value></Data></ExtendedData><Point><coordinates>103.4442113,19.594251</coordinates></Point></Placemark><Placemark><ExtendedData><Data name="@id"><value>node/9454371917</value></Data><Data name="amenity"><value>school</value></Data><Data name="name:en"><value>Bouak Kip school</value></Data></ExtendedData><Point><coordinates>103.4293103,19.5860456</coordinates></Point></Placemark><Placemark><ExtendedData><Data name="@id"><value>node/9488480017</value></Data><Data name="amenity"><value>school</value></Data><Data name="name:en"><value>Pakhom school</value></Data></ExtendedData><Point><coordinates>103.4930667,19.5666259</coordinates></Point></Placemark><Placemark><ExtendedData><Data name="@id"><value>node/9512522717</value></Data><Data name="amenity"><value>school</value></Data><Data name="name:en"><value>Lartthern school</value></Data></ExtendedData><Point><coordinates>103.3546801,19.5621747</coordinates></Point></Placemark><Placemark><name>Lycée Français International de Vientiane Josué Hoffet</name><ExtendedData><Data name="@id"><value>node/9584771411</value></Data><Data name="addr:city"><value>Ban Hadxaykhao</value></Data><Data name="amenity"><value>school</value></Data><Data name="email"><value>secretariat@lfiv.org</value></Data><Data name="grades"><value>1 to 13</value></Data><Data name="internet_access"><value>yes</value></Data><Data name="name"><value>Lycée Français International de Vientiane Josué Hoffet</value></Data><Data name="operator"><value>Association des parents d'élèves</value></Data><Data name="operator:type"><value>public</value></Data><Data name="phone"><value>+85621227227</value></Data><Data name="religion"><value>none</value></Data><Data name="website"><value>https://lyceehoffet.org</value></Data><Data name="wheelchair"><value>yes</value></Data></ExtendedData><Point><coordinates>102.6373479,17.9112483</coordinates></Point></Placemark><Placemark><ExtendedData><Data name="@id"><value>node/9728481317</value></Data><Data name="amenity"><value>school</value></Data><Data name="name:en"><value>Phan school</value></Data></ExtendedData><Point><coordinates>103.0519122,19.383241</coordinates></Point></Placemark><Placemark><name>ໂຮງຮຽນມັດທະຍົມຕອນຕົ້ນໂພນໄຊ</name><ExtendedData><Data name="@id"><value>node/10132226593</value></Data><Data name="amenity"><value>school</value></Data><Data name="name"><value>ໂຮງຮຽນມັດທະຍົມຕອນຕົ້ນໂພນໄຊ</value></Data><Data name="name:en"><value>Phonexay Lower Secondary School</value></Data><Data name="name:lo"><value>ໂຮງຮຽນມັດທະຍົມຕອນຕົ້ນໂພນໄຊ</value></Data></ExtendedData><Point><coordinates>101.5890717,20.2559385</coordinates></Point></Placemark><Placemark><name>ໂຮງຮຽນປະຖົມສົມບູນໂພນໄຊ</name><ExtendedData><Data name="@id"><value>node/10132226594</value></Data><Data name="amenity"><value>school</value></Data><Data name="name"><value>ໂຮງຮຽນປະຖົມສົມບູນໂພນໄຊ</value></Data><Data name="name:en"><value>Phonexay Primary School</value></Data><Data name="name:lo"><value>ໂຮງຮຽນປະຖົມສົມບູນໂພນໄຊ</value></Data></ExtendedData><Point><coordinates>101.5895089,20.2564769</coordinates></Point></Placemark><Placemark><name>ໂຮງຮຽນ ມສ ເມືອແບງ</name><ExtendedData><Data name="@id"><value>node/10142039243</value></Data><Data name="amenity"><value>school</value></Data><Data name="name"><value>ໂຮງຮຽນ ມສ ເມືອແບງ</value></Data></ExtendedData><Point><coordinates>101.6394507,20.2959588</coordinates></Point></Placemark><Placemark><name>ໂຮງຮຽນ ປະຖົມ ແລະ ມັດທະຍົມຕົ້ນ ມົກພອດ</name><ExtendedData><Data name="@id"><value>node/10142076167</value></Data><Data name="amenity"><value>school</value></Data><Data name="name"><value>ໂຮງຮຽນ ປະຖົມ ແລະ ມັດທະຍົມຕົ້ນ ມົກພອດ</value></Data><Data name="name:en"><value>Mokphot Primary &amp; Lower Secondary School</value></Data></ExtendedData><Point><coordinates>101.6107714,20.1238875</coordinates></Point></Placemark><Placemark><name>Mok Pon School</name><ExtendedData><Data name="@id"><value>node/10279127870</value></Data><Data name="amenity"><value>school</value></Data><Data name="name"><value>Mok Pon School</value></Data></ExtendedData><Point><coordinates>100.9831006,20.050149</coordinates></Point></Placemark><Placemark><ExtendedData><Data name="@id"><value>node/10290632353</value></Data><Data name="amenity"><value>school</value></Data><Data name="name:en"><value>Namuang School</value></Data><Data name="operator:type"><value>public</value></Data></ExtendedData><Point><coordinates>102.3894857,18.8923085</coordinates></Point></Placemark><Placemark><name>Sunshine School</name><ExtendedData><Data name="@id"><value>node/10299657114</value></Data><Data name="amenity"><value>school</value></Data><Data name="name"><value>Sunshine School</value></Data></ExtendedData><Point><coordinates>105.83054,15.0974186</coordinates></Point></Placemark><Placemark><ExtendedData><Data name="@id"><value>node/10302224161</value></Data><Data name="amenity"><value>school</value></Data></ExtendedData><Point><coordinates>101.9792827,18.5581365</coordinates></Point></Placemark><Placemark><name>Vithaya School</name><ExtendedData><Data name="@id"><value>node/10304379624</value></Data><Data name="amenity"><value>school</value></Data><Data name="name"><value>Vithaya School</value></Data></ExtendedData><Point><coordinates>102.6412483,17.9499891</coordinates></Point></Placemark><Placemark><ExtendedData><Data name="@id"><value>node/10566673309</value></Data><Data name="amenity"><value>school</value></Data></ExtendedData><Point><coordinates>103.668744,18.3933509</coordinates></Point></Placemark><Placemark><ExtendedData><Data name="@id"><value>node/10682500077</value></Data><Data name="amenity"><value>school</value></Data></ExtendedData><Point><coordinates>102.2173466,20.0576665</coordinates></Point></Placemark><Placemark><ExtendedData><Data name="@id"><value>node/10682733575</value></Data><Data name="amenity"><value>school</value></Data></ExtendedData><Point><coordinates>102.2150244,20.0556287</coordinates></Point></Placemark><Placemark><ExtendedData><Data name="@id"><value>node/11282777269</value></Data><Data name="amenity"><value>school</value></Data><Data name="education"><value>school</value></Data><Data name="name:en"><value>Mulan Education Center</value></Data></ExtendedData><Point><coordinates>102.6162903,17.9717466</coordinates></Point></Placemark><Placemark><name>Natandong</name><ExtendedData><Data name="@id"><value>node/11442926569</value></Data><Data name="amenity"><value>school</value></Data><Data name="name"><value>Natandong</value></Data><Data name="name:en"><value>Natandong</value></Data><Data name="name:th"><value>ນາຕານດົງ</value></Data></ExtendedData><Point><coordinates>105.9081535,15.5628449</coordinates></Point></Placemark><Placemark><ExtendedData><Data name="@id"><value>node/11789266650</value></Data><Data name="amenity"><value>school</value></Data></ExtendedData><Point><coordinates>102.7133732,20.696844</coordinates></Point></Placemark><Placemark><name>Phonesavanh School</name><ExtendedData><Data name="@id"><value>node/11989707117</value></Data><Data name="amenity"><value>school</value></Data><Data name="name"><value>Phonesavanh School</value></Data></ExtendedData><Point><coordinates>102.6381708,18.0339601</coordinates></Point></Placemark><Placemark><name>Achievers School</name><ExtendedData><Data name="@id"><value>node/12006749269</value></Data><Data name="addr:postcode"><value>01170</value></Data><Data name="addr:street"><value>Avenue Kaysone Phomvihane</value></Data><Data name="amenity"><value>school</value></Data><Data name="contact:facebook"><value>achieverslaos</value></Data><Data name="email"><value>contact@achieverslaos.com</value></Data><Data name="name"><value>Achievers School</value></Data><Data name="opening_hours"><value>Mo-Fr 08:00-17:00</value></Data><Data name="phone"><value>+8562029463519</value></Data><Data name="website"><value>https://achieverslaos.com</value></Data></ExtendedData><Point><coordinates>102.65798,18.0430317</coordinates></Point></Placemark><Placemark><ExtendedData><Data name="@id"><value>node/12213728212</value></Data><Data name="amenity"><value>school</value></Data><Data name="survey:date"><value>2024-10-01</value></Data></ExtendedData><Point><coordinates>104.7080936,18.2334201</coordinates></Point></Placemark><Placemark><name>ໂຮງຮຽນ ປະຖົມ ນາງລອຍຫາງ</name><ExtendedData><Data name="@id"><value>node/12360334401</value></Data><Data name="amenity"><value>school</value></Data><Data name="name"><value>ໂຮງຮຽນ ປະຖົມ ນາງລອຍຫາງ</value></Data></ExtendedData><Point><coordinates>105.8504796,14.4044319</coordinates></Point></Placemark><Placemark><ExtendedData><Data name="@id"><value>node/12401537866</value></Data><Data name="amenity"><value>school</value></Data></ExtendedData><Point><coordinates>102.4186975,18.43482</coordinates></Point></Placemark><Placemark><ExtendedData><Data name="@id"><value>node/12514849362</value></Data><Data name="amenity"><value>school</value></Data></ExtendedData><Point><coordinates>105.658967,15.0966418</coordinates></Point></Placemark><Placemark><ExtendedData><Data name="@id"><value>node/12515701151</value></Data><Data name="amenity"><value>school</value></Data></ExtendedData><Point><coordinates>105.642221,15.123442</coordinates></Point></Placemark><Placemark><ExtendedData><Data name="@id"><value>node/12516638201</value></Data><Data name="amenity"><value>school</value></Data></ExtendedData><Point><coordinates>105.5780743,15.1570919</coordinates></Point></Placemark><Placemark><ExtendedData><Data name="@id"><value>node/12516780662</value></Data><Data name="amenity"><value>school</value></Data></ExtendedData><Point><coordinates>105.5014472,15.1354638</coordinates></Point></Placemark><Placemark><ExtendedData><Data name="@id"><value>node/12517046409</value></Data><Data name="amenity"><value>school</value></Data></ExtendedData><Point><coordinates>105.7719338,15.1063094</coordinates></Point></Placemark><Placemark><ExtendedData><Data name="@id"><value>node/12535920501</value></Data><Data name="amenity"><value>school</value></Data></ExtendedData><Point><coordinates>102.5278417,21.070992</coordinates></Point></Placemark><Placemark><ExtendedData><Data name="@id"><value>node/12597700504</value></Data><Data name="amenity"><value>school</value></Data></ExtendedData><Point><coordinates>106.4199527,15.7178698</coordinates></Point></Placemark><Placemark><name>Simisay primary school</name><ExtendedData><Data name="@id"><value>node/12597727901</value></Data><Data name="amenity"><value>school</value></Data><Data name="name"><value>Simisay primary school</value></Data></ExtendedData><Point><coordinates>106.4177318,15.7157787</coordinates></Point></Placemark><Placemark><ExtendedData><Data name="@id"><value>node/12606437603</value></Data><Data name="amenity"><value>school</value></Data></ExtendedData><Point><coordinates>106.3843088,15.3906829</coordinates></Point></Placemark><Placemark><ExtendedData><Data name="@id"><value>node/12606619602</value></Data><Data name="amenity"><value>school</value></Data></ExtendedData><Point><coordinates>106.4133882,15.7161939</coordinates></Point></Placemark><Placemark><ExtendedData><Data name="@id"><value>node/12606619707</value></Data><Data name="amenity"><value>school</value></Data></ExtendedData><Point><coordinates>106.426615,15.7168368</coordinates></Point></Placemark><Placemark><ExtendedData><Data name="@id"><value>node/12609353106</value></Data><Data name="amenity"><value>school</value></Data></ExtendedData><Point><coordinates>106.5345282,15.9613464</coordinates></Point></Placemark><Placemark><ExtendedData><Data name="@id"><value>node/12609353904</value></Data><Data name="amenity"><value>school</value></Data></ExtendedData><Point><coordinates>106.6931292,16.1457879</coordinates></Point></Placemark><Placemark><ExtendedData><Data name="@id"><value>node/12609357402</value></Data><Data name="amenity"><value>school</value></Data></ExtendedData><Point><coordinates>106.6927191,16.1659923</coordinates></Point></Placemark><Placemark><ExtendedData><Data name="@id"><value>node/12609357404</value></Data><Data name="amenity"><value>school</value></Data></ExtendedData><Point><coordinates>106.8842703,16.2744906</coordinates></Point></Placemark><Placemark><ExtendedData><Data name="@id"><value>node/12609359514</value></Data><Data name="amenity"><value>school</value></Data></ExtendedData><Point><coordinates>106.8847898,16.2576244</coordinates></Point></Placemark><Placemark><ExtendedData><Data name="@id"><value>node/12609367801</value></Data><Data name="amenity"><value>school</value></Data></ExtendedData><Point><coordinates>106.8010992,16.2472396</coordinates></Point></Placemark><Placemark><ExtendedData><Data name="@id"><value>node/12609623862</value></Data><Data name="amenity"><value>school</value></Data></ExtendedData><Point><coordinates>106.4298732,15.9418393</coordinates></Point></Placemark><Placemark><ExtendedData><Data name="@id"><value>node/12609659202</value></Data><Data name="amenity"><value>school</value></Data></ExtendedData><Point><coordinates>106.8902432,16.2957815</coordinates></Point></Placemark><Placemark><ExtendedData><Data name="@id"><value>node/12611691602</value></Data><Data name="amenity"><value>school</value></Data></ExtendedData><Point><coordinates>106.9339824,16.2966865</coordinates></Point></Placemark><Placemark><ExtendedData><Data name="@id"><value>node/13161602801</value></Data><Data name="amenity"><value>school</value></Data></ExtendedData><Point><coordinates>104.7513892,17.9594252</coordinates></Point></Placemark><Placemark><ExtendedData><Data name="@id"><value>node/13302973001</value></Data><Data name="amenity"><value>school</value></Data></ExtendedData><Point><coordinates>101.3037352,21.1490906</coordinates></Point></Placemark><Placemark><name>Tha Phao Primary School</name><ExtendedData><Data name="@id"><value>node/13399227911</value></Data><Data name="amenity"><value>school</value></Data><Data name="name"><value>Tha Phao Primary School</value></Data></ExtendedData><Point><coordinates>105.8692561,14.0296332</coordinates></Point></Placemark><Placemark><ExtendedData><Data name="@id"><value>node/13410062402</value></Data><Data name="amenity"><value>school</value></Data><Data name="name:en"><value>Ban Xieng Man primary school</value></Data></ExtendedData><Point><coordinates>102.1318618,19.8975978</coordinates></Point></Placemark><Placemark><name>ໂຮງຮຽນ ມັດທະຍົມສົມບູນ ວິຣະຖາວອນ</name><ExtendedData><Data name="@id"><value>node/13731202746</value></Data><Data name="amenity"><value>school</value></Data><Data name="education"><value>school</value></Data><Data name="name"><value>ໂຮງຮຽນ ມັດທະຍົມສົມບູນ ວິຣະຖາວອນ</value></Data><Data name="name:en"><value>Virathavone Secondary School</value></Data><Data name="name:lo"><value>ໂຮງຮຽນ ມັດທະຍົມສົມບູນ ວິຣະຖາວອນ</value></Data></ExtendedData><Point><coordinates>102.6217599,17.9124091</coordinates></Point></Placemark><Placemark><name>Virathavone Academy</name><ExtendedData><Data name="@id"><value>node/13731202747</value></Data><Data name="amenity"><value>school</value></Data><Data name="education"><value>school</value></Data><Data name="name"><value>Virathavone Academy</value></Data></ExtendedData><Point><coordinates>102.620358,17.9150427</coordinates></Point></Placemark><Placemark><name>Mulan Chinese Center Virathavone branch</name><ExtendedData><Data name="@id"><value>node/13731202748</value></Data><Data name="amenity"><value>school</value></Data><Data name="education"><value>school</value></Data><Data name="name"><value>Mulan Chinese Center Virathavone branch</value></Data></ExtendedData><Point><coordinates>102.6203293,17.9150413</coordinates></Point></Placemark><Placemark><name>ໂຮງຮຽນສາມັນກິນນອນຊົນເຜົ່າ ແຂວງຫົວພັນ</name><ExtendedData><Data name="@id"><value>node/13922205916</value></Data><Data name="amenity"><value>school</value></Data><Data name="name"><value>ໂຮງຮຽນສາມັນກິນນອນຊົນເຜົ່າ ແຂວງຫົວພັນ</value></Data></ExtendedData><Point><coordinates>104.2225944,20.4223817</coordinates></Point></Placemark><Placemark><name>ໂຮງຮຽນ ມັດຖະຍົມຕອນຕົ້ນ ພັນຫຼວງ</name><ExtendedData><Data name="@id"><value>node/13925516765</value></Data><Data name="amenity"><value>school</value></Data><Data name="education"><value>school</value></Data><Data name="name"><value>ໂຮງຮຽນ ມັດຖະຍົມຕອນຕົ້ນ ພັນຫຼວງ</value></Data></ExtendedData><Point><coordinates>102.1472824,19.8890847</coordinates></Point></Placemark></Document></kml>